<?xml version="1.0"?>
<!DOCTYPE pathway SYSTEM "https://www.kegg.jp/kegg/xml/KGML_v0.7.2_.dtd">
<!-- Creation date: May 18, 2023 16:07:22 +0900 (GMT+9) -->
<pathway name="path:mmu04020" org="mmu" number="04020"
         title="Calcium signaling pathway"
         image="https://www.kegg.jp/kegg/pathway/mmu/mmu04020.png"
         link="https://www.kegg.jp/kegg-bin/show_pathway?mmu04020">
    <entry id="23" name="path:mmu04730" type="map"
        link="https://www.kegg.jp/dbget-bin/www_bget?mmu04730">
        <graphics name="Long-term depression" fgcolor="#000000" bgcolor="#FFFFFF"
             type="roundrectangle" x="1086" y="501" width="141" height="25"/>
    </entry>
    <entry id="24" name="path:mmu04720" type="map"
        link="https://www.kegg.jp/dbget-bin/www_bget?mmu04720">
        <graphics name="Long-term potentiation" fgcolor="#000000" bgcolor="#FFFFFF"
             type="roundrectangle" x="1086" y="470" width="141" height="25"/>
    </entry>
    <entry id="25" name="path:mmu04070" type="map"
        link="https://www.kegg.jp/dbget-bin/www_bget?mmu04070">
        <graphics name="Phosphatidylinositol signaling system" fgcolor="#000000" bgcolor="#FFFFFF"
             type="roundrectangle" x="1086" y="571" width="127" height="34"/>
    </entry>
    <entry id="26" name="path:mmu04210" type="map"
        link="https://www.kegg.jp/dbget-bin/www_bget?mmu04210">
        <graphics name="Apoptosis" fgcolor="#000000" bgcolor="#FFFFFF"
             type="roundrectangle" x="1085" y="365" width="78" height="25"/>
    </entry>
    <entry id="27" name="path:mmu04010" type="map"
        link="https://www.kegg.jp/dbget-bin/www_bget?mmu04010">
        <graphics name="MAPK signaling pathway" fgcolor="#000000" bgcolor="#FFFFFF"
             type="roundrectangle" x="1086" y="434" width="108" height="34"/>
    </entry>
    <entry id="28" name="mmu:228550 mmu:233011 mmu:320404" type="gene"
        link="https://www.kegg.jp/dbget-bin/www_bget?mmu:228550+mmu:233011+mmu:320404">
        <graphics name="Itpka..." fgcolor="#000000" bgcolor="#BFFFBF"
             type="rectangle" x="888" y="603" width="46" height="17"/>
    </entry>
    <entry id="29" name="mmu:104111 mmu:11514 mmu:432530" type="gene"
        link="https://www.kegg.jp/dbget-bin/www_bget?mmu:104111+mmu:11514+mmu:432530">
        <graphics name="Adcy3, AC3, ACIII, mKIAA0511..." fgcolor="#000000" bgcolor="#BFFFBF"
             type="rectangle" x="888" y="483" width="46" height="17"/>
    </entry>
    <entry id="30" name="mmu:18573 mmu:18574 mmu:18575" type="gene"
        link="https://www.kegg.jp/dbget-bin/www_bget?mmu:18573+mmu:18574+mmu:18575">
        <graphics name="Pde1a..." fgcolor="#000000" bgcolor="#BFFFBF"
             type="rectangle" x="888" y="508" width="46" height="17"/>
    </entry>
    <entry id="31" name="mmu:18125 mmu:18126 mmu:18127" type="gene"
        link="https://www.kegg.jp/dbget-bin/www_bget?mmu:18125+mmu:18126+mmu:18127">
        <graphics name="Nos1, 2310005C01Rik, N-NOS, NC-NOS, NO, NOS, NOS-I, Nos-1, bNOS, nNOS..." fgcolor="#000000" bgcolor="#BFFFBF"
             type="rectangle" x="888" y="449" width="46" height="17"/>
    </entry>
    <entry id="32" name="mmu:22333 mmu:22334 mmu:22335" type="gene"
        link="https://www.kegg.jp/dbget-bin/www_bget?mmu:22333+mmu:22334+mmu:22335">
        <graphics name="Vdac1, Vdac5, mVDAC1, mVDAC5..." fgcolor="#000000" bgcolor="#BFFFBF"
             type="rectangle" x="847" y="193" width="46" height="17"/>
    </entry>
    <entry id="33" name="mmu:105675" type="gene"
        link="https://www.kegg.jp/dbget-bin/www_bget?mmu:105675">
        <graphics name="Ppif, CyP-D, CyP-F, CypD, PPIase" fgcolor="#000000" bgcolor="#BFFFBF"
             type="rectangle" x="801" y="201" width="46" height="17"/>
    </entry>
    <entry id="34" name="cpd:C01330" type="compound"
        link="https://www.kegg.jp/dbget-bin/www_bget?C01330">
        <graphics name="C01330" fgcolor="#000000" bgcolor="#FFFFFF"
             type="circle" x="753" y="158" width="8" height="8"/>
    </entry>
    <entry id="35" name="cpd:C00076" type="compound"
        link="https://www.kegg.jp/dbget-bin/www_bget?C00076">
        <graphics name="C00076" fgcolor="#000000" bgcolor="#FFFFFF"
             type="circle" x="730" y="397" width="8" height="8"/>
    </entry>
    <entry id="36" name="cpd:C13050" type="compound"
        link="https://www.kegg.jp/dbget-bin/www_bget?C13050">
        <graphics name="C13050" fgcolor="#000000" bgcolor="#FFFFFF"
             type="circle" x="474" y="617" width="8" height="8"/>
    </entry>
    <entry id="37" name="cpd:C13051" type="compound"
        link="https://www.kegg.jp/dbget-bin/www_bget?C13051">
        <graphics name="C13051" fgcolor="#000000" bgcolor="#FFFFFF"
             type="circle" x="474" y="654" width="8" height="8"/>
    </entry>
    <entry id="38" name="cpd:C06124" type="compound"
        link="https://www.kegg.jp/dbget-bin/www_bget?C06124">
        <graphics name="C06124" fgcolor="#000000" bgcolor="#FFFFFF"
             type="circle" x="435" y="747" width="8" height="8"/>
    </entry>
    <entry id="39" name="cpd:C00004" type="compound"
        link="https://www.kegg.jp/dbget-bin/www_bget?C00004">
        <graphics name="C00004" fgcolor="#000000" bgcolor="#FFFFFF"
             type="circle" x="254" y="683" width="8" height="8"/>
    </entry>
    <entry id="40" name="cpd:C00002" type="compound"
        link="https://www.kegg.jp/dbget-bin/www_bget?C00002">
        <graphics name="C00002" fgcolor="#000000" bgcolor="#FFFFFF"
             type="circle" x="254" y="614" width="8" height="8"/>
    </entry>
    <entry id="41" name="cpd:C00165" type="compound"
        link="https://www.kegg.jp/dbget-bin/www_bget?C00165">
        <graphics name="C00165" fgcolor="#000000" bgcolor="#FFFFFF"
             type="circle" x="435" y="582" width="8" height="8"/>
    </entry>
    <entry id="42" name="mmu:110891 mmu:110893 mmu:20541" type="gene"
        link="https://www.kegg.jp/dbget-bin/www_bget?mmu:110891+mmu:110893+mmu:20541">
        <graphics name="Slc8a2, Ncx2..." fgcolor="#000000" bgcolor="#BFFFBF"
             type="rectangle" x="182" y="137" width="46" height="17"/>
    </entry>
    <entry id="43" name="cpd:C01245" type="compound"
        link="https://www.kegg.jp/dbget-bin/www_bget?C01245">
        <graphics name="C01245" fgcolor="#000000" bgcolor="#FFFFFF"
             type="circle" x="435" y="529" width="8" height="8"/>
    </entry>
    <entry id="44" name="cpd:C00575" type="compound"
        link="https://www.kegg.jp/dbget-bin/www_bget?C00575">
        <graphics name="C00575" fgcolor="#000000" bgcolor="#FFFFFF"
             type="circle" x="276" y="564" width="8" height="8"/>
    </entry>
    <entry id="45" name="cpd:C00575" type="compound"
        link="https://www.kegg.jp/dbget-bin/www_bget?C00575">
        <graphics name="C00575" fgcolor="#000000" bgcolor="#FFFFFF"
             type="circle" x="413" y="222" width="8" height="8"/>
    </entry>
    <entry id="46" name="mmu:110891 mmu:110893 mmu:20541" type="gene"
        link="https://www.kegg.jp/dbget-bin/www_bget?mmu:110891+mmu:110893+mmu:20541">
        <graphics name="Slc8a2, Ncx2..." fgcolor="#000000" bgcolor="#BFFFBF"
             type="rectangle" x="801" y="162" width="46" height="17"/>
    </entry>
    <entry id="47" name="mmu:108058 mmu:12322 mmu:12323 mmu:12325 mmu:12326 mmu:215303 mmu:52163" type="gene"
        link="https://www.kegg.jp/dbget-bin/www_bget?mmu:108058+mmu:12322+mmu:12323+mmu:12325+mmu:12326+mmu:215303+mmu:52163">
        <graphics name="Camk2d, 2810011D23Rik, 8030469K03Rik, CaMK_II, [d]-CaMKII..." fgcolor="#000000" bgcolor="#BFFFBF"
             type="rectangle" x="888" y="410" width="46" height="17"/>
    </entry>
    <entry id="48" name="mmu:19055 mmu:19056 mmu:19057 mmu:19058 mmu:19059" type="gene"
        link="https://www.kegg.jp/dbget-bin/www_bget?mmu:19055+mmu:19056+mmu:19057+mmu:19058+mmu:19059">
        <graphics name="Ppp3ca, 2900074D19Rik, CN, Caln, Calna, CnA..." fgcolor="#000000" bgcolor="#BFFFBF"
             type="rectangle" x="888" y="385" width="46" height="17"/>
    </entry>
    <entry id="49" name="mmu:18750 mmu:18751 mmu:18752" type="gene"
        link="https://www.kegg.jp/dbget-bin/www_bget?mmu:18750+mmu:18751+mmu:18752">
        <graphics name="Prkca, Pkca..." fgcolor="#000000" bgcolor="#BFFFBF"
             type="rectangle" x="888" y="632" width="46" height="17"/>
    </entry>
    <entry id="50" name="mmu:19229" type="gene"
        link="https://www.kegg.jp/dbget-bin/www_bget?mmu:19229">
        <graphics name="Ptk2b, CADTK, CAKB, CAKbeta, E430023O05Rik, FADK2, FAK2, PYK2, Raftk" fgcolor="#000000" bgcolor="#BFFFBF"
             type="rectangle" x="888" y="573" width="46" height="17"/>
    </entry>
    <entry id="51" name="mmu:233979 mmu:252972" type="gene"
        link="https://www.kegg.jp/dbget-bin/www_bget?mmu:233979+mmu:252972">
        <graphics name="Tpcn2, D830047E22Rik, Gm35086..." fgcolor="#000000" bgcolor="#BFFFBF"
             type="rectangle" x="649" y="661" width="46" height="17"/>
    </entry>
    <entry id="52" name="mmu:12494" type="gene"
        link="https://www.kegg.jp/dbget-bin/www_bget?mmu:12494">
        <graphics name="Cd38, ADPRC_1, Cd38-rs1, I-19" fgcolor="#000000" bgcolor="#BFFFBF"
             type="rectangle" x="182" y="654" width="46" height="17"/>
    </entry>
    <entry id="54" name="mmu:74055" type="gene"
        link="https://www.kegg.jp/dbget-bin/www_bget?mmu:74055">
        <graphics name="Plce1, 4933403A21Rik, PLCepsilon, Plce, mKIAA1516" fgcolor="#000000" bgcolor="#BFFFBF"
             type="rectangle" x="354" y="564" width="46" height="17"/>
    </entry>
    <entry id="55" name="ko:K06856" type="ortholog"
        link="https://www.kegg.jp/dbget-bin/www_bget?K06856">
        <graphics name="K06856" fgcolor="#000000" bgcolor="#FFFFFF"
             type="rectangle" x="182" y="572" width="46" height="17"/>
    </entry>
    <entry id="56" name="mmu:13649 mmu:13866 mmu:13867 mmu:13869 mmu:14182 mmu:14183 mmu:14184 mmu:14186 mmu:14254 mmu:14257 mmu:16542 mmu:17295 mmu:18211 mmu:18212 mmu:18213 mmu:18595 mmu:18596 mmu:19713 mmu:19882" type="gene"
        link="https://www.kegg.jp/dbget-bin/www_bget?mmu:13649+mmu:13866+mmu:13867+mmu:13869+mmu:14182+mmu:14183+mmu:14184+mmu:14186+mmu:14254+mmu:14257+mmu:16542+mmu:17295+mmu:18211+mmu:18212+mmu:18213+mmu:18595+mmu:18596+mmu:19713+mmu:19882">
        <graphics name="Egfr, 9030024J15Rik, Erbb, Errb1, Errp, Wa5, wa-2, wa2..." fgcolor="#000000" bgcolor="#BFFFBF"
             type="rectangle" x="182" y="506" width="46" height="17"/>
    </entry>
    <entry id="57" name="mmu:14672 mmu:14675 mmu:14676 mmu:14682" type="gene"
        link="https://www.kegg.jp/dbget-bin/www_bget?mmu:14672+mmu:14675+mmu:14676+mmu:14682">
        <graphics name="Gna11, Dsk7, E430025L19, Hg1k, g_alpha-11..." fgcolor="#000000" bgcolor="#BFFFBF"
             type="rectangle" x="268" y="461" width="46" height="17"/>
    </entry>
    <entry id="58" name="mmu:11441 mmu:14810 mmu:14811 mmu:14812 mmu:14813 mmu:14814 mmu:170483 mmu:18436 mmu:18438 mmu:18439 mmu:18440 mmu:228139 mmu:231602 mmu:242443 mmu:94045" type="gene"
        link="https://www.kegg.jp/dbget-bin/www_bget?mmu:11441+mmu:14810+mmu:14811+mmu:14812+mmu:14813+mmu:14814+mmu:170483+mmu:18436+mmu:18438+mmu:18439+mmu:18440+mmu:228139+mmu:231602+mmu:242443+mmu:94045">
        <graphics name="Chrna7, Acra7, alpha7, nAchR..." fgcolor="#000000" bgcolor="#BFFFBF"
             type="rectangle" x="182" y="412" width="46" height="17"/>
    </entry>
    <entry id="59" name="mmu:18803 mmu:234779" type="gene"
        link="https://www.kegg.jp/dbget-bin/www_bget?mmu:18803+mmu:234779">
        <graphics name="Plcg1, Cded, Plc-1, Plc-gamma1, Plcg-1..." fgcolor="#000000" bgcolor="#BFFFBF"
             type="rectangle" x="354" y="540" width="46" height="17"/>
    </entry>
    <entry id="61" name="mmu:20698 mmu:56632" type="gene"
        link="https://www.kegg.jp/dbget-bin/www_bget?mmu:20698+mmu:56632">
        <graphics name="Sphk1, 1110006G24Rik, Sk1, Spk1..." fgcolor="#000000" bgcolor="#BFFFBF"
             type="rectangle" x="354" y="748" width="46" height="17"/>
    </entry>
    <entry id="62" name="mmu:114875" type="gene"
        link="https://www.kegg.jp/dbget-bin/www_bget?mmu:114875">
        <graphics name="Plcz1, 1700041H07Rik, PLCzeta" fgcolor="#000000" bgcolor="#BFFFBF"
             type="rectangle" x="354" y="588" width="46" height="17"/>
    </entry>
    <entry id="63" name="ko:K10784 ko:K10785" type="ortholog"
        link="https://www.kegg.jp/dbget-bin/www_bget?K10784+K10785">
        <graphics name="K10784..." fgcolor="#000000" bgcolor="#FFFFFF"
             type="rectangle" x="182" y="551" width="46" height="17"/>
    </entry>
    <entry id="64" name="mmu:107589 mmu:213435 mmu:228785 mmu:238564" type="gene"
        link="https://www.kegg.jp/dbget-bin/www_bget?mmu:107589+mmu:213435+mmu:228785+mmu:238564">
        <graphics name="Mylk, 9530072E15Rik, A930019C19Rik, KRP, MLCK108, MLCK210, Mlck, nmMlck, smMLCK..." fgcolor="#000000" bgcolor="#BFFFBF"
             type="rectangle" x="888" y="311" width="46" height="17"/>
    </entry>
    <entry id="65" name="mmu:18799 mmu:18802 mmu:72469" type="gene"
        link="https://www.kegg.jp/dbget-bin/www_bget?mmu:18799+mmu:18802+mmu:72469">
        <graphics name="Plcd1..." fgcolor="#000000" bgcolor="#BFFFBF"
             type="rectangle" x="354" y="493" width="46" height="17"/>
    </entry>
    <entry id="66" name="mmu:16438 mmu:16439 mmu:16440" type="gene"
        link="https://www.kegg.jp/dbget-bin/www_bget?mmu:16438+mmu:16439+mmu:16440">
        <graphics name="Itpr1, D6Pas2, Gm10429, IP3R_1, IP3R1, InsP3R, Ip3r, Itpr-1, P400, Pcp-1, Pcp1, insP3R1, opt, wblo..." fgcolor="#000000" bgcolor="#BFFFBF"
             type="rectangle" x="649" y="536" width="46" height="17"/>
    </entry>
    <entry id="67" name="mmu:102093 mmu:110094 mmu:18679 mmu:18682 mmu:68961" type="gene"
        link="https://www.kegg.jp/dbget-bin/www_bget?mmu:102093+mmu:110094+mmu:18679+mmu:18682+mmu:68961">
        <graphics name="Phkb..." fgcolor="#000000" bgcolor="#BFFFBF"
             type="rectangle" x="888" y="336" width="46" height="17"/>
    </entry>
    <entry id="68" name="mmu:20190 mmu:20191 mmu:20192" type="gene"
        link="https://www.kegg.jp/dbget-bin/www_bget?mmu:20190+mmu:20191+mmu:20192">
        <graphics name="Ryr1, RYR-1, Ryr, skrr..." fgcolor="#000000" bgcolor="#BFFFBF"
             type="rectangle" x="649" y="473" width="46" height="17"/>
    </entry>
    <entry id="69" name="mmu:18795 mmu:18796 mmu:18797 mmu:18798" type="gene"
        link="https://www.kegg.jp/dbget-bin/www_bget?mmu:18795+mmu:18796+mmu:18797+mmu:18798">
        <graphics name="Plcb1, 3110043I21Rik, Plcb, mKIAA0581..." fgcolor="#000000" bgcolor="#BFFFBF"
             type="rectangle" x="354" y="516" width="46" height="17"/>
    </entry>
    <entry id="70" name="mmu:109305 mmu:269717 mmu:269999" type="gene"
        link="https://www.kegg.jp/dbget-bin/www_bget?mmu:109305+mmu:269717+mmu:269999">
        <graphics name="Orai1, D730049H07Rik, Tmem142a, orai-1..." fgcolor="#000000" bgcolor="#BFFFBF"
             type="rectangle" x="182" y="272" width="46" height="17"/>
    </entry>
    <entry id="71" name="mmu:12288 mmu:12289 mmu:12292 mmu:54652" type="gene"
        link="https://www.kegg.jp/dbget-bin/www_bget?mmu:12288+mmu:12289+mmu:12292+mmu:54652">
        <graphics name="Cacna1c, Cav1.2, Cchl1a1, D930026N18Rik, MBC, MELC-CC..." fgcolor="#000000" bgcolor="#BFFFBF"
             type="rectangle" x="182" y="321" width="46" height="17"/>
    </entry>
    <entry id="72" name="mmu:12286 mmu:12287 mmu:12290" type="gene"
        link="https://www.kegg.jp/dbget-bin/www_bget?mmu:12286+mmu:12287+mmu:12290">
        <graphics name="Cacna1a, APCA, BI, Caca1a, Cacnl1a4, Cav2.1, Ccha1a, EA2, FHM, HPCA, MHP, MHP1, SCA6, alpha1A, la, nmf352, rkr, smrl, tg..." fgcolor="#000000" bgcolor="#BFFFBF"
             type="rectangle" x="182" y="340" width="46" height="17"/>
    </entry>
    <entry id="73" name="mmu:108071 mmu:11548 mmu:11549 mmu:11550 mmu:11607 mmu:11608 mmu:12061 mmu:12062 mmu:12425 mmu:12426 mmu:12669 mmu:12671 mmu:12767 mmu:13617 mmu:13618 mmu:14062 mmu:14816 mmu:14829 mmu:15465 mmu:15558 mmu:15559 mmu:15560 mmu:16867 mmu:170732 mmu:18216 mmu:18430 mmu:19204 mmu:19216 mmu:19218 mmu:19220 mmu:21336 mmu:21337 mmu:21338 mmu:21390 mmu:22045 mmu:243764 mmu:26361 mmu:54140 mmu:57260 mmu:58861 mmu:70086" type="gene"
        link="https://www.kegg.jp/dbget-bin/www_bget?mmu:108071+mmu:11548+mmu:11549+mmu:11550+mmu:11607+mmu:11608+mmu:12061+mmu:12062+mmu:12425+mmu:12426+mmu:12669+mmu:12671+mmu:12767+mmu:13617+mmu:13618+mmu:14062+mmu:14816+mmu:14829+mmu:15465+mmu:15558+mmu:15559+mmu:15560+mmu:16867+mmu:170732+mmu:18216+mmu:18430+mmu:19204+mmu:19216+mmu:19218+mmu:19220+mmu:21336+mmu:21337+mmu:21338+mmu:21390+mmu:22045+mmu:243764+mmu:26361+mmu:54140+mmu:57260+mmu:58861+mmu:70086">
        <graphics name="Grm5, 6430542K11Rik, Glu5R, Gprc1e, mGluR5, mGluR5b..." fgcolor="#000000" bgcolor="#BFFFBF"
             type="rectangle" x="182" y="461" width="46" height="17"/>
    </entry>
    <entry id="74" name="mmu:12313 mmu:12314 mmu:12315 mmu:494124 mmu:70405 mmu:75600 mmu:80796" type="gene"
        link="https://www.kegg.jp/dbget-bin/www_bget?mmu:12313+mmu:12314+mmu:12315+mmu:494124+mmu:70405+mmu:75600+mmu:80796">
        <graphics name="Calm1, CaM, Calm, Cam1..." fgcolor="#000000" bgcolor="#BFFFBF"
             type="rectangle" x="803" y="398" width="46" height="17"/>
    </entry>
    <entry id="75" name="mmu:21924 mmu:21925" type="gene"
        link="https://www.kegg.jp/dbget-bin/www_bget?mmu:21924+mmu:21925">
        <graphics name="Tnnc1, TnC, cTnC, cTnI, tncc..." fgcolor="#000000" bgcolor="#BFFFBF"
             type="rectangle" x="888" y="280" width="46" height="17"/>
    </entry>
    <entry id="76" name="mmu:11739 mmu:11740 mmu:73333" type="gene"
        link="https://www.kegg.jp/dbget-bin/www_bget?mmu:11739+mmu:11740+mmu:73333">
        <graphics name="Slc25a4, Ant1, mANC1..." fgcolor="#000000" bgcolor="#BFFFBF"
             type="rectangle" x="801" y="184" width="46" height="17"/>
    </entry>
    <entry id="77" name="mmu:215999" type="gene"
        link="https://www.kegg.jp/dbget-bin/www_bget?mmu:215999">
        <graphics name="Mcu, 2010012O16Rik, C10orf42, Ccdc109a, D130073L02Rik, Gm64" fgcolor="#000000" bgcolor="#BFFFBF"
             type="rectangle" x="801" y="134" width="46" height="17"/>
    </entry>
    <entry id="78" name="mmu:104110 mmu:104111 mmu:11513 mmu:11514 mmu:11515 mmu:210044 mmu:432530" type="gene"
        link="https://www.kegg.jp/dbget-bin/www_bget?mmu:104110+mmu:104111+mmu:11513+mmu:11514+mmu:11515+mmu:210044+mmu:432530">
        <graphics name="Adcy4, mKIAA4004..." fgcolor="#000000" bgcolor="#BFFFBF"
             type="rectangle" x="354" y="222" width="46" height="17"/>
    </entry>
    <entry id="79" name="mmu:11937 mmu:11938 mmu:53313" type="gene"
        link="https://www.kegg.jp/dbget-bin/www_bget?mmu:11937+mmu:11938+mmu:53313">
        <graphics name="Atp2a1, SERCA1..." fgcolor="#000000" bgcolor="#BFFFBF"
             type="rectangle" x="649" y="324" width="46" height="17"/>
    </entry>
    <entry id="80" name="mmu:11540 mmu:11541 mmu:11554 mmu:11555 mmu:11556 mmu:12669 mmu:12671 mmu:13488 mmu:13492 mmu:15466 mmu:15562 mmu:15563 mmu:15564 mmu:15565 mmu:15566 mmu:213788" type="gene"
        link="https://www.kegg.jp/dbget-bin/www_bget?mmu:11540+mmu:11541+mmu:11554+mmu:11555+mmu:11556+mmu:12669+mmu:12671+mmu:13488+mmu:13492+mmu:15466+mmu:15562+mmu:15563+mmu:15564+mmu:15565+mmu:15566+mmu:213788">
        <graphics name="Adora2a, A2AAR, A2aR, AA2AR, ARA2A..." fgcolor="#000000" bgcolor="#BFFFBF"
             type="rectangle" x="182" y="222" width="46" height="17"/>
    </entry>
    <entry id="81" name="mmu:18821" type="gene"
        link="https://www.kegg.jp/dbget-bin/www_bget?mmu:18821">
        <graphics name="Pln, Plb" fgcolor="#000000" bgcolor="#BFFFBF"
             type="rectangle" x="649" y="222" width="46" height="17"/>
    </entry>
    <entry id="82" name="mmu:18747 mmu:18749" type="gene"
        link="https://www.kegg.jp/dbget-bin/www_bget?mmu:18747+mmu:18749">
        <graphics name="Prkaca, PKCD, Pkaca..." fgcolor="#000000" bgcolor="#BFFFBF"
             type="rectangle" x="473" y="222" width="46" height="17"/>
    </entry>
    <entry id="83" name="mmu:14680 mmu:14683" type="gene"
        link="https://www.kegg.jp/dbget-bin/www_bget?mmu:14680+mmu:14683">
        <graphics name="Gnal, 2610011C15Rik, 9630020G10Rik, Galphaolf, Gna10, Golf, Hg1o..." fgcolor="#000000" bgcolor="#BFFFBF"
             type="rectangle" x="268" y="222" width="46" height="17"/>
    </entry>
    <entry id="84" name="mmu:12291 mmu:239556 mmu:58226" type="gene"
        link="https://www.kegg.jp/dbget-bin/www_bget?mmu:12291+mmu:239556+mmu:58226">
        <graphics name="Cacna1g, Cav3.1d, [a]1G, a1G, alpha-1G, mKIAA1123..." fgcolor="#000000" bgcolor="#BFFFBF"
             type="rectangle" x="182" y="359" width="46" height="17"/>
    </entry>
    <entry id="85" name="cpd:C01330" type="compound"
        link="https://www.kegg.jp/dbget-bin/www_bget?C01330">
        <graphics name="C01330" fgcolor="#000000" bgcolor="#FFFFFF"
             type="circle" x="133" y="141" width="8" height="8"/>
    </entry>
    <entry id="86" name="mmu:11941 mmu:320707 mmu:381290 mmu:67972" type="gene"
        link="https://www.kegg.jp/dbget-bin/www_bget?mmu:11941+mmu:320707+mmu:381290+mmu:67972">
        <graphics name="Atp2b2, D6Abb2e, Gena300, PMCA2, Tmy, dfw, jog, wms, wri..." fgcolor="#000000" bgcolor="#BFFFBF"
             type="rectangle" x="182" y="178" width="46" height="17"/>
    </entry>
    <entry id="87" name="path:mmu04020" type="map"
        link="https://www.kegg.jp/dbget-bin/www_bget?mmu04020">
        <graphics name="TITLE:Calcium signaling pathway" fgcolor="#000000" bgcolor="#FFFFFF"
             type="roundrectangle" x="165" y="58" width="250" height="25"/>
    </entry>
    <entry id="147" name="mmu:116873 mmu:20866" type="gene"
        link="https://www.kegg.jp/dbget-bin/www_bget?mmu:116873+mmu:20866">
        <graphics name="Stim2..." fgcolor="#000000" bgcolor="#BFFFBF"
             type="rectangle" x="508" y="266" width="46" height="17"/>
    </entry>
    <entry id="149" name="cpd:C00076" type="compound"
        link="https://www.kegg.jp/dbget-bin/www_bget?C00076">
        <graphics name="C00076" fgcolor="#000000" bgcolor="#FFFFFF"
             type="circle" x="133" y="272" width="8" height="8"/>
    </entry>
    <entry id="150" name="cpd:C00076" type="compound"
        link="https://www.kegg.jp/dbget-bin/www_bget?C00076">
        <graphics name="C00076" fgcolor="#000000" bgcolor="#FFFFFF"
             type="circle" x="132" y="321" width="8" height="8"/>
    </entry>
    <entry id="151" name="cpd:C00076" type="compound"
        link="https://www.kegg.jp/dbget-bin/www_bget?C00076">
        <graphics name="C00076" fgcolor="#000000" bgcolor="#FFFFFF"
             type="circle" x="132" y="340" width="8" height="8"/>
    </entry>
    <entry id="152" name="cpd:C00076" type="compound"
        link="https://www.kegg.jp/dbget-bin/www_bget?C00076">
        <graphics name="C00076" fgcolor="#000000" bgcolor="#FFFFFF"
             type="circle" x="132" y="358" width="8" height="8"/>
    </entry>
    <entry id="153" name="cpd:C00076" type="compound"
        link="https://www.kegg.jp/dbget-bin/www_bget?C00076">
        <graphics name="C00076" fgcolor="#000000" bgcolor="#FFFFFF"
             type="circle" x="132" y="411" width="8" height="8"/>
    </entry>
    <entry id="157" name="mmu:12372 mmu:12373" type="gene"
        link="https://www.kegg.jp/dbget-bin/www_bget?mmu:12372+mmu:12373">
        <graphics name="Casq1, CSQ, CSQ-1, CSQ1, sCSQ..." fgcolor="#000000" bgcolor="#BFFFBF"
             type="rectangle" x="559" y="473" width="46" height="17"/>
    </entry>
    <entry id="158" name="mmu:76757" type="gene"
        link="https://www.kegg.jp/dbget-bin/www_bget?mmu:76757">
        <graphics name="Trdn, 2310045H21Rik, EG432451, TDN" fgcolor="#000000" bgcolor="#BFFFBF"
             type="rectangle" x="649" y="441" width="46" height="17"/>
    </entry>
    <entry id="159" name="mmu:65973" type="gene"
        link="https://www.kegg.jp/dbget-bin/www_bget?mmu:65973">
        <graphics name="Asph, 2310005F16Rik, 3110001L23Rik, BAH, cI-37" fgcolor="#000000" bgcolor="#BFFFBF"
             type="rectangle" x="649" y="505" width="46" height="17"/>
    </entry>
    <entry id="164" name="mmu:15464" type="gene"
        link="https://www.kegg.jp/dbget-bin/www_bget?mmu:15464">
        <graphics name="Hrc" fgcolor="#000000" bgcolor="#BFFFBF"
             type="rectangle" x="580" y="351" width="46" height="17"/>
    </entry>
    <entry id="166" name="mmu:15464" type="gene"
        link="https://www.kegg.jp/dbget-bin/www_bget?mmu:15464">
        <graphics name="Hrc" fgcolor="#000000" bgcolor="#BFFFBF"
             type="rectangle" x="580" y="425" width="46" height="17"/>
    </entry>
    <entry id="170" name="mmu:171166 mmu:68279 mmu:94178" type="gene"
        link="https://www.kegg.jp/dbget-bin/www_bget?mmu:171166+mmu:68279+mmu:94178">
        <graphics name="Mcoln3, 6720490O21Rik, TRPML3, Va..." fgcolor="#000000" bgcolor="#BFFFBF"
             type="rectangle" x="649" y="711" width="46" height="17"/>
    </entry>
    <entry id="171" name="cpd:C11556" type="compound"
        link="https://www.kegg.jp/dbget-bin/www_bget?C11556">
        <graphics name="C11556" fgcolor="#000000" bgcolor="#FFFFFF"
             type="circle" x="474" y="705" width="8" height="8"/>
    </entry>
    <entry id="174" name="mmu:13645 mmu:14164 mmu:14165 mmu:14170 mmu:14171 mmu:14172 mmu:14173 mmu:14174 mmu:14175 mmu:14176 mmu:14177 mmu:14178 mmu:14179 mmu:14180 mmu:14205 mmu:14573 mmu:15234 mmu:15235 mmu:18048 mmu:18049 mmu:18590 mmu:18591 mmu:21802 mmu:22339 mmu:22340 mmu:22341 mmu:54635 mmu:56636 mmu:64654 mmu:67112 mmu:71785 mmu:80857 mmu:80903" type="gene"
        link="https://www.kegg.jp/dbget-bin/www_bget?mmu:13645+mmu:14164+mmu:14165+mmu:14170+mmu:14171+mmu:14172+mmu:14173+mmu:14174+mmu:14175+mmu:14176+mmu:14177+mmu:14178+mmu:14179+mmu:14180+mmu:14205+mmu:14573+mmu:15234+mmu:15235+mmu:18048+mmu:18049+mmu:18590+mmu:18591+mmu:21802+mmu:22339+mmu:22340+mmu:22341+mmu:54635+mmu:56636+mmu:64654+mmu:67112+mmu:71785+mmu:80857+mmu:80903">
        <graphics name="Egf..." fgcolor="#000000" bgcolor="#BFFFBF"
             type="rectangle" x="85" y="506" width="46" height="17"/>
    </entry>
    <entry id="175" name="mmu:66402 mmu:67704 mmu:68528 mmu:69563" type="gene"
        link="https://www.kegg.jp/dbget-bin/www_bget?mmu:66402+mmu:67704+mmu:68528+mmu:69563">
        <graphics name="Sln, 2310045A07Rik..." fgcolor="#000000" bgcolor="#BFFFBF"
             type="rectangle" x="649" y="242" width="46" height="17"/>
    </entry>
    <entry id="176" name="cpd:C00076" type="compound"
        link="https://www.kegg.jp/dbget-bin/www_bget?C00076">
        <graphics name="C00076" fgcolor="#000000" bgcolor="#FFFFFF"
             type="circle" x="607" y="473" width="8" height="8"/>
    </entry>
    <entry id="177" name="cpd:C00076" type="compound"
        link="https://www.kegg.jp/dbget-bin/www_bget?C00076">
        <graphics name="C00076" fgcolor="#000000" bgcolor="#FFFFFF"
             type="circle" x="593" y="323" width="8" height="8"/>
    </entry>
    <entry id="178" name="cpd:C00076" type="compound"
        link="https://www.kegg.jp/dbget-bin/www_bget?C00076">
        <graphics name="C00076" fgcolor="#000000" bgcolor="#FFFFFF"
             type="circle" x="607" y="538" width="8" height="8"/>
    </entry>
    <entry id="179" name="cpd:C00076" type="compound"
        link="https://www.kegg.jp/dbget-bin/www_bget?C00076">
        <graphics name="C00076" fgcolor="#000000" bgcolor="#FFFFFF"
             type="circle" x="607" y="711" width="8" height="8"/>
    </entry>
    <entry id="180" name="cpd:C00076" type="compound"
        link="https://www.kegg.jp/dbget-bin/www_bget?C00076">
        <graphics name="C00076" fgcolor="#000000" bgcolor="#FFFFFF"
             type="circle" x="607" y="660" width="8" height="8"/>
    </entry>
    <entry id="181" name="mmu:18018 mmu:18019 mmu:18021 mmu:73181" type="gene"
        link="https://www.kegg.jp/dbget-bin/www_bget?mmu:18018+mmu:18019+mmu:18021+mmu:73181">
        <graphics name="Nfatc1, 2210017P03Rik, NF-ATc, NFAT2, NFATc, Nfatcb..." fgcolor="#000000" bgcolor="#BFFFBF"
             type="rectangle" x="964" y="394" width="46" height="17"/>
    </entry>
    <entry id="183" name="mmu:21425" type="gene"
        link="https://www.kegg.jp/dbget-bin/www_bget?mmu:21425">
        <graphics name="Tfeb, Tcfeb, bHLHe35" fgcolor="#000000" bgcolor="#BFFFBF"
             type="rectangle" x="964" y="373" width="46" height="17"/>
    </entry>
    <entry id="184" name="undefined" type="group">
        <graphics fgcolor="#000000" bgcolor="#FFFFFF"
             type="rectangle" x="824" y="192" width="92" height="34"/>
        <component id="32"/>
        <component id="33"/>
        <component id="76"/>
    </entry>
    <entry id="185" name="undefined" type="group">
        <graphics fgcolor="#000000" bgcolor="#FFFFFF"
             type="rectangle" x="649" y="473" width="46" height="81"/>
        <component id="158"/>
        <component id="159"/>
        <component id="68"/>
    </entry>
    <relation entry1="80" entry2="83" type="PPrel">
        <subtype name="activation" value="--&gt;"/>
    </relation>
    <relation entry1="83" entry2="78" type="PPrel">
        <subtype name="activation" value="--&gt;"/>
    </relation>
    <relation entry1="82" entry2="81" type="PPrel">
        <subtype name="inhibition" value="--|"/>
        <subtype name="phosphorylation" value="+p"/>
    </relation>
    <relation entry1="81" entry2="79" type="PPrel">
        <subtype name="inhibition" value="--|"/>
    </relation>
    <relation entry1="56" entry2="59" type="PPrel">
        <subtype name="activation" value="--&gt;"/>
    </relation>
    <relation entry1="74" entry2="64" type="PPrel">
        <subtype name="activation" value="--&gt;"/>
    </relation>
    <relation entry1="67" entry2="74" type="PPrel">
        <subtype name="binding/association" value="---"/>
    </relation>
    <relation entry1="48" entry2="74" type="PPrel">
        <subtype name="binding/association" value="---"/>
    </relation>
    <relation entry1="78" entry2="82" type="PPrel">
        <subtype name="compound" value="45"/>
    </relation>
    <relation entry1="65" entry2="66" type="PPrel">
        <subtype name="compound" value="43"/>
    </relation>
    <relation entry1="69" entry2="66" type="PPrel">
        <subtype name="compound" value="43"/>
    </relation>
    <relation entry1="59" entry2="66" type="PPrel">
        <subtype name="compound" value="43"/>
    </relation>
    <relation entry1="54" entry2="66" type="PPrel">
        <subtype name="compound" value="43"/>
    </relation>
    <relation entry1="62" entry2="66" type="PPrel">
        <subtype name="compound" value="43"/>
    </relation>
    <relation entry1="65" entry2="49" type="PPrel">
        <subtype name="compound" value="41"/>
    </relation>
    <relation entry1="69" entry2="49" type="PPrel">
        <subtype name="compound" value="41"/>
    </relation>
    <relation entry1="59" entry2="49" type="PPrel">
        <subtype name="compound" value="41"/>
    </relation>
    <relation entry1="54" entry2="49" type="PPrel">
        <subtype name="compound" value="41"/>
    </relation>
    <relation entry1="62" entry2="49" type="PPrel">
        <subtype name="compound" value="41"/>
    </relation>
    <relation entry1="52" entry2="68" type="PPrel">
        <subtype name="compound" value="36"/>
    </relation>
    <relation entry1="42" entry2="85" type="PCrel">
    </relation>
    <relation entry1="54" entry2="44" type="PCrel">
    </relation>
    <relation entry1="52" entry2="40" type="PCrel">
    </relation>
    <relation entry1="52" entry2="39" type="PCrel">
    </relation>
    <relation entry1="42" entry2="35" type="PCrel">
    </relation>
    <relation entry1="79" entry2="35" type="PCrel">
    </relation>
    <relation entry1="184" entry2="35" type="PCrel">
    </relation>
    <relation entry1="86" entry2="35" type="PCrel">
    </relation>
    <relation entry1="73" entry2="57" type="PPrel">
        <subtype name="activation" value="--&gt;"/>
    </relation>
    <relation entry1="57" entry2="69" type="PPrel">
        <subtype name="activation" value="--&gt;"/>
    </relation>
    <relation entry1="68" entry2="35" type="PCrel">
    </relation>
    <relation entry1="66" entry2="35" type="PCrel">
    </relation>
    <relation entry1="75" entry2="35" type="PCrel">
    </relation>
    <relation entry1="74" entry2="35" type="PCrel">
    </relation>
    <relation entry1="50" entry2="35" type="PCrel">
    </relation>
    <relation entry1="49" entry2="35" type="PCrel">
    </relation>
    <relation entry1="28" entry2="35" type="PCrel">
    </relation>
    <relation entry1="74" entry2="30" type="PPrel">
        <subtype name="activation" value="--&gt;"/>
    </relation>
    <relation entry1="74" entry2="29" type="PPrel">
        <subtype name="activation" value="--&gt;"/>
    </relation>
    <relation entry1="74" entry2="31" type="PPrel">
        <subtype name="binding/association" value="---"/>
    </relation>
    <relation entry1="47" entry2="74" type="PPrel">
        <subtype name="binding/association" value="---"/>
    </relation>
    <relation entry1="46" entry2="34" type="PCrel">
    </relation>
    <relation entry1="46" entry2="35" type="PCrel">
    </relation>
    <relation entry1="70" entry2="35" type="PCrel">
    </relation>
    <relation entry1="71" entry2="35" type="PCrel">
    </relation>
    <relation entry1="72" entry2="35" type="PCrel">
    </relation>
    <relation entry1="84" entry2="35" type="PCrel">
    </relation>
    <relation entry1="58" entry2="35" type="PCrel">
    </relation>
    <relation entry1="35" entry2="65" type="PCrel">
    </relation>
    <relation entry1="61" entry2="38" type="PCrel">
    </relation>
    <relation entry1="147" entry2="70" type="PPrel">
        <subtype name="activation" value="--&gt;"/>
    </relation>
    <relation entry1="52" entry2="51" type="PPrel">
        <subtype name="compound" value="37"/>
    </relation>
    <relation entry1="51" entry2="35" type="PCrel">
    </relation>
    <relation entry1="157" entry2="185" type="PPrel">
        <subtype name="binding/association" value="---"/>
    </relation>
    <relation entry1="166" entry2="158" type="PPrel">
        <subtype name="binding/association" value="---"/>
    </relation>
    <relation entry1="164" entry2="79" type="PPrel">
        <subtype name="binding/association" value="---"/>
    </relation>
    <relation entry1="171" entry2="51" type="PCrel">
    </relation>
    <relation entry1="171" entry2="170" type="PCrel">
    </relation>
    <relation entry1="170" entry2="35" type="PCrel">
    </relation>
    <relation entry1="174" entry2="56" type="PPrel">
        <subtype name="activation" value="--&gt;"/>
    </relation>
    <relation entry1="175" entry2="79" type="PPrel">
        <subtype name="inhibition" value="--|"/>
    </relation>
    <relation entry1="71" entry2="68" type="PPrel">
        <subtype name="activation" value="--&gt;"/>
    </relation>
    <relation entry1="48" entry2="181" type="PPrel">
        <subtype name="activation" value="--&gt;"/>
        <subtype name="dephosphorylation" value="-p"/>
    </relation>
    <relation entry1="48" entry2="183" type="PPrel">
        <subtype name="activation" value="--&gt;"/>
        <subtype name="dephosphorylation" value="-p"/>
    </relation>
    <relation entry1="35" entry2="77" type="PCrel">
    </relation>
</pathway>
