<?xml version="1.0"?>
<!DOCTYPE pathway SYSTEM "https://www.kegg.jp/kegg/xml/KGML_v0.7.2_.dtd">
<!-- Creation date: Jun 4, 2019 14:56:44 +0900 (GMT+9) -->
<pathway name="path:mmu04022" org="mmu" number="04022"
         title="cGMP-PKG signaling pathway"
         image="https://www.kegg.jp/kegg/pathway/mmu/mmu04022.png"
         link="https://www.kegg.jp/kegg-bin/show_pathway?mmu04022">
    <entry id="14" name="path:mmu04022" type="map"
        link="https://www.kegg.jp/dbget-bin/www_bget?mmu04022">
        <graphics name="TITLE:cGMP-PKG signaling pathway" fgcolor="#000000" bgcolor="#FFFFFF"
             type="roundrectangle" x="176" y="58" width="271" height="25"/>
    </entry>
    <entry id="15" name="mmu:17931 mmu:19045 mmu:19046 mmu:19047 mmu:434233" type="gene"
        link="https://www.kegg.jp/dbget-bin/www_bget?mmu:17931+mmu:19045+mmu:19046+mmu:19047+mmu:434233">
        <graphics name="Ppp1r12a, 1200015F06Rik, 5730577I22Rik, D10Ertd625e, Mypt1..." fgcolor="#000000" bgcolor="#BFFFBF"
             type="rectangle" x="831" y="581" width="46" height="17"/>
    </entry>
    <entry id="16" name="mmu:98932" type="gene"
        link="https://www.kegg.jp/dbget-bin/www_bget?mmu:98932">
        <graphics name="Myl9, MLC20, Mylc2c, RLC-C" fgcolor="#000000" bgcolor="#BFFFBF"
             type="rectangle" x="921" y="536" width="46" height="17"/>
    </entry>
    <entry id="19" name="cpd:C00533" type="compound"
        link="https://www.kegg.jp/dbget-bin/www_bget?C00533">
        <graphics name="C00533" fgcolor="#000000" bgcolor="#FFFFFF"
             type="circle" x="115" y="769" width="8" height="8"/>
    </entry>
    <entry id="20" name="mmu:18160" type="gene"
        link="https://www.kegg.jp/dbget-bin/www_bget?mmu:18160">
        <graphics name="Npr1, GC-A, NPR-A, NPRA, Pndr" fgcolor="#000000" bgcolor="#BFFFBF"
             type="rectangle" x="191" y="572" width="46" height="17"/>
    </entry>
    <entry id="21" name="cpd:C00942" type="compound"
        link="https://www.kegg.jp/dbget-bin/www_bget?C00942">
        <graphics name="C00942" fgcolor="#000000" bgcolor="#FFFFFF"
             type="circle" x="393" y="583" width="8" height="8"/>
    </entry>
    <entry id="22" name="mmu:19091 mmu:19092" type="gene"
        link="https://www.kegg.jp/dbget-bin/www_bget?mmu:19091+mmu:19092">
        <graphics name="Prkg1, CGKI, Gm19690, Prkg1b, Prkgr1b..." fgcolor="#000000" bgcolor="#BFFFBF"
             type="rectangle" x="487" y="582" width="46" height="17"/>
    </entry>
    <entry id="23" name="mmu:234889 mmu:239134 mmu:54195 mmu:60596" type="gene"
        link="https://www.kegg.jp/dbget-bin/www_bget?mmu:234889+mmu:239134+mmu:54195+mmu:60596">
        <graphics name="Gucy1a2, 6330407I18Rik, A230060L24Rik..." fgcolor="#000000" bgcolor="#BFFFBF"
             type="rectangle" x="323" y="770" width="46" height="17"/>
    </entry>
    <entry id="32" name="mmu:16438 mmu:16439 mmu:16440" type="gene"
        link="https://www.kegg.jp/dbget-bin/www_bget?mmu:16438+mmu:16439+mmu:16440">
        <graphics name="Itpr1, D6Pas2, Gm10429, IP3R_1, IP3R1, InsP3R, Ip3r, Itpr-1, P400, Pcp-1, Pcp1, insP3R1, opt, wblo..." fgcolor="#000000" bgcolor="#BFFFBF"
             type="rectangle" x="695" y="418" width="46" height="17"/>
    </entry>
    <entry id="34" name="cpd:C00076" type="compound"
        link="https://www.kegg.jp/dbget-bin/www_bget?C00076">
        <graphics name="C00076" fgcolor="#000000" bgcolor="#FFFFFF"
             type="circle" x="642" y="416" width="8" height="8"/>
    </entry>
    <entry id="37" name="mmu:100502876 mmu:16531 mmu:16532 mmu:16533 mmu:58802 mmu:72413" type="gene"
        link="https://www.kegg.jp/dbget-bin/www_bget?mmu:100502876+mmu:16531+mmu:16532+mmu:16533+mmu:58802+mmu:72413">
        <graphics name="Kcnmb3, EG435726, Gm5707..." fgcolor="#000000" bgcolor="#BFFFBF"
             type="rectangle" x="191" y="344" width="46" height="17"/>
    </entry>
    <entry id="38" name="cpd:C00238" type="compound"
        link="https://www.kegg.jp/dbget-bin/www_bget?C00238">
        <graphics name="C00238" fgcolor="#000000" bgcolor="#FFFFFF"
             type="circle" x="137" y="344" width="8" height="8"/>
    </entry>
    <entry id="40" name="mmu:230103" type="gene"
        link="https://www.kegg.jp/dbget-bin/www_bget?mmu:230103">
        <graphics name="Npr2, GC-B, GC-B2, GC-B3, cn, mNPR-B, pwe" fgcolor="#000000" bgcolor="#BFFFBF"
             type="rectangle" x="191" y="595" width="46" height="17"/>
    </entry>
    <entry id="41" name="mmu:17540" type="gene"
        link="https://www.kegg.jp/dbget-bin/www_bget?mmu:17540">
        <graphics name="Irag1, Irag, Mrvi1, Ris1" fgcolor="#000000" bgcolor="#BFFFBF"
             type="rectangle" x="623" y="474" width="46" height="17"/>
    </entry>
    <entry id="43" name="mmu:242202" type="gene"
        link="https://www.kegg.jp/dbget-bin/www_bget?mmu:242202">
        <graphics name="Pde5a, Cgbpde, Cn5n, PDE5a2, Pde5, Pde5a1" fgcolor="#000000" bgcolor="#BFFFBF"
             type="rectangle" x="468" y="625" width="46" height="17"/>
    </entry>
    <entry id="46" name="mmu:12788 mmu:333329" type="gene"
        link="https://www.kegg.jp/dbget-bin/www_bget?mmu:12788+mmu:333329">
        <graphics name="Cnga1, Cncg..." fgcolor="#000000" bgcolor="#BFFFBF"
             type="rectangle" x="191" y="655" width="46" height="17"/>
    </entry>
    <entry id="48" name="mmu:19735" type="gene"
        link="https://www.kegg.jp/dbget-bin/www_bget?mmu:19735">
        <graphics name="Rgs2, GOS8" fgcolor="#000000" bgcolor="#BFFFBF"
             type="rectangle" x="474" y="267" width="46" height="17"/>
    </entry>
    <entry id="49" name="mmu:11548 mmu:11549 mmu:11550 mmu:11551 mmu:11552 mmu:11553 mmu:11607 mmu:11608 mmu:13617 mmu:13618" type="gene"
        link="https://www.kegg.jp/dbget-bin/www_bget?mmu:11548+mmu:11549+mmu:11550+mmu:11551+mmu:11552+mmu:11553+mmu:11607+mmu:11608+mmu:13617+mmu:13618">
        <graphics name="Adra1b, [a]1b..." fgcolor="#000000" bgcolor="#BFFFBF"
             type="rectangle" x="191" y="121" width="46" height="17"/>
    </entry>
    <entry id="50" name="mmu:18795 mmu:18796 mmu:18797 mmu:18798" type="gene"
        link="https://www.kegg.jp/dbget-bin/www_bget?mmu:18795+mmu:18796+mmu:18797+mmu:18798">
        <graphics name="Plcb1, 3110043I21Rik, Plcb, mKIAA0581..." fgcolor="#000000" bgcolor="#BFFFBF"
             type="rectangle" x="581" y="341" width="46" height="17"/>
    </entry>
    <entry id="52" name="mmu:12288 mmu:12289 mmu:12292 mmu:54652" type="gene"
        link="https://www.kegg.jp/dbget-bin/www_bget?mmu:12288+mmu:12289+mmu:12292+mmu:54652">
        <graphics name="Cacna1c, Cav1.2, Cchl1a1, D930026N18Rik, MBC, MELC-CC..." fgcolor="#000000" bgcolor="#BFFFBF"
             type="rectangle" x="191" y="269" width="46" height="17"/>
    </entry>
    <entry id="55" name="mmu:11848 mmu:67653" type="gene"
        link="https://www.kegg.jp/dbget-bin/www_bget?mmu:11848+mmu:67653">
        <graphics name="Rhoa, Arha, Arha1, Arha2..." fgcolor="#000000" bgcolor="#BFFFBF"
             type="rectangle" x="641" y="549" width="46" height="17"/>
    </entry>
    <entry id="56" name="mmu:19877 mmu:19878" type="gene"
        link="https://www.kegg.jp/dbget-bin/www_bget?mmu:19877+mmu:19878">
        <graphics name="Rock1, 1110055K06Rik, Rock-I..." fgcolor="#000000" bgcolor="#BFFFBF"
             type="rectangle" x="727" y="549" width="46" height="17"/>
    </entry>
    <entry id="66" name="cpd:C01245" type="compound"
        link="https://www.kegg.jp/dbget-bin/www_bget?C01245">
        <graphics name="C01245" fgcolor="#000000" bgcolor="#FFFFFF"
             type="circle" x="638" y="340" width="8" height="8"/>
    </entry>
    <entry id="68" name="mmu:14672 mmu:14682" type="gene"
        link="https://www.kegg.jp/dbget-bin/www_bget?mmu:14672+mmu:14682">
        <graphics name="Gna11, Dsk7, E430025L19, Hg1k, g_alpha-11..." fgcolor="#000000" bgcolor="#BFFFBF"
             type="rectangle" x="395" y="121" width="46" height="17"/>
    </entry>
    <entry id="72" name="mmu:22068" type="gene"
        link="https://www.kegg.jp/dbget-bin/www_bget?mmu:22068">
        <graphics name="Trpc6, LLHWJM002, LLHWJM003, LLHWJM004, TRP-6, Trrp6, mtrp6" fgcolor="#000000" bgcolor="#BFFFBF"
             type="rectangle" x="191" y="186" width="46" height="17"/>
    </entry>
    <entry id="73" name="mmu:19055 mmu:19056 mmu:19057 mmu:19058 mmu:19059" type="gene"
        link="https://www.kegg.jp/dbget-bin/www_bget?mmu:19055+mmu:19056+mmu:19057+mmu:19058+mmu:19059">
        <graphics name="Ppp3ca, 2900074D19Rik, CN, Caln, Calna, CnA..." fgcolor="#000000" bgcolor="#BFFFBF"
             type="rectangle" x="520" y="186" width="46" height="17"/>
    </entry>
    <entry id="74" name="mmu:18018 mmu:18019 mmu:18021 mmu:73181" type="gene"
        link="https://www.kegg.jp/dbget-bin/www_bget?mmu:18018+mmu:18019+mmu:18021+mmu:73181">
        <graphics name="Nfatc1, 2210017P03Rik, NF-ATc, NFAT2, NFATc, Nfatcb..." fgcolor="#000000" bgcolor="#BFFFBF"
             type="rectangle" x="711" y="186" width="46" height="17"/>
    </entry>
    <entry id="75" name="mmu:105980076 mmu:17258 mmu:17259 mmu:17260 mmu:17261" type="gene"
        link="https://www.kegg.jp/dbget-bin/www_bget?mmu:105980076+mmu:17258+mmu:17259+mmu:17260+mmu:17261">
        <graphics name="Mef2bl, 2310045n01rik-mef2b, Gm45929..." fgcolor="#000000" bgcolor="#BFFFBF"
             type="rectangle" x="711" y="150" width="46" height="17"/>
    </entry>
    <entry id="76" name="mmu:14463" type="gene"
        link="https://www.kegg.jp/dbget-bin/www_bget?mmu:14463">
        <graphics name="Gata4, Gata-4" fgcolor="#000000" bgcolor="#BFFFBF"
             type="rectangle" x="711" y="238" width="46" height="17"/>
    </entry>
    <entry id="77" name="mmu:20807" type="gene"
        link="https://www.kegg.jp/dbget-bin/www_bget?mmu:20807">
        <graphics name="Srf" fgcolor="#000000" bgcolor="#BFFFBF"
             type="rectangle" x="711" y="221" width="46" height="17"/>
    </entry>
    <entry id="79" name="cpd:C00076" type="compound"
        link="https://www.kegg.jp/dbget-bin/www_bget?C00076">
        <graphics name="C00076" fgcolor="#000000" bgcolor="#FFFFFF"
             type="circle" x="137" y="186" width="8" height="8"/>
    </entry>
    <entry id="84" name="path:mmu04270" type="map"
        link="https://www.kegg.jp/dbget-bin/www_bget?mmu04270">
        <graphics name="Vascular smooth muscle contraction" fgcolor="#000000" bgcolor="#FFFFFF"
             type="roundrectangle" x="989" y="633" width="125" height="34"/>
    </entry>
    <entry id="85" name="path:mmu04020" type="map"
        link="https://www.kegg.jp/dbget-bin/www_bget?mmu04020">
        <graphics name="Calcium signaling pathway" fgcolor="#000000" bgcolor="#FFFFFF"
             type="roundrectangle" x="720" y="332" width="125" height="34"/>
    </entry>
    <entry id="86" name="mmu:11937 mmu:11938 mmu:53313" type="gene"
        link="https://www.kegg.jp/dbget-bin/www_bget?mmu:11937+mmu:11938+mmu:53313">
        <graphics name="Atp2a1, SERCA1..." fgcolor="#000000" bgcolor="#BFFFBF"
             type="rectangle" x="739" y="461" width="46" height="17"/>
    </entry>
    <entry id="87" name="mmu:18821" type="gene"
        link="https://www.kegg.jp/dbget-bin/www_bget?mmu:18821">
        <graphics name="Pln, Plb" fgcolor="#000000" bgcolor="#BFFFBF"
             type="rectangle" x="709" y="478" width="46" height="17"/>
    </entry>
    <entry id="89" name="mmu:16523" type="gene"
        link="https://www.kegg.jp/dbget-bin/www_bget?mmu:16523">
        <graphics name="Kcnj8, Kir6.1, gnite, slmbr, sltr, uKATP-1" fgcolor="#000000" bgcolor="#BFFFBF"
             type="rectangle" x="789" y="734" width="46" height="17"/>
    </entry>
    <entry id="91" name="mmu:110157" type="gene"
        link="https://www.kegg.jp/dbget-bin/www_bget?mmu:110157">
        <graphics name="Raf1, 6430402F14Rik, Craf1, D830050J10Rik, Raf-1, c-Raf, cRaf, v-Raf" fgcolor="#000000" bgcolor="#BFFFBF"
             type="rectangle" x="588" y="943" width="46" height="17"/>
    </entry>
    <entry id="92" name="path:mmu04010" type="map"
        link="https://www.kegg.jp/dbget-bin/www_bget?mmu04010">
        <graphics name="MAPK signaling pathway" fgcolor="#000000" bgcolor="#FFFFFF"
             type="roundrectangle" x="489" y="941" width="125" height="34"/>
    </entry>
    <entry id="93" name="mmu:26395 mmu:26396" type="gene"
        link="https://www.kegg.jp/dbget-bin/www_bget?mmu:26395+mmu:26396">
        <graphics name="Map2k1, MAPKK1, MEKK1, Mek1, Prkmk1..." fgcolor="#000000" bgcolor="#BFFFBF"
             type="rectangle" x="667" y="943" width="46" height="17"/>
    </entry>
    <entry id="94" name="mmu:26413 mmu:26417" type="gene"
        link="https://www.kegg.jp/dbget-bin/www_bget?mmu:26413+mmu:26417">
        <graphics name="Mapk1, 9030612K14Rik, ERK, Erk2, MAPK2, PRKM2, Prkm1, p41mapk, p42mapk..." fgcolor="#000000" bgcolor="#BFFFBF"
             type="rectangle" x="746" y="943" width="46" height="17"/>
    </entry>
    <entry id="100" name="mmu:12015" type="gene"
        link="https://www.kegg.jp/dbget-bin/www_bget?mmu:12015">
        <graphics name="Bad, Bbc2" fgcolor="#000000" bgcolor="#BFFFBF"
             type="rectangle" x="707" y="845" width="46" height="17"/>
    </entry>
    <entry id="101" name="mmu:11909 mmu:11911 mmu:12912 mmu:12913 mmu:12915 mmu:208647 mmu:208677 mmu:231991 mmu:26427 mmu:78284" type="gene"
        link="https://www.kegg.jp/dbget-bin/www_bget?mmu:11909+mmu:11911+mmu:12912+mmu:12913+mmu:12915+mmu:208647+mmu:208677+mmu:231991+mmu:26427+mmu:78284">
        <graphics name="Atf2, Atf-2, CRE-BP, Creb2, D130078H02Rik, Tg(Gzma-Klra1)7Wum, mXBP..." fgcolor="#000000" bgcolor="#BFFFBF"
             type="rectangle" x="707" y="805" width="46" height="17"/>
    </entry>
    <entry id="103" name="mmu:22323" type="gene"
        link="https://www.kegg.jp/dbget-bin/www_bget?mmu:22323">
        <graphics name="Vasp" fgcolor="#000000" bgcolor="#BFFFBF"
             type="rectangle" x="707" y="891" width="46" height="17"/>
    </entry>
    <entry id="104" name="path:mmu04210" type="map"
        link="https://www.kegg.jp/dbget-bin/www_bget?mmu04210">
        <graphics name="Apoptosis" fgcolor="#000000" bgcolor="#FFFFFF"
             type="roundrectangle" x="986" y="790" width="92" height="25"/>
    </entry>
    <entry id="105" name="mmu:110891 mmu:110893 mmu:20541" type="gene"
        link="https://www.kegg.jp/dbget-bin/www_bget?mmu:110891+mmu:110893+mmu:20541">
        <graphics name="Slc8a2, Ncx2..." fgcolor="#000000" bgcolor="#BFFFBF"
             type="rectangle" x="191" y="390" width="46" height="17"/>
    </entry>
    <entry id="106" name="mmu:11928 mmu:11931 mmu:11932 mmu:11933 mmu:11936 mmu:232975 mmu:27222 mmu:67821 mmu:98660" type="gene"
        link="https://www.kegg.jp/dbget-bin/www_bget?mmu:11928+mmu:11931+mmu:11932+mmu:11933+mmu:11936+mmu:232975+mmu:27222+mmu:67821+mmu:98660">
        <graphics name="Atp1a1, Atpa-1..." fgcolor="#000000" bgcolor="#BFFFBF"
             type="rectangle" x="191" y="435" width="46" height="17"/>
    </entry>
    <entry id="107" name="mmu:11941 mmu:320707 mmu:381290 mmu:67972" type="gene"
        link="https://www.kegg.jp/dbget-bin/www_bget?mmu:11941+mmu:320707+mmu:381290+mmu:67972">
        <graphics name="Atp2b2, D6Abb2e, Gena300, PMCA2, Tmy, dfw, jog, wms, wri..." fgcolor="#000000" bgcolor="#BFFFBF"
             type="rectangle" x="191" y="476" width="46" height="17"/>
    </entry>
    <entry id="111" name="mmu:14886 mmu:57080" type="gene"
        link="https://www.kegg.jp/dbget-bin/www_bget?mmu:14886+mmu:57080">
        <graphics name="Gtf2i, 6030441I21Rik, BAP-135, Diws1t, GtfII-I, Spin, TFII-I, WBSCR6..." fgcolor="#000000" bgcolor="#BFFFBF"
             type="rectangle" x="591" y="273" width="46" height="17"/>
    </entry>
    <entry id="113" name="mmu:18386" type="gene"
        link="https://www.kegg.jp/dbget-bin/www_bget?mmu:18386">
        <graphics name="Oprd1, DOR, DOR-1, Nbor, mDOR" fgcolor="#000000" bgcolor="#BFFFBF"
             type="rectangle" x="191" y="829" width="46" height="17"/>
    </entry>
    <entry id="114" name="mmu:104709 mmu:30955 mmu:320207" type="gene"
        link="https://www.kegg.jp/dbget-bin/www_bget?mmu:104709+mmu:30955+mmu:320207">
        <graphics name="Pik3r6, p84, p84_PIKAP, p87(PIKAP), p87PIKAP..." fgcolor="#000000" bgcolor="#BFFFBF"
             type="rectangle" x="349" y="889" width="46" height="17"/>
    </entry>
    <entry id="115" name="mmu:11651 mmu:11652 mmu:23797" type="gene"
        link="https://www.kegg.jp/dbget-bin/www_bget?mmu:11651+mmu:11652+mmu:23797">
        <graphics name="Akt1, Akt, LTR-akt, PKB, PKB/Akt, PKBalpha, Rac..." fgcolor="#000000" bgcolor="#BFFFBF"
             type="rectangle" x="426" y="889" width="46" height="17"/>
    </entry>
    <entry id="116" name="mmu:18127" type="gene"
        link="https://www.kegg.jp/dbget-bin/www_bget?mmu:18127">
        <graphics name="Nos3, 2310065A03Rik, Nos-3, eNOS, ecNOS" fgcolor="#000000" bgcolor="#BFFFBF"
             type="rectangle" x="505" y="889" width="46" height="17"/>
    </entry>
    <entry id="121" name="cpd:C00533" type="compound"
        link="https://www.kegg.jp/dbget-bin/www_bget?C00533">
        <graphics name="C00533" fgcolor="#000000" bgcolor="#FFFFFF"
             type="circle" x="505" y="826" width="8" height="8"/>
    </entry>
    <entry id="125" name="cpd:C00144" type="compound"
        link="https://www.kegg.jp/dbget-bin/www_bget?C00144">
        <graphics name="C00144" fgcolor="#000000" bgcolor="#FFFFFF"
             type="circle" x="489" y="685" width="8" height="8"/>
    </entry>
    <entry id="131" name="mmu:140781 mmu:17888" type="gene"
        link="https://www.kegg.jp/dbget-bin/www_bget?mmu:140781+mmu:17888">
        <graphics name="Myh7, B-MHC, MYH-beta/slow, MyHC-I, Myhc-b, Myhcb, beta-MHC, betaMHC, myHC-beta, myHC-slow..." fgcolor="#000000" bgcolor="#BFFFBF"
             type="rectangle" x="869" y="163" width="46" height="17"/>
    </entry>
    <entry id="132" name="mmu:18158" type="gene"
        link="https://www.kegg.jp/dbget-bin/www_bget?mmu:18158">
        <graphics name="Nppb, BNF, BNP, Iso-ANP" fgcolor="#000000" bgcolor="#BFFFBF"
             type="rectangle" x="869" y="186" width="46" height="17"/>
    </entry>
    <entry id="133" name="mmu:22068" type="gene"
        link="https://www.kegg.jp/dbget-bin/www_bget?mmu:22068">
        <graphics name="Trpc6, LLHWJM002, LLHWJM003, LLHWJM004, TRP-6, Trrp6, mtrp6" fgcolor="#000000" bgcolor="#BFFFBF"
             type="rectangle" x="869" y="209" width="46" height="17"/>
    </entry>
    <entry id="135" name="path:mmu04744" type="map"
        link="https://www.kegg.jp/dbget-bin/www_bget?mmu04744">
        <graphics name="Phototransduction" fgcolor="#000000" bgcolor="#FFFFFF"
             type="roundrectangle" x="283" y="685" width="115" height="25"/>
    </entry>
    <entry id="139" name="mmu:104110 mmu:104111 mmu:11512 mmu:11513 mmu:11514 mmu:11515 mmu:210044 mmu:224129 mmu:432530" type="gene"
        link="https://www.kegg.jp/dbget-bin/www_bget?mmu:104110+mmu:104111+mmu:11512+mmu:11513+mmu:11514+mmu:11515+mmu:210044+mmu:224129+mmu:432530">
        <graphics name="Adcy4, mKIAA4004..." fgcolor="#000000" bgcolor="#BFFFBF"
             type="rectangle" x="191" y="727" width="46" height="17"/>
    </entry>
    <entry id="140" name="cpd:C00575" type="compound"
        link="https://www.kegg.jp/dbget-bin/www_bget?C00575">
        <graphics name="C00575" fgcolor="#000000" bgcolor="#FFFFFF"
             type="circle" x="304" y="728" width="8" height="8"/>
    </entry>
    <entry id="141" name="cpd:C00020" type="compound"
        link="https://www.kegg.jp/dbget-bin/www_bget?C00020">
        <graphics name="C00020" fgcolor="#000000" bgcolor="#FFFFFF"
             type="circle" x="494" y="730" width="8" height="8"/>
    </entry>
    <entry id="144" name="mmu:207728" type="gene"
        link="https://www.kegg.jp/dbget-bin/www_bget?mmu:207728">
        <graphics name="Pde2a, CGS-PDE, cGSPDE" fgcolor="#000000" bgcolor="#BFFFBF"
             type="rectangle" x="385" y="715" width="46" height="17"/>
    </entry>
    <entry id="145" name="mmu:18576 mmu:54611" type="gene"
        link="https://www.kegg.jp/dbget-bin/www_bget?mmu:18576+mmu:54611">
        <graphics name="Pde3b, 9830102A01Rik..." fgcolor="#000000" bgcolor="#BFFFBF"
             type="rectangle" x="440" y="715" width="46" height="17"/>
    </entry>
    <entry id="149" name="cpd:C00076" type="compound"
        link="https://www.kegg.jp/dbget-bin/www_bget?C00076">
        <graphics name="C00076" fgcolor="#000000" bgcolor="#FFFFFF"
             type="circle" x="137" y="267" width="8" height="8"/>
    </entry>
    <entry id="153" name="cpd:C00076" type="compound"
        link="https://www.kegg.jp/dbget-bin/www_bget?C00076">
        <graphics name="C00076" fgcolor="#000000" bgcolor="#FFFFFF"
             type="circle" x="128" y="392" width="8" height="8"/>
    </entry>
    <entry id="154" name="cpd:C00076" type="compound"
        link="https://www.kegg.jp/dbget-bin/www_bget?C00076">
        <graphics name="C00076" fgcolor="#000000" bgcolor="#FFFFFF"
             type="circle" x="128" y="476" width="8" height="8"/>
    </entry>
    <entry id="163" name="mmu:18754" type="gene"
        link="https://www.kegg.jp/dbget-bin/www_bget?mmu:18754">
        <graphics name="Prkce, 5830406C15Rik, PKC[e], PKCepsilon, Pkce" fgcolor="#000000" bgcolor="#BFFFBF"
             type="rectangle" x="865" y="708" width="46" height="17"/>
    </entry>
    <entry id="164" name="mmu:105675 mmu:11739 mmu:11740 mmu:22333 mmu:22334 mmu:22335 mmu:73333" type="gene"
        link="https://www.kegg.jp/dbget-bin/www_bget?mmu:105675+mmu:11739+mmu:11740+mmu:22333+mmu:22334+mmu:22335+mmu:73333">
        <graphics name="Ppif, CyP-D, CyP-F, CypD, PPIase..." fgcolor="#000000" bgcolor="#BFFFBF"
             type="rectangle" x="865" y="667" width="46" height="17"/>
    </entry>
    <entry id="165" name="mmu:18754" type="gene"
        link="https://www.kegg.jp/dbget-bin/www_bget?mmu:18754">
        <graphics name="Prkce, 5830406C15Rik, PKC[e], PKCepsilon, Pkce" fgcolor="#000000" bgcolor="#BFFFBF"
             type="rectangle" x="712" y="694" width="46" height="17"/>
    </entry>
    <entry id="169" name="cpd:C00238" type="compound"
        link="https://www.kegg.jp/dbget-bin/www_bget?C00238">
        <graphics name="C00238" fgcolor="#000000" bgcolor="#FFFFFF"
             type="circle" x="787" y="698" width="8" height="8"/>
    </entry>
    <entry id="171" name="mmu:107589 mmu:213435 mmu:228785 mmu:238564" type="gene"
        link="https://www.kegg.jp/dbget-bin/www_bget?mmu:107589+mmu:213435+mmu:228785+mmu:238564">
        <graphics name="Mylk, 9530072E15Rik, A930019C19Rik, KRP, MLCK108, MLCK210, Mlck, nmMlck, smMLCK..." fgcolor="#000000" bgcolor="#BFFFBF"
             type="rectangle" x="831" y="490" width="46" height="17"/>
    </entry>
    <entry id="172" name="mmu:12313 mmu:12314 mmu:12315 mmu:494124 mmu:70405 mmu:75600 mmu:80796" type="gene"
        link="https://www.kegg.jp/dbget-bin/www_bget?mmu:12313+mmu:12314+mmu:12315+mmu:494124+mmu:70405+mmu:75600+mmu:80796">
        <graphics name="Calm1, CaM, Calm, Cam1..." fgcolor="#000000" bgcolor="#BFFFBF"
             type="rectangle" x="920" y="463" width="46" height="17"/>
    </entry>
    <entry id="175" name="cpd:C00076" type="compound"
        link="https://www.kegg.jp/dbget-bin/www_bget?C00076">
        <graphics name="C00076" fgcolor="#000000" bgcolor="#FFFFFF"
             type="circle" x="998" y="441" width="8" height="8"/>
    </entry>
    <entry id="178" name="mmu:16367 mmu:16369 mmu:16370 mmu:384783" type="gene"
        link="https://www.kegg.jp/dbget-bin/www_bget?mmu:16367+mmu:16369+mmu:16370+mmu:384783">
        <graphics name="Irs1, G972R, IRS-1..." fgcolor="#000000" bgcolor="#BFFFBF"
             type="rectangle" x="271" y="889" width="46" height="17"/>
    </entry>
    <entry id="179" name="mmu:16337" type="gene"
        link="https://www.kegg.jp/dbget-bin/www_bget?mmu:16337">
        <graphics name="Insr, 4932439J01Rik, CD220, D630014A15Rik, IR, IR-A, IR-B" fgcolor="#000000" bgcolor="#BFFFBF"
             type="rectangle" x="191" y="889" width="46" height="17"/>
    </entry>
    <entry id="180" name="mmu:11554 mmu:11555 mmu:11556" type="gene"
        link="https://www.kegg.jp/dbget-bin/www_bget?mmu:11554+mmu:11555+mmu:11556">
        <graphics name="Adrb1, Adrb-1, beta-AR..." fgcolor="#000000" bgcolor="#BFFFBF"
             type="rectangle" x="191" y="934" width="46" height="17"/>
    </entry>
    <entry id="181" name="mmu:14677 mmu:14678 mmu:14679" type="gene"
        link="https://www.kegg.jp/dbget-bin/www_bget?mmu:14677+mmu:14678+mmu:14679">
        <graphics name="Gnai1, Gialpha1, Gnai-1, Hg1b..." fgcolor="#000000" bgcolor="#BFFFBF"
             type="rectangle" x="271" y="934" width="46" height="17"/>
    </entry>
    <entry id="182" name="mmu:12062" type="gene"
        link="https://www.kegg.jp/dbget-bin/www_bget?mmu:12062">
        <graphics name="Bdkrb2, B(2), B2, B2R, BK-2, BK2, BK2R, BKR2, BRB2" fgcolor="#000000" bgcolor="#BFFFBF"
             type="rectangle" x="191" y="804" width="46" height="17"/>
    </entry>
    <entry id="183" name="mmu:11539 mmu:11542" type="gene"
        link="https://www.kegg.jp/dbget-bin/www_bget?mmu:11539+mmu:11542">
        <graphics name="Adora1, A1-AR, A1AR, A1R, AA1R, ARA1, Ri..." fgcolor="#000000" bgcolor="#BFFFBF"
             type="rectangle" x="191" y="853" width="46" height="17"/>
    </entry>
    <entry id="188" name="cpd:C00212" type="compound"
        link="https://www.kegg.jp/dbget-bin/www_bget?C00212">
        <graphics name="C00212" fgcolor="#000000" bgcolor="#FFFFFF"
             type="circle" x="115" y="852" width="8" height="8"/>
    </entry>
    <entry id="193" name="mmu:16333 mmu:16334" type="gene"
        link="https://www.kegg.jp/dbget-bin/www_bget?mmu:16333+mmu:16334">
        <graphics name="Ins1, Ins-1, Ins2-rs1..." fgcolor="#000000" bgcolor="#BFFFBF"
             type="rectangle" x="113" y="889" width="46" height="17"/>
    </entry>
    <entry id="195" name="path:mmu04151" type="map"
        link="https://www.kegg.jp/dbget-bin/www_bget?mmu04151">
        <graphics name="PI3K-Akt signaling pathway" fgcolor="#000000" bgcolor="#FFFFFF"
             type="roundrectangle" x="412" y="850" width="125" height="34"/>
    </entry>
    <entry id="197" name="mmu:14677 mmu:14678 mmu:14679" type="gene"
        link="https://www.kegg.jp/dbget-bin/www_bget?mmu:14677+mmu:14678+mmu:14679">
        <graphics name="Gnai1, Gialpha1, Gnai-1, Hg1b..." fgcolor="#000000" bgcolor="#BFFFBF"
             type="rectangle" x="271" y="847" width="46" height="17"/>
    </entry>
    <entry id="199" name="mmu:14673 mmu:14674" type="gene"
        link="https://www.kegg.jp/dbget-bin/www_bget?mmu:14673+mmu:14674">
        <graphics name="Gna12, Galpha12..." fgcolor="#000000" bgcolor="#BFFFBF"
             type="rectangle" x="352" y="157" width="46" height="17"/>
    </entry>
    <entry id="202" name="cpd:C00027" type="compound"
        link="https://www.kegg.jp/dbget-bin/www_bget?C00027">
        <graphics name="C00027" fgcolor="#000000" bgcolor="#FFFFFF"
             type="circle" x="786" y="628" width="8" height="8"/>
    </entry>
    <entry id="205" name="mmu:16644 mmu:385643" type="gene"
        link="https://www.kegg.jp/dbget-bin/www_bget?mmu:16644+mmu:385643">
        <graphics name="Kng1, Kng..." fgcolor="#000000" bgcolor="#BFFFBF"
             type="rectangle" x="113" y="804" width="46" height="17"/>
    </entry>
    <entry id="207" name="mmu:230899" type="gene"
        link="https://www.kegg.jp/dbget-bin/www_bget?mmu:230899">
        <graphics name="Nppa, ANP, Anf, CDD, Pnd" fgcolor="#000000" bgcolor="#BFFFBF"
             type="rectangle" x="113" y="549" width="46" height="17"/>
    </entry>
    <entry id="208" name="mmu:18158" type="gene"
        link="https://www.kegg.jp/dbget-bin/www_bget?mmu:18158">
        <graphics name="Nppb, BNF, BNP, Iso-ANP" fgcolor="#000000" bgcolor="#BFFFBF"
             type="rectangle" x="113" y="578" width="46" height="17"/>
    </entry>
    <entry id="209" name="mmu:18159" type="gene"
        link="https://www.kegg.jp/dbget-bin/www_bget?mmu:18159">
        <graphics name="Nppc, CNP, lbab" fgcolor="#000000" bgcolor="#BFFFBF"
             type="rectangle" x="113" y="609" width="46" height="17"/>
    </entry>
    <entry id="210" name="undefined" type="group">
        <graphics fgcolor="#000000" bgcolor="#FFFFFF"
             type="rectangle" x="711" y="229" width="46" height="34"/>
        <component id="76"/>
        <component id="77"/>
    </entry>
    <relation entry1="49" entry2="68" type="PPrel">
        <subtype name="activation" value="--&gt;"/>
    </relation>
    <relation entry1="49" entry2="199" type="PPrel">
        <subtype name="activation" value="--&gt;"/>
    </relation>
    <relation entry1="68" entry2="50" type="PPrel">
        <subtype name="activation" value="--&gt;"/>
    </relation>
    <relation entry1="50" entry2="66" type="PCrel">
        <subtype name="activation" value="--&gt;"/>
    </relation>
    <relation entry1="66" entry2="32" type="PCrel">
        <subtype name="activation" value="--&gt;"/>
    </relation>
    <relation entry1="22" entry2="105" type="PPrel">
        <subtype name="activation" value="--&gt;"/>
    </relation>
    <relation entry1="22" entry2="106" type="PPrel">
        <subtype name="activation" value="--&gt;"/>
    </relation>
    <relation entry1="22" entry2="107" type="PPrel">
        <subtype name="activation" value="--&gt;"/>
    </relation>
    <relation entry1="20" entry2="21" type="PCrel">
        <subtype name="activation" value="--&gt;"/>
    </relation>
    <relation entry1="40" entry2="21" type="PCrel">
        <subtype name="activation" value="--&gt;"/>
    </relation>
    <relation entry1="21" entry2="22" type="PCrel">
        <subtype name="activation" value="--&gt;"/>
    </relation>
    <relation entry1="21" entry2="46" type="PCrel">
        <subtype name="activation" value="--&gt;"/>
    </relation>
    <relation entry1="19" entry2="23" type="PCrel">
        <subtype name="activation" value="--&gt;"/>
    </relation>
    <relation entry1="23" entry2="21" type="PCrel">
        <subtype name="activation" value="--&gt;"/>
    </relation>
    <relation entry1="21" entry2="144" type="PCrel">
        <subtype name="activation" value="--&gt;"/>
    </relation>
    <relation entry1="21" entry2="125" type="PCrel">
        <subtype name="activation" value="--&gt;"/>
    </relation>
    <relation entry1="175" entry2="172" type="PCrel">
        <subtype name="activation" value="--&gt;"/>
    </relation>
    <relation entry1="172" entry2="171" type="PPrel">
        <subtype name="activation" value="--&gt;"/>
    </relation>
    <relation entry1="165" entry2="89" type="PPrel">
        <subtype name="activation" value="--&gt;"/>
    </relation>
    <relation entry1="139" entry2="140" type="PCrel">
        <subtype name="activation" value="--&gt;"/>
    </relation>
    <relation entry1="188" entry2="183" type="PCrel">
        <subtype name="activation" value="--&gt;"/>
    </relation>
    <relation entry1="182" entry2="197" type="PPrel">
        <subtype name="activation" value="--&gt;"/>
    </relation>
    <relation entry1="113" entry2="197" type="PPrel">
        <subtype name="activation" value="--&gt;"/>
    </relation>
    <relation entry1="183" entry2="197" type="PPrel">
        <subtype name="activation" value="--&gt;"/>
    </relation>
    <relation entry1="197" entry2="114" type="PPrel">
        <subtype name="activation" value="--&gt;"/>
    </relation>
    <relation entry1="193" entry2="179" type="PPrel">
        <subtype name="activation" value="--&gt;"/>
    </relation>
    <relation entry1="179" entry2="178" type="PPrel">
        <subtype name="activation" value="--&gt;"/>
    </relation>
    <relation entry1="178" entry2="114" type="PPrel">
        <subtype name="activation" value="--&gt;"/>
    </relation>
    <relation entry1="114" entry2="115" type="PPrel">
        <subtype name="activation" value="--&gt;"/>
    </relation>
    <relation entry1="180" entry2="181" type="PPrel">
        <subtype name="activation" value="--&gt;"/>
    </relation>
    <relation entry1="181" entry2="116" type="PPrel">
        <subtype name="activation" value="--&gt;"/>
    </relation>
    <relation entry1="49" entry2="72" type="PPrel">
        <subtype name="activation" value="--&gt;"/>
        <subtype name="indirect effect" value="..&gt;"/>
    </relation>
    <relation entry1="199" entry2="55" type="PPrel">
        <subtype name="activation" value="--&gt;"/>
        <subtype name="indirect effect" value="..&gt;"/>
    </relation>
    <relation entry1="22" entry2="165" type="PPrel">
        <subtype name="activation" value="--&gt;"/>
        <subtype name="indirect effect" value="..&gt;"/>
    </relation>
    <relation entry1="202" entry2="163" type="PCrel">
        <subtype name="activation" value="--&gt;"/>
        <subtype name="indirect effect" value="..&gt;"/>
    </relation>
    <relation entry1="22" entry2="37" type="PPrel">
        <subtype name="activation" value="--&gt;"/>
        <subtype name="phosphorylation" value="+p"/>
    </relation>
    <relation entry1="22" entry2="48" type="PPrel">
        <subtype name="activation" value="--&gt;"/>
        <subtype name="phosphorylation" value="+p"/>
    </relation>
    <relation entry1="22" entry2="111" type="PPrel">
        <subtype name="activation" value="--&gt;"/>
        <subtype name="phosphorylation" value="+p"/>
    </relation>
    <relation entry1="22" entry2="41" type="PPrel">
        <subtype name="activation" value="--&gt;"/>
        <subtype name="phosphorylation" value="+p"/>
    </relation>
    <relation entry1="22" entry2="87" type="PPrel">
        <subtype name="activation" value="--&gt;"/>
        <subtype name="phosphorylation" value="+p"/>
    </relation>
    <relation entry1="171" entry2="16" type="PPrel">
        <subtype name="activation" value="--&gt;"/>
        <subtype name="phosphorylation" value="+p"/>
    </relation>
    <relation entry1="22" entry2="101" type="PPrel">
        <subtype name="activation" value="--&gt;"/>
        <subtype name="phosphorylation" value="+p"/>
    </relation>
    <relation entry1="22" entry2="100" type="PPrel">
        <subtype name="activation" value="--&gt;"/>
        <subtype name="phosphorylation" value="+p"/>
    </relation>
    <relation entry1="22" entry2="103" type="PPrel">
        <subtype name="activation" value="--&gt;"/>
        <subtype name="phosphorylation" value="+p"/>
    </relation>
    <relation entry1="22" entry2="91" type="PPrel">
        <subtype name="activation" value="--&gt;"/>
        <subtype name="phosphorylation" value="+p"/>
    </relation>
    <relation entry1="91" entry2="93" type="PPrel">
        <subtype name="activation" value="--&gt;"/>
        <subtype name="phosphorylation" value="+p"/>
    </relation>
    <relation entry1="93" entry2="94" type="PPrel">
        <subtype name="activation" value="--&gt;"/>
        <subtype name="phosphorylation" value="+p"/>
    </relation>
    <relation entry1="115" entry2="116" type="PPrel">
        <subtype name="activation" value="--&gt;"/>
        <subtype name="phosphorylation" value="+p"/>
    </relation>
    <relation entry1="22" entry2="72" type="PPrel">
        <subtype name="inhibition" value="--|"/>
        <subtype name="phosphorylation" value="+p"/>
    </relation>
    <relation entry1="22" entry2="52" type="PPrel">
        <subtype name="inhibition" value="--|"/>
        <subtype name="phosphorylation" value="+p"/>
    </relation>
    <relation entry1="56" entry2="15" type="PPrel">
        <subtype name="inhibition" value="--|"/>
        <subtype name="phosphorylation" value="+p"/>
    </relation>
    <relation entry1="15" entry2="16" type="PPrel">
        <subtype name="inhibition" value="--|"/>
        <subtype name="phosphorylation" value="+p"/>
    </relation>
    <relation entry1="37" entry2="52" type="PPrel">
        <subtype name="inhibition" value="--|"/>
    </relation>
    <relation entry1="21" entry2="145" type="PCrel">
        <subtype name="inhibition" value="--|"/>
    </relation>
    <relation entry1="163" entry2="164" type="PPrel">
        <subtype name="inhibition" value="--|"/>
    </relation>
    <relation entry1="41" entry2="32" type="PPrel">
        <subtype name="inhibition" value="--|"/>
    </relation>
    <relation entry1="22" entry2="50" type="PPrel">
        <subtype name="inhibition" value="--|"/>
        <subtype name="phosphorylation" value="+p"/>
    </relation>
    <relation entry1="116" entry2="121" type="PCrel">
        <subtype name="activation" value="--&gt;"/>
    </relation>
    <relation entry1="121" entry2="23" type="PCrel">
        <subtype name="activation" value="--&gt;"/>
    </relation>
    <relation entry1="73" entry2="74" type="PPrel">
        <subtype name="activation" value="--&gt;"/>
        <subtype name="dephosphorylation" value="-p"/>
    </relation>
    <relation entry1="74" entry2="75" type="PPrel">
        <subtype name="binding/association" value="---"/>
    </relation>
    <relation entry1="74" entry2="210" type="PPrel">
        <subtype name="binding/association" value="---"/>
    </relation>
    <relation entry1="74" entry2="131" type="GErel">
        <subtype name="expression" value="--&gt;"/>
    </relation>
    <relation entry1="74" entry2="132" type="GErel">
        <subtype name="expression" value="--&gt;"/>
    </relation>
    <relation entry1="74" entry2="133" type="GErel">
        <subtype name="expression" value="--&gt;"/>
    </relation>
    <relation entry1="55" entry2="56" type="PPrel">
        <subtype name="activation" value="--&gt;"/>
    </relation>
    <relation entry1="87" entry2="86" type="PPrel">
        <subtype name="binding/association" value="---"/>
    </relation>
    <relation entry1="48" entry2="68" type="PPrel">
        <subtype name="inhibition" value="--|"/>
        <subtype name="indirect effect" value="..&gt;"/>
    </relation>
    <relation entry1="22" entry2="15" type="PPrel">
        <subtype name="activation" value="--&gt;"/>
        <subtype name="phosphorylation" value="+p"/>
    </relation>
    <relation entry1="207" entry2="20" type="PPrel">
        <subtype name="activation" value="--&gt;"/>
    </relation>
    <relation entry1="208" entry2="20" type="PPrel">
        <subtype name="activation" value="--&gt;"/>
    </relation>
    <relation entry1="209" entry2="40" type="PPrel">
        <subtype name="activation" value="--&gt;"/>
    </relation>
    <relation entry1="205" entry2="182" type="PPrel">
        <subtype name="activation" value="--&gt;"/>
    </relation>
</pathway>
