<?xml version="1.0"?>
<!DOCTYPE pathway SYSTEM "https://www.kegg.jp/kegg/xml/KGML_v0.7.2_.dtd">
<!-- Creation date: Jan 20, 2020 15:32:34 +0900 (GMT+9) -->
<pathway name="path:mmu04727" org="mmu" number="04727"
         title="GABAergic synapse"
         image="https://www.kegg.jp/kegg/pathway/mmu/mmu04727.png"
         link="https://www.kegg.jp/kegg-bin/show_pathway?mmu04727">
    <entry id="17" name="path:mmu04727" type="map"
        link="https://www.kegg.jp/dbget-bin/www_bget?mmu04727">
        <graphics name="TITLE:GABAergic synapse" fgcolor="#000000" bgcolor="#FFFFFF"
             type="roundrectangle" x="130" y="58" width="180" height="25"/>
    </entry>
    <entry id="23" name="mmu:242425 mmu:54393" type="gene"
        link="https://www.kegg.jp/dbget-bin/www_bget?mmu:242425+mmu:54393">
        <graphics name="Gabbr2, GABABR2, Gb2, Gm425, Gpr51..." fgcolor="#000000" bgcolor="#BFFFBF"
             type="rectangle" x="757" y="762" width="46" height="17"/>
    </entry>
    <entry id="25" name="mmu:14412 mmu:243616" type="gene"
        link="https://www.kegg.jp/dbget-bin/www_bget?mmu:14412+mmu:243616">
        <graphics name="Slc6a13, GAT3, Gabt3, Gat2..." fgcolor="#000000" bgcolor="#BFFFBF"
             type="rectangle" x="718" y="219" width="46" height="17"/>
    </entry>
    <entry id="28" name="mmu:22348" type="gene"
        link="https://www.kegg.jp/dbget-bin/www_bget?mmu:22348">
        <graphics name="Slc32a1, VGAT, Viaat" fgcolor="#000000" bgcolor="#BFFFBF"
             type="rectangle" x="244" y="556" width="46" height="17"/>
    </entry>
    <entry id="29" name="cpd:C00025" type="compound"
        link="https://www.kegg.jp/dbget-bin/www_bget?C00025">
        <graphics name="C00025" fgcolor="#000000" bgcolor="#FFFFFF"
             type="circle" x="122" y="555" width="8" height="8"/>
    </entry>
    <entry id="30" name="cpd:C00334" type="compound"
        link="https://www.kegg.jp/dbget-bin/www_bget?C00334">
        <graphics name="C00334" fgcolor="#000000" bgcolor="#FFFFFF"
             type="circle" x="197" y="555" width="8" height="8"/>
    </entry>
    <entry id="31" name="cpd:C00334" type="compound"
        link="https://www.kegg.jp/dbget-bin/www_bget?C00334">
        <graphics name="C00334" fgcolor="#000000" bgcolor="#FFFFFF"
             type="circle" x="445" y="533" width="8" height="8"/>
    </entry>
    <entry id="32" name="mmu:104110 mmu:104111 mmu:11512 mmu:11513 mmu:11514 mmu:11515 mmu:210044 mmu:224129 mmu:432530" type="gene"
        link="https://www.kegg.jp/dbget-bin/www_bget?mmu:104110+mmu:104111+mmu:11512+mmu:11513+mmu:11514+mmu:11515+mmu:210044+mmu:224129+mmu:432530">
        <graphics name="Adcy4, mKIAA4004..." fgcolor="#000000" bgcolor="#BFFFBF"
             type="rectangle" x="935" y="762" width="46" height="17"/>
    </entry>
    <entry id="35" name="cpd:C00334" type="compound"
        link="https://www.kegg.jp/dbget-bin/www_bget?C00334">
        <graphics name="C00334" fgcolor="#000000" bgcolor="#FFFFFF"
             type="circle" x="635" y="641" width="8" height="8"/>
    </entry>
    <entry id="37" name="mmu:14415 mmu:14417" type="gene"
        link="https://www.kegg.jp/dbget-bin/www_bget?mmu:14415+mmu:14417">
        <graphics name="Gad1, EP10, Gad-1..." fgcolor="#000000" bgcolor="#BFFFBF"
             type="rectangle" x="152" y="570" width="46" height="17"/>
    </entry>
    <entry id="38" name="mmu:14411 mmu:14412 mmu:232333 mmu:243616" type="gene"
        link="https://www.kegg.jp/dbget-bin/www_bget?mmu:14411+mmu:14412+mmu:232333+mmu:243616">
        <graphics name="Slc6a12, BGT1, GAT-2, GAT2, Gabt2..." fgcolor="#000000" bgcolor="#BFFFBF"
             type="rectangle" x="623" y="794" width="46" height="17"/>
    </entry>
    <entry id="39" name="cpd:C00334" type="compound"
        link="https://www.kegg.jp/dbget-bin/www_bget?C00334">
        <graphics name="C00334" fgcolor="#000000" bgcolor="#FFFFFF"
             type="circle" x="686" y="792" width="8" height="8"/>
    </entry>
    <entry id="48" name="mmu:12286 mmu:12287" type="gene"
        link="https://www.kegg.jp/dbget-bin/www_bget?mmu:12286+mmu:12287">
        <graphics name="Cacna1a, APCA, BI, Caca1a, Cacnl1a4, Cav2.1, Ccha1a, EA2, FHM, HPCA, MHP, MHP1, SCA6, alpha1A, la, nmf352, rkr, smrl, tg..." fgcolor="#000000" bgcolor="#BFFFBF"
             type="rectangle" x="623" y="497" width="46" height="17"/>
    </entry>
    <entry id="49" name="cpd:C00076" type="compound"
        link="https://www.kegg.jp/dbget-bin/www_bget?C00076">
        <graphics name="C00076" fgcolor="#000000" bgcolor="#FFFFFF"
             type="circle" x="665" y="497" width="8" height="8"/>
    </entry>
    <entry id="72" name="mmu:100503710 mmu:14677 mmu:14678 mmu:14679 mmu:14681 mmu:14688 mmu:14693 mmu:14695 mmu:14696 mmu:14697 mmu:14699 mmu:14700 mmu:14701 mmu:14702 mmu:14704 mmu:14706 mmu:14707 mmu:14708 mmu:14709 mmu:14710 mmu:64337 mmu:66066" type="gene"
        link="https://www.kegg.jp/dbget-bin/www_bget?mmu:100503710+mmu:14677+mmu:14678+mmu:14679+mmu:14681+mmu:14688+mmu:14693+mmu:14695+mmu:14696+mmu:14697+mmu:14699+mmu:14700+mmu:14701+mmu:14702+mmu:14704+mmu:14706+mmu:14707+mmu:14708+mmu:14709+mmu:14710+mmu:64337+mmu:66066">
        <graphics name="Gng14, EG436049, Gm5741..." fgcolor="#000000" bgcolor="#BFFFBF"
             type="rectangle" x="848" y="762" width="46" height="17"/>
    </entry>
    <entry id="73" name="cpd:C00064" type="compound"
        link="https://www.kegg.jp/dbget-bin/www_bget?C00064">
        <graphics name="C00064" fgcolor="#000000" bgcolor="#FFFFFF"
             type="circle" x="123" y="449" width="8" height="8"/>
    </entry>
    <entry id="75" name="mmu:110886 mmu:14394 mmu:14395 mmu:14396 mmu:14397 mmu:14399 mmu:14400 mmu:14401 mmu:14402 mmu:14403 mmu:14404 mmu:14405 mmu:14406 mmu:14407 mmu:216643 mmu:57249" type="gene"
        link="https://www.kegg.jp/dbget-bin/www_bget?mmu:110886+mmu:14394+mmu:14395+mmu:14396+mmu:14397+mmu:14399+mmu:14400+mmu:14401+mmu:14402+mmu:14403+mmu:14404+mmu:14405+mmu:14406+mmu:14407+mmu:216643+mmu:57249">
        <graphics name="Gabra5, A230018I05Rik..." fgcolor="#000000" bgcolor="#BFFFBF"
             type="rectangle" x="757" y="598" width="46" height="17"/>
    </entry>
    <entry id="76" name="path:mmu00250" type="map"
        link="https://www.kegg.jp/dbget-bin/www_bget?mmu00250">
        <graphics name="Alanine, aspartate and glutamate metabolism" fgcolor="#000000" bgcolor="#FFFFFF"
             type="roundrectangle" x="203" y="493" width="136" height="34"/>
    </entry>
    <entry id="79" name="mmu:242425 mmu:54393" type="gene"
        link="https://www.kegg.jp/dbget-bin/www_bget?mmu:242425+mmu:54393">
        <graphics name="Gabbr2, GABABR2, Gb2, Gm425, Gpr51..." fgcolor="#000000" bgcolor="#BFFFBF"
             type="rectangle" x="532" y="321" width="46" height="17"/>
    </entry>
    <entry id="81" name="cpd:C00334" type="compound"
        link="https://www.kegg.jp/dbget-bin/www_bget?C00334">
        <graphics name="C00334" fgcolor="#000000" bgcolor="#FFFFFF"
             type="circle" x="715" y="148" width="8" height="8"/>
    </entry>
    <entry id="82" name="cpd:C00025" type="compound"
        link="https://www.kegg.jp/dbget-bin/www_bget?C00025">
        <graphics name="C00025" fgcolor="#000000" bgcolor="#FFFFFF"
             type="circle" x="444" y="148" width="8" height="8"/>
    </entry>
    <entry id="83" name="cpd:C00064" type="compound"
        link="https://www.kegg.jp/dbget-bin/www_bget?C00064">
        <graphics name="C00064" fgcolor="#000000" bgcolor="#FFFFFF"
             type="circle" x="342" y="148" width="8" height="8"/>
    </entry>
    <entry id="84" name="mmu:268860" type="gene"
        link="https://www.kegg.jp/dbget-bin/www_bget?mmu:268860">
        <graphics name="Abat, 9630038C02Rik, Gabaat, Gabat, Gm9851, I54, Laibat" fgcolor="#000000" bgcolor="#BFFFBF"
             type="rectangle" x="679" y="136" width="46" height="17"/>
    </entry>
    <entry id="85" name="mmu:14645" type="gene"
        link="https://www.kegg.jp/dbget-bin/www_bget?mmu:14645">
        <graphics name="Glul, GS, Glns" fgcolor="#000000" bgcolor="#BFFFBF"
             type="rectangle" x="399" y="133" width="46" height="17"/>
    </entry>
    <entry id="88" name="cpd:C00698" type="compound"
        link="https://www.kegg.jp/dbget-bin/www_bget?C00698">
        <graphics name="C00698" fgcolor="#000000" bgcolor="#FFFFFF"
             type="circle" x="710" y="597" width="8" height="8"/>
    </entry>
    <entry id="90" name="mmu:16522" type="gene"
        link="https://www.kegg.jp/dbget-bin/www_bget?mmu:16522">
        <graphics name="Kcnj6, BIR1, GIRK2, KATP2, KCNJ7, Kir3.2, weaver, wv" fgcolor="#000000" bgcolor="#BFFFBF"
             type="rectangle" x="757" y="810" width="46" height="17"/>
    </entry>
    <entry id="91" name="cpd:C00238" type="compound"
        link="https://www.kegg.jp/dbget-bin/www_bget?C00238">
        <graphics name="C00238" fgcolor="#000000" bgcolor="#FFFFFF"
             type="circle" x="803" y="810" width="8" height="8"/>
    </entry>
    <entry id="93" name="mmu:14660 mmu:216456" type="gene"
        link="https://www.kegg.jp/dbget-bin/www_bget?mmu:14660+mmu:216456">
        <graphics name="Gls, 6330442B14, B230365M23Rik..." fgcolor="#000000" bgcolor="#BFFFBF"
             type="rectangle" x="87" y="492" width="46" height="17"/>
    </entry>
    <entry id="100" name="path:mmu00020" type="map"
        link="https://www.kegg.jp/dbget-bin/www_bget?mmu00020">
        <graphics name="Citrate cycle (TCA cycle)" fgcolor="#000000" bgcolor="#FFFFFF"
             type="roundrectangle" x="567" y="120" width="92" height="34"/>
    </entry>
    <entry id="102" name="mmu:268860" type="gene"
        link="https://www.kegg.jp/dbget-bin/www_bget?mmu:268860">
        <graphics name="Abat, 9630038C02Rik, Gabaat, Gabat, Gm9851, I54, Laibat" fgcolor="#000000" bgcolor="#BFFFBF"
             type="rectangle" x="236" y="639" width="46" height="17"/>
    </entry>
    <entry id="106" name="mmu:100503710 mmu:14677 mmu:14678 mmu:14679 mmu:14681 mmu:14688 mmu:14693 mmu:14695 mmu:14696 mmu:14697 mmu:14699 mmu:14700 mmu:14701 mmu:14702 mmu:14704 mmu:14706 mmu:14707 mmu:14708 mmu:14709 mmu:14710 mmu:64337 mmu:66066" type="gene"
        link="https://www.kegg.jp/dbget-bin/www_bget?mmu:100503710+mmu:14677+mmu:14678+mmu:14679+mmu:14681+mmu:14688+mmu:14693+mmu:14695+mmu:14696+mmu:14697+mmu:14699+mmu:14700+mmu:14701+mmu:14702+mmu:14704+mmu:14706+mmu:14707+mmu:14708+mmu:14709+mmu:14710+mmu:64337+mmu:66066">
        <graphics name="Gng14, EG436049, Gm5741..." fgcolor="#000000" bgcolor="#BFFFBF"
             type="rectangle" x="531" y="380" width="46" height="17"/>
    </entry>
    <entry id="113" name="cpd:C00575" type="compound"
        link="https://www.kegg.jp/dbget-bin/www_bget?C00575">
        <graphics name="C00575" fgcolor="#000000" bgcolor="#FFFFFF"
             type="circle" x="991" y="763" width="8" height="8"/>
    </entry>
    <entry id="114" name="path:mmu04721" type="map"
        link="https://www.kegg.jp/dbget-bin/www_bget?mmu04721">
        <graphics name="Synaptic vesicle cycle" fgcolor="#000000" bgcolor="#FFFFFF"
             type="roundrectangle" x="446" y="612" width="92" height="34"/>
    </entry>
    <entry id="116" name="mmu:104110 mmu:104111 mmu:11512 mmu:11513 mmu:11514 mmu:11515 mmu:210044 mmu:224129 mmu:432530" type="gene"
        link="https://www.kegg.jp/dbget-bin/www_bget?mmu:104110+mmu:104111+mmu:11512+mmu:11513+mmu:11514+mmu:11515+mmu:210044+mmu:224129+mmu:432530">
        <graphics name="Adcy4, mKIAA4004..." fgcolor="#000000" bgcolor="#BFFFBF"
             type="rectangle" x="468" y="421" width="46" height="17"/>
    </entry>
    <entry id="117" name="mmu:18747 mmu:18749" type="gene"
        link="https://www.kegg.jp/dbget-bin/www_bget?mmu:18747+mmu:18749">
        <graphics name="Prkaca, PKCD, Pkaca..." fgcolor="#000000" bgcolor="#BFFFBF"
             type="rectangle" x="514" y="515" width="46" height="17"/>
    </entry>
    <entry id="119" name="cpd:C00575" type="compound"
        link="https://www.kegg.jp/dbget-bin/www_bget?C00575">
        <graphics name="C00575" fgcolor="#000000" bgcolor="#FFFFFF"
             type="circle" x="468" y="458" width="8" height="8"/>
    </entry>
    <entry id="124" name="mmu:268566" type="gene"
        link="https://www.kegg.jp/dbget-bin/www_bget?mmu:268566">
        <graphics name="Gphn, 5730552E08Rik, C230040D23, GPH, GPHRYN, geph" fgcolor="#000000" bgcolor="#BFFFBF"
             type="rectangle" x="834" y="619" width="46" height="17"/>
    </entry>
    <entry id="128" name="mmu:110886 mmu:14394 mmu:14395 mmu:14396 mmu:14397 mmu:14399 mmu:14400 mmu:14401 mmu:14402 mmu:14403 mmu:14404 mmu:14405 mmu:14406 mmu:14407 mmu:216643 mmu:57249" type="gene"
        link="https://www.kegg.jp/dbget-bin/www_bget?mmu:110886+mmu:14394+mmu:14395+mmu:14396+mmu:14397+mmu:14399+mmu:14400+mmu:14401+mmu:14402+mmu:14403+mmu:14404+mmu:14405+mmu:14406+mmu:14407+mmu:216643+mmu:57249">
        <graphics name="Gabra5, A230018I05Rik..." fgcolor="#000000" bgcolor="#BFFFBF"
             type="rectangle" x="1128" y="545" width="46" height="17"/>
    </entry>
    <entry id="129" name="mmu:56486 mmu:57436 mmu:93739" type="gene"
        link="https://www.kegg.jp/dbget-bin/www_bget?mmu:56486+mmu:57436+mmu:93739">
        <graphics name="Gabarap..." fgcolor="#000000" bgcolor="#BFFFBF"
             type="rectangle" x="1111" y="528" width="46" height="17"/>
    </entry>
    <entry id="130" name="mmu:18195" type="gene"
        link="https://www.kegg.jp/dbget-bin/www_bget?mmu:18195">
        <graphics name="Nsf, SKD2" fgcolor="#000000" bgcolor="#BFFFBF"
             type="rectangle" x="1111" y="562" width="46" height="17"/>
    </entry>
    <entry id="131" name="mmu:110886 mmu:14394 mmu:14395 mmu:14396 mmu:14397 mmu:14399 mmu:14400 mmu:14401 mmu:14402 mmu:14403 mmu:14404 mmu:14405 mmu:14406 mmu:14407 mmu:216643 mmu:57249" type="gene"
        link="https://www.kegg.jp/dbget-bin/www_bget?mmu:110886+mmu:14394+mmu:14395+mmu:14396+mmu:14397+mmu:14399+mmu:14400+mmu:14401+mmu:14402+mmu:14403+mmu:14404+mmu:14405+mmu:14406+mmu:14407+mmu:216643+mmu:57249">
        <graphics name="Gabra5, A230018I05Rik..." fgcolor="#000000" bgcolor="#BFFFBF"
             type="rectangle" x="970" y="548" width="46" height="17"/>
    </entry>
    <entry id="132" name="mmu:70827" type="gene"
        link="https://www.kegg.jp/dbget-bin/www_bget?mmu:70827">
        <graphics name="Trak2, 2900022D04Rik, 4733401O11Rik, Als2cr3, CALS-C, GRIF-1, GRIF1, OIP98, mKIAA0549" fgcolor="#000000" bgcolor="#BFFFBF"
             type="rectangle" x="951" y="531" width="46" height="17"/>
    </entry>
    <entry id="133" name="mmu:227120" type="gene"
        link="https://www.kegg.jp/dbget-bin/www_bget?mmu:227120">
        <graphics name="Plcl1, C230017K02Rik, PLC-L, PLC-L1, PLCE, PLCL, PLDL1, PRIP, PRIP-1" fgcolor="#000000" bgcolor="#BFFFBF"
             type="rectangle" x="951" y="565" width="46" height="17"/>
    </entry>
    <entry id="141" name="mmu:110886 mmu:14394 mmu:14395 mmu:14396 mmu:14397 mmu:14399 mmu:14400 mmu:14401 mmu:14402 mmu:14403 mmu:14404 mmu:14405 mmu:14406 mmu:14407 mmu:216643 mmu:57249" type="gene"
        link="https://www.kegg.jp/dbget-bin/www_bget?mmu:110886+mmu:14394+mmu:14395+mmu:14396+mmu:14397+mmu:14399+mmu:14400+mmu:14401+mmu:14402+mmu:14403+mmu:14404+mmu:14405+mmu:14406+mmu:14407+mmu:216643+mmu:57249">
        <graphics name="Gabra5, A230018I05Rik..." fgcolor="#000000" bgcolor="#BFFFBF"
             type="rectangle" x="825" y="450" width="46" height="17"/>
    </entry>
    <entry id="142" name="mmu:110886 mmu:14394 mmu:14395 mmu:14396 mmu:14397 mmu:14399 mmu:14400 mmu:14401 mmu:14402 mmu:14403 mmu:14404 mmu:14405 mmu:14406 mmu:14407 mmu:216643 mmu:57249" type="gene"
        link="https://www.kegg.jp/dbget-bin/www_bget?mmu:110886+mmu:14394+mmu:14395+mmu:14396+mmu:14397+mmu:14399+mmu:14400+mmu:14401+mmu:14402+mmu:14403+mmu:14404+mmu:14405+mmu:14406+mmu:14407+mmu:216643+mmu:57249">
        <graphics name="Gabra5, A230018I05Rik..." fgcolor="#000000" bgcolor="#BFFFBF"
             type="rectangle" x="1032" y="452" width="46" height="17"/>
    </entry>
    <entry id="146" name="mmu:15114" type="gene"
        link="https://www.kegg.jp/dbget-bin/www_bget?mmu:15114">
        <graphics name="Hap1, HAP-1" fgcolor="#000000" bgcolor="#BFFFBF"
             type="rectangle" x="1012" y="469" width="46" height="17"/>
    </entry>
    <entry id="147" name="mmu:12286 mmu:12287 mmu:12288 mmu:12289 mmu:12292 mmu:54652" type="gene"
        link="https://www.kegg.jp/dbget-bin/www_bget?mmu:12286+mmu:12287+mmu:12288+mmu:12289+mmu:12292+mmu:54652">
        <graphics name="Cacna1a, APCA, BI, Caca1a, Cacnl1a4, Cav2.1, Ccha1a, EA2, FHM, HPCA, MHP, MHP1, SCA6, alpha1A, la, nmf352, rkr, smrl, tg..." fgcolor="#000000" bgcolor="#BFFFBF"
             type="rectangle" x="757" y="717" width="46" height="17"/>
    </entry>
    <entry id="150" name="cpd:C00076" type="compound"
        link="https://www.kegg.jp/dbget-bin/www_bget?C00076">
        <graphics name="C00076" fgcolor="#000000" bgcolor="#FFFFFF"
             type="circle" x="709" y="717" width="8" height="8"/>
    </entry>
    <entry id="154" name="mmu:14408 mmu:14409 mmu:328699" type="gene"
        link="https://www.kegg.jp/dbget-bin/www_bget?mmu:14408+mmu:14409+mmu:328699">
        <graphics name="Gabrr1, GABA-C..." fgcolor="#000000" bgcolor="#BFFFBF"
             type="rectangle" x="757" y="679" width="46" height="17"/>
    </entry>
    <entry id="155" name="mmu:57138" type="gene"
        link="https://www.kegg.jp/dbget-bin/www_bget?mmu:57138">
        <graphics name="Slc12a5, KCC2, mKIAA1176" fgcolor="#000000" bgcolor="#BFFFBF"
             type="rectangle" x="757" y="643" width="46" height="17"/>
    </entry>
    <entry id="156" name="cpd:C00698" type="compound"
        link="https://www.kegg.jp/dbget-bin/www_bget?C00698">
        <graphics name="C00698" fgcolor="#000000" bgcolor="#FFFFFF"
             type="circle" x="705" y="677" width="8" height="8"/>
    </entry>
    <entry id="158" name="cpd:C00238" type="compound"
        link="https://www.kegg.jp/dbget-bin/www_bget?C00238">
        <graphics name="C00238" fgcolor="#000000" bgcolor="#FFFFFF"
             type="circle" x="798" y="639" width="8" height="8"/>
    </entry>
    <entry id="159" name="cpd:C00698" type="compound"
        link="https://www.kegg.jp/dbget-bin/www_bget?C00698">
        <graphics name="C00698" fgcolor="#000000" bgcolor="#FFFFFF"
             type="circle" x="798" y="650" width="8" height="8"/>
    </entry>
    <entry id="225" name="path:mmu04144" type="map"
        link="https://www.kegg.jp/dbget-bin/www_bget?mmu04144">
        <graphics name="Endocytosis" fgcolor="#000000" bgcolor="#FFFFFF"
             type="roundrectangle" x="909" y="456" width="92" height="25"/>
    </entry>
    <entry id="226" name="mmu:110886 mmu:14394 mmu:14395 mmu:14396 mmu:14397 mmu:14399 mmu:14400 mmu:14401 mmu:14402 mmu:14403 mmu:14404 mmu:14405 mmu:14406 mmu:14407 mmu:216643 mmu:57249" type="gene"
        link="https://www.kegg.jp/dbget-bin/www_bget?mmu:110886+mmu:14394+mmu:14395+mmu:14396+mmu:14397+mmu:14399+mmu:14400+mmu:14401+mmu:14402+mmu:14403+mmu:14404+mmu:14405+mmu:14406+mmu:14407+mmu:216643+mmu:57249">
        <graphics name="Gabra5, A230018I05Rik..." fgcolor="#000000" bgcolor="#BFFFBF"
             type="rectangle" x="877" y="384" width="46" height="17"/>
    </entry>
    <entry id="227" name="mmu:18747 mmu:18749" type="gene"
        link="https://www.kegg.jp/dbget-bin/www_bget?mmu:18747+mmu:18749">
        <graphics name="Prkaca, PKCD, Pkaca..." fgcolor="#000000" bgcolor="#BFFFBF"
             type="rectangle" x="812" y="509" width="46" height="17"/>
    </entry>
    <entry id="228" name="mmu:18750 mmu:18751 mmu:18752" type="gene"
        link="https://www.kegg.jp/dbget-bin/www_bget?mmu:18750+mmu:18751+mmu:18752">
        <graphics name="Prkca, Pkca..." fgcolor="#000000" bgcolor="#BFFFBF"
             type="rectangle" x="812" y="530" width="46" height="17"/>
    </entry>
    <entry id="229" name="mmu:20779" type="gene"
        link="https://www.kegg.jp/dbget-bin/www_bget?mmu:20779">
        <graphics name="Src, pp60c-src" fgcolor="#000000" bgcolor="#BFFFBF"
             type="rectangle" x="862" y="509" width="46" height="17"/>
    </entry>
    <entry id="233" name="cpd:C00026" type="compound"
        link="https://www.kegg.jp/dbget-bin/www_bget?C00026">
        <graphics name="C00026" fgcolor="#000000" bgcolor="#FFFFFF"
             type="circle" x="514" y="148" width="8" height="8"/>
    </entry>
    <entry id="234" name="cpd:C00042" type="compound"
        link="https://www.kegg.jp/dbget-bin/www_bget?C00042">
        <graphics name="C00042" fgcolor="#000000" bgcolor="#FFFFFF"
             type="circle" x="615" y="148" width="8" height="8"/>
    </entry>
    <entry id="236" name="mmu:209837 mmu:76257" type="gene"
        link="https://www.kegg.jp/dbget-bin/www_bget?mmu:209837+mmu:76257">
        <graphics name="Slc38a5, E330031E14, JM24, SN2..." fgcolor="#000000" bgcolor="#BFFFBF"
             type="rectangle" x="341" y="219" width="46" height="17"/>
    </entry>
    <entry id="237" name="mmu:105727 mmu:67760" type="gene"
        link="https://www.kegg.jp/dbget-bin/www_bget?mmu:105727+mmu:67760">
        <graphics name="Slc38a1, NAT2, SNAT1..." fgcolor="#000000" bgcolor="#BFFFBF"
             type="rectangle" x="123" y="395" width="46" height="17"/>
    </entry>
    <relation entry1="79" entry2="106" type="PPrel">
        <subtype name="activation" value="--&gt;"/>
    </relation>
    <relation entry1="116" entry2="119" type="PCrel">
        <subtype name="activation" value="--&gt;"/>
    </relation>
    <relation entry1="119" entry2="117" type="PCrel">
        <subtype name="activation" value="--&gt;"/>
    </relation>
    <relation entry1="23" entry2="72" type="PPrel">
        <subtype name="activation" value="--&gt;"/>
    </relation>
    <relation entry1="72" entry2="90" type="PPrel">
        <subtype name="activation" value="--&gt;"/>
    </relation>
    <relation entry1="106" entry2="116" type="PPrel">
        <subtype name="inhibition" value="--|"/>
    </relation>
    <relation entry1="106" entry2="48" type="PPrel">
        <subtype name="inhibition" value="--|"/>
    </relation>
    <relation entry1="72" entry2="147" type="PPrel">
        <subtype name="inhibition" value="--|"/>
    </relation>
    <relation entry1="142" entry2="146" type="PPrel">
        <subtype name="binding/association" value="---"/>
    </relation>
    <relation entry1="129" entry2="128" type="PPrel">
        <subtype name="binding/association" value="---"/>
    </relation>
    <relation entry1="128" entry2="130" type="PPrel">
        <subtype name="binding/association" value="---"/>
    </relation>
    <relation entry1="132" entry2="131" type="PPrel">
        <subtype name="binding/association" value="---"/>
    </relation>
    <relation entry1="131" entry2="133" type="PPrel">
        <subtype name="binding/association" value="---"/>
    </relation>
    <relation entry1="75" entry2="124" type="PPrel">
        <subtype name="binding/association" value="---"/>
    </relation>
    <relation entry1="72" entry2="32" type="PPrel">
        <subtype name="inhibition" value="--|"/>
    </relation>
    <relation entry1="35" entry2="79" type="PCrel">
        <subtype name="activation" value="--&gt;"/>
    </relation>
    <relation entry1="35" entry2="75" type="PCrel">
        <subtype name="activation" value="--&gt;"/>
    </relation>
    <relation entry1="35" entry2="154" type="PCrel">
        <subtype name="activation" value="--&gt;"/>
    </relation>
    <relation entry1="35" entry2="23" type="PCrel">
        <subtype name="activation" value="--&gt;"/>
    </relation>
</pathway>
