<?xml version="1.0"?>
<!DOCTYPE pathway SYSTEM "https://www.kegg.jp/kegg/xml/KGML_v0.7.2_.dtd">
<!-- Creation date: Jul 7, 2020 15:06:35 +0900 (GMT+9) -->
<pathway name="path:mmu04970" org="mmu" number="04970"
         title="Salivary secretion"
         image="https://www.kegg.jp/kegg/pathway/mmu/mmu04970.png"
         link="https://www.kegg.jp/kegg-bin/show_pathway?mmu04970">
    <entry id="26" name="path:mmu04970" type="map"
        link="https://www.kegg.jp/dbget-bin/www_bget?mmu04970">
        <graphics name="TITLE:Salivary secretion" fgcolor="#000000" bgcolor="#FFFFFF"
             type="roundrectangle" x="136" y="58" width="192" height="25"/>
    </entry>
    <entry id="27" name="path:mmu04530" type="map"
        link="https://www.kegg.jp/dbget-bin/www_bget?mmu04530">
        <graphics name="Tight junction" fgcolor="#000000" bgcolor="#FFFFFF"
             type="roundrectangle" x="603" y="187" width="115" height="25"/>
    </entry>
    <entry id="28" name="cpd:C00001" type="compound"
        link="https://www.kegg.jp/dbget-bin/www_bget?C00001">
        <graphics name="C00001" fgcolor="#000000" bgcolor="#FFFFFF"
             type="circle" x="144" y="940" width="8" height="8"/>
    </entry>
    <entry id="31" name="cpd:C01330" type="compound"
        link="https://www.kegg.jp/dbget-bin/www_bget?C01330">
        <graphics name="C01330" fgcolor="#000000" bgcolor="#FFFFFF"
             type="circle" x="112" y="651" width="8" height="8"/>
    </entry>
    <entry id="32" name="cpd:C00698" type="compound"
        link="https://www.kegg.jp/dbget-bin/www_bget?C00698">
        <graphics name="C00698" fgcolor="#000000" bgcolor="#FFFFFF"
             type="circle" x="112" y="632" width="8" height="8"/>
    </entry>
    <entry id="33" name="cpd:C00698" type="compound"
        link="https://www.kegg.jp/dbget-bin/www_bget?C00698">
        <graphics name="C00698" fgcolor="#000000" bgcolor="#FFFFFF"
             type="circle" x="732" y="692" width="8" height="8"/>
    </entry>
    <entry id="34" name="cpd:C00238" type="compound"
        link="https://www.kegg.jp/dbget-bin/www_bget?C00238">
        <graphics name="C00238" fgcolor="#000000" bgcolor="#FFFFFF"
             type="circle" x="112" y="612" width="8" height="8"/>
    </entry>
    <entry id="35" name="cpd:C01330" type="compound"
        link="https://www.kegg.jp/dbget-bin/www_bget?C01330">
        <graphics name="C01330" fgcolor="#000000" bgcolor="#FFFFFF"
             type="circle" x="143" y="926" width="8" height="8"/>
    </entry>
    <entry id="36" name="mmu:11554 mmu:11555 mmu:11556" type="gene"
        link="https://www.kegg.jp/dbget-bin/www_bget?mmu:11554+mmu:11555+mmu:11556">
        <graphics name="Adrb1, Adrb-1, beta-AR..." fgcolor="#000000" bgcolor="#BFFFBF"
             type="rectangle" x="181" y="370" width="46" height="17"/>
    </entry>
    <entry id="37" name="mmu:11548 mmu:11549 mmu:11550" type="gene"
        link="https://www.kegg.jp/dbget-bin/www_bget?mmu:11548+mmu:11549+mmu:11550">
        <graphics name="Adra1b, [a]1b..." fgcolor="#000000" bgcolor="#BFFFBF"
             type="rectangle" x="181" y="474" width="46" height="17"/>
    </entry>
    <entry id="38" name="mmu:12671" type="gene"
        link="https://www.kegg.jp/dbget-bin/www_bget?mmu:12671">
        <graphics name="Chrm3, Chrm-3, M3, M3R" fgcolor="#000000" bgcolor="#BFFFBF"
             type="rectangle" x="181" y="513" width="46" height="17"/>
    </entry>
    <entry id="39" name="mmu:212989" type="gene"
        link="https://www.kegg.jp/dbget-bin/www_bget?mmu:212989">
        <graphics name="Best2, Vmd2l1" fgcolor="#000000" bgcolor="#BFFFBF"
             type="rectangle" x="677" y="690" width="46" height="17"/>
    </entry>
    <entry id="40" name="mmu:20496" type="gene"
        link="https://www.kegg.jp/dbget-bin/www_bget?mmu:20496">
        <graphics name="Slc12a2, 9330166H04Rik, Nkcc1, mBSC2, sy-ns" fgcolor="#000000" bgcolor="#BFFFBF"
             type="rectangle" x="181" y="638" width="46" height="17"/>
    </entry>
    <entry id="41" name="mmu:14683" type="gene"
        link="https://www.kegg.jp/dbget-bin/www_bget?mmu:14683">
        <graphics name="Gnas, 5530400H20Rik, A930027G11Rik, C130027O20Rik, GPSA, GSP, Galphas, Gnas1, Gnasxl, Gs-alpha, Gsa, Nesp, Nesp55, Nespl, Oed-Sml, Oedsml, P1, P2, P3, PHP1A, PHP1B, POH, SCG6" fgcolor="#000000" bgcolor="#BFFFBF"
             type="rectangle" x="250" y="393" width="46" height="17"/>
    </entry>
    <entry id="42" name="mmu:104110 mmu:104111 mmu:11512 mmu:11513 mmu:11514 mmu:11515 mmu:210044 mmu:224129 mmu:432530" type="gene"
        link="https://www.kegg.jp/dbget-bin/www_bget?mmu:104110+mmu:104111+mmu:11512+mmu:11513+mmu:11514+mmu:11515+mmu:210044+mmu:224129+mmu:432530">
        <graphics name="Adcy4, mKIAA4004..." fgcolor="#000000" bgcolor="#BFFFBF"
             type="rectangle" x="181" y="416" width="46" height="17"/>
    </entry>
    <entry id="43" name="cpd:C00575" type="compound"
        link="https://www.kegg.jp/dbget-bin/www_bget?C00575">
        <graphics name="C00575" fgcolor="#000000" bgcolor="#FFFFFF"
             type="circle" x="309" y="419" width="8" height="8"/>
    </entry>
    <entry id="47" name="mmu:18747 mmu:18749" type="gene"
        link="https://www.kegg.jp/dbget-bin/www_bget?mmu:18747+mmu:18749">
        <graphics name="Prkaca, PKCD, Pkaca..." fgcolor="#000000" bgcolor="#BFFFBF"
             type="rectangle" x="482" y="416" width="46" height="17"/>
    </entry>
    <entry id="48" name="mmu:22318" type="gene"
        link="https://www.kegg.jp/dbget-bin/www_bget?mmu:22318">
        <graphics name="Vamp2, Syb-2, Syb2, Vamp-2, sybII" fgcolor="#000000" bgcolor="#BFFFBF"
             type="rectangle" x="586" y="383" width="46" height="17"/>
    </entry>
    <entry id="51" name="mmu:14682" type="gene"
        link="https://www.kegg.jp/dbget-bin/www_bget?mmu:14682">
        <graphics name="Gnaq, 1110005L02Rik, 6230401I02Rik, Dsk1, Dsk10, Galphaq, Gq, GqI" fgcolor="#000000" bgcolor="#BFFFBF"
             type="rectangle" x="263" y="495" width="46" height="17"/>
    </entry>
    <entry id="52" name="mmu:18795 mmu:18796 mmu:18797 mmu:18798" type="gene"
        link="https://www.kegg.jp/dbget-bin/www_bget?mmu:18795+mmu:18796+mmu:18797+mmu:18798">
        <graphics name="Plcb1, 3110043I21Rik, Plcb, mKIAA0581..." fgcolor="#000000" bgcolor="#BFFFBF"
             type="rectangle" x="343" y="495" width="46" height="17"/>
    </entry>
    <entry id="53" name="mmu:16438 mmu:16439 mmu:16440" type="gene"
        link="https://www.kegg.jp/dbget-bin/www_bget?mmu:16438+mmu:16439+mmu:16440">
        <graphics name="Itpr1, D6Pas2, Gm10429, IP3R_1, IP3R1, InsP3R, Ip3r, Itpr-1, P400, Pcp-1, Pcp1, insP3R1, opt, wblo..." fgcolor="#000000" bgcolor="#BFFFBF"
             type="rectangle" x="489" y="576" width="46" height="17"/>
    </entry>
    <entry id="54" name="cpd:C01245" type="compound"
        link="https://www.kegg.jp/dbget-bin/www_bget?C01245">
        <graphics name="C01245" fgcolor="#000000" bgcolor="#FFFFFF"
             type="circle" x="413" y="531" width="8" height="8"/>
    </entry>
    <entry id="55" name="cpd:C00076" type="compound"
        link="https://www.kegg.jp/dbget-bin/www_bget?C00076">
        <graphics name="C00076" fgcolor="#000000" bgcolor="#FFFFFF"
             type="circle" x="374" y="591" width="8" height="8"/>
    </entry>
    <entry id="61" name="mmu:11941 mmu:320707 mmu:381290 mmu:67972" type="gene"
        link="https://www.kegg.jp/dbget-bin/www_bget?mmu:11941+mmu:320707+mmu:381290+mmu:67972">
        <graphics name="Atp2b2, D6Abb2e, Gena300, PMCA2, Tmy, dfw, jog, wms, wri..." fgcolor="#000000" bgcolor="#BFFFBF"
             type="rectangle" x="181" y="588" width="46" height="17"/>
    </entry>
    <entry id="62" name="cpd:C00076" type="compound"
        link="https://www.kegg.jp/dbget-bin/www_bget?C00076">
        <graphics name="C00076" fgcolor="#000000" bgcolor="#FFFFFF"
             type="circle" x="231" y="587" width="8" height="8"/>
    </entry>
    <entry id="64" name="cpd:C00165" type="compound"
        link="https://www.kegg.jp/dbget-bin/www_bget?C00165">
        <graphics name="C00165" fgcolor="#000000" bgcolor="#FFFFFF"
             type="circle" x="412" y="469" width="8" height="8"/>
    </entry>
    <entry id="65" name="mmu:18750 mmu:18751 mmu:18752" type="gene"
        link="https://www.kegg.jp/dbget-bin/www_bget?mmu:18750+mmu:18751+mmu:18752">
        <graphics name="Prkca, Pkca..." fgcolor="#000000" bgcolor="#BFFFBF"
             type="rectangle" x="481" y="471" width="46" height="17"/>
    </entry>
    <entry id="67" name="mmu:11830" type="gene"
        link="https://www.kegg.jp/dbget-bin/www_bget?mmu:11830">
        <graphics name="Aqp5" fgcolor="#000000" bgcolor="#BFFFBF"
             type="rectangle" x="677" y="731" width="46" height="17"/>
    </entry>
    <entry id="68" name="cpd:C00001" type="compound"
        link="https://www.kegg.jp/dbget-bin/www_bget?C00001">
        <graphics name="C00001" fgcolor="#000000" bgcolor="#FFFFFF"
             type="circle" x="730" y="732" width="8" height="8"/>
    </entry>
    <entry id="69" name="cpd:C00547" type="compound"
        link="https://www.kegg.jp/dbget-bin/www_bget?C00547">
        <graphics name="C00547" fgcolor="#000000" bgcolor="#FFFFFF"
             type="circle" x="108" y="421" width="8" height="8"/>
    </entry>
    <entry id="70" name="cpd:C01996" type="compound"
        link="https://www.kegg.jp/dbget-bin/www_bget?C01996">
        <graphics name="C01996" fgcolor="#000000" bgcolor="#FFFFFF"
             type="circle" x="108" y="511" width="8" height="8"/>
    </entry>
    <entry id="72" name="mmu:20192" type="gene"
        link="https://www.kegg.jp/dbget-bin/www_bget?mmu:20192">
        <graphics name="Ryr3, C230090H21, RYR-3" fgcolor="#000000" bgcolor="#BFFFBF"
             type="rectangle" x="489" y="602" width="46" height="17"/>
    </entry>
    <entry id="73" name="mmu:12313 mmu:12314 mmu:12315 mmu:494124 mmu:70405 mmu:75600 mmu:80796" type="gene"
        link="https://www.kegg.jp/dbget-bin/www_bget?mmu:12313+mmu:12314+mmu:12315+mmu:494124+mmu:70405+mmu:75600+mmu:80796">
        <graphics name="Calm1, CaM, Calm, Cam1..." fgcolor="#000000" bgcolor="#BFFFBF"
             type="rectangle" x="374" y="642" width="46" height="17"/>
    </entry>
    <entry id="74" name="mmu:18125" type="gene"
        link="https://www.kegg.jp/dbget-bin/www_bget?mmu:18125">
        <graphics name="Nos1, 2310005C01Rik, N-NOS, NC-NOS, NO, NOS, NOS-I, Nos-1, bNOS, nNOS" fgcolor="#000000" bgcolor="#BFFFBF"
             type="rectangle" x="374" y="681" width="46" height="17"/>
    </entry>
    <entry id="75" name="mmu:234889 mmu:239134 mmu:54195 mmu:60596" type="gene"
        link="https://www.kegg.jp/dbget-bin/www_bget?mmu:234889+mmu:239134+mmu:54195+mmu:60596">
        <graphics name="Gucy1a2, 6330407I18Rik, A230060L24Rik..." fgcolor="#000000" bgcolor="#BFFFBF"
             type="rectangle" x="374" y="756" width="46" height="17"/>
    </entry>
    <entry id="76" name="mmu:19091 mmu:19092" type="gene"
        link="https://www.kegg.jp/dbget-bin/www_bget?mmu:19091+mmu:19092">
        <graphics name="Prkg1, CGKI, Gm19690, Prkg1b, Prkgr1b..." fgcolor="#000000" bgcolor="#BFFFBF"
             type="rectangle" x="429" y="818" width="46" height="17"/>
    </entry>
    <entry id="77" name="mmu:12182 mmu:12494" type="gene"
        link="https://www.kegg.jp/dbget-bin/www_bget?mmu:12182+mmu:12494">
        <graphics name="Bst1, 114/A10, A530073F09, BP-3, Bp3, Bsta1, CD157, Ly65..." fgcolor="#000000" bgcolor="#BFFFBF"
             type="rectangle" x="481" y="756" width="46" height="17"/>
    </entry>
    <entry id="84" name="cpd:C00942" type="compound"
        link="https://www.kegg.jp/dbget-bin/www_bget?C00942">
        <graphics name="C00942" fgcolor="#000000" bgcolor="#FFFFFF"
             type="circle" x="374" y="793" width="8" height="8"/>
    </entry>
    <entry id="90" name="mmu:16534" type="gene"
        link="https://www.kegg.jp/dbget-bin/www_bget?mmu:16534">
        <graphics name="Kcnn4, IK1, IKCA1, KCA4, KCa3.1, SK4, SKCas, mIKCa1" fgcolor="#000000" bgcolor="#BFFFBF"
             type="rectangle" x="181" y="686" width="46" height="17"/>
    </entry>
    <entry id="91" name="cpd:C00238" type="compound"
        link="https://www.kegg.jp/dbget-bin/www_bget?C00238">
        <graphics name="C00238" fgcolor="#000000" bgcolor="#FFFFFF"
             type="circle" x="243" y="686" width="8" height="8"/>
    </entry>
    <entry id="103" name="mmu:64177" type="gene"
        link="https://www.kegg.jp/dbget-bin/www_bget?mmu:64177">
        <graphics name="Trpv6, CAT, CaT1, Cac, Ecac2, Otrpc3" fgcolor="#000000" bgcolor="#BFFFBF"
             type="rectangle" x="181" y="816" width="46" height="17"/>
    </entry>
    <entry id="104" name="cpd:C00076" type="compound"
        link="https://www.kegg.jp/dbget-bin/www_bget?C00076">
        <graphics name="C00076" fgcolor="#000000" bgcolor="#FFFFFF"
             type="circle" x="130" y="815" width="8" height="8"/>
    </entry>
    <entry id="128" name="mmu:17833 mmu:74180" type="gene"
        link="https://www.kegg.jp/dbget-bin/www_bget?mmu:17833+mmu:74180">
        <graphics name="Muc5ac, 2210005L13Rik, MGM..." fgcolor="#000000" bgcolor="#BFFFBF"
             type="rectangle" x="736" y="425" width="46" height="17"/>
    </entry>
    <entry id="129" name="ko:K13909" type="ortholog"
        link="https://www.kegg.jp/dbget-bin/www_bget?K13909">
        <graphics name="K13909" fgcolor="#000000" bgcolor="#FFFFFF"
             type="rectangle" x="791" y="425" width="46" height="17"/>
    </entry>
    <entry id="130" name="mmu:16531" type="gene"
        link="https://www.kegg.jp/dbget-bin/www_bget?mmu:16531">
        <graphics name="Kcnma1, 5730414M22Rik, BKCA_alpha, BKCa, KCa1.1, MaxiK, Slo, Slo1, k(VCA)alpha, mSlo, mSlo1, slo-alpha" fgcolor="#000000" bgcolor="#BFFFBF"
             type="rectangle" x="181" y="713" width="46" height="17"/>
    </entry>
    <entry id="131" name="cpd:C00238" type="compound"
        link="https://www.kegg.jp/dbget-bin/www_bget?C00238">
        <graphics name="C00238" fgcolor="#000000" bgcolor="#FFFFFF"
             type="circle" x="243" y="711" width="8" height="8"/>
    </entry>
    <entry id="142" name="cpd:C13050" type="compound"
        link="https://www.kegg.jp/dbget-bin/www_bget?C13050">
        <graphics name="C13050" fgcolor="#000000" bgcolor="#FFFFFF"
             type="circle" x="481" y="703" width="8" height="8"/>
    </entry>
    <entry id="144" name="cpd:C00533" type="compound"
        link="https://www.kegg.jp/dbget-bin/www_bget?C00533">
        <graphics name="C00533" fgcolor="#000000" bgcolor="#FFFFFF"
             type="circle" x="374" y="719" width="8" height="8"/>
    </entry>
    <entry id="146" name="ko:K13910" type="ortholog"
        link="https://www.kegg.jp/dbget-bin/www_bget?K13910">
        <graphics name="K13910" fgcolor="#000000" bgcolor="#FFFFFF"
             type="rectangle" x="736" y="450" width="46" height="17"/>
    </entry>
    <entry id="147" name="mmu:381833" type="gene"
        link="https://www.kegg.jp/dbget-bin/www_bget?mmu:381833">
        <graphics name="Prb1, Prpg2" fgcolor="#000000" bgcolor="#BFFFBF"
             type="rectangle" x="791" y="450" width="46" height="17"/>
    </entry>
    <entry id="148" name="mmu:100043684 mmu:100043686 mmu:100043688 mmu:109959 mmu:11722 mmu:545562" type="gene"
        link="https://www.kegg.jp/dbget-bin/www_bget?mmu:100043684+mmu:100043686+mmu:100043688+mmu:109959+mmu:11722+mmu:545562">
        <graphics name="Amy2a4, Amy2, Amy2a, PA, mAmy2-3..." fgcolor="#000000" bgcolor="#BFFFBF"
             type="rectangle" x="846" y="425" width="46" height="17"/>
    </entry>
    <entry id="149" name="mmu:13010" type="gene"
        link="https://www.kegg.jp/dbget-bin/www_bget?mmu:13010">
        <graphics name="Cst3, CysC" fgcolor="#000000" bgcolor="#BFFFBF"
             type="rectangle" x="736" y="475" width="46" height="17"/>
    </entry>
    <entry id="150" name="ko:K13913" type="ortholog"
        link="https://www.kegg.jp/dbget-bin/www_bget?K13913">
        <graphics name="K13913" fgcolor="#000000" bgcolor="#FFFFFF"
             type="rectangle" x="791" y="475" width="46" height="17"/>
    </entry>
    <entry id="151" name="mmu:12945 mmu:71395" type="gene"
        link="https://www.kegg.jp/dbget-bin/www_bget?mmu:12945+mmu:71395">
        <graphics name="Dmbt1, CRP, CRP-[a], CRP-[b], Crpd, DBMT1, gp300, p80..." fgcolor="#000000" bgcolor="#BFFFBF"
             type="rectangle" x="846" y="450" width="46" height="17"/>
    </entry>
    <entry id="152" name="ko:K13914" type="ortholog"
        link="https://www.kegg.jp/dbget-bin/www_bget?K13914">
        <graphics name="K13914" fgcolor="#000000" bgcolor="#FFFFFF"
             type="rectangle" x="846" y="475" width="46" height="17"/>
    </entry>
    <entry id="154" name="cpd:C00076" type="compound"
        link="https://www.kegg.jp/dbget-bin/www_bget?C00076">
        <graphics name="C00076" fgcolor="#000000" bgcolor="#FFFFFF"
             type="circle" x="535" y="575" width="8" height="8"/>
    </entry>
    <entry id="155" name="cpd:C00076" type="compound"
        link="https://www.kegg.jp/dbget-bin/www_bget?C00076">
        <graphics name="C00076" fgcolor="#000000" bgcolor="#FFFFFF"
             type="circle" x="536" y="603" width="8" height="8"/>
    </entry>
    <entry id="160" name="path:mmu04020" type="map"
        link="https://www.kegg.jp/dbget-bin/www_bget?mmu04020">
        <graphics name="Calcium signaling pathway" fgcolor="#000000" bgcolor="#FFFFFF"
             type="roundrectangle" x="325" y="547" width="107" height="34"/>
    </entry>
    <entry id="161" name="mmu:11928 mmu:11931 mmu:11932 mmu:11933 mmu:11936 mmu:232975 mmu:27222 mmu:67821 mmu:98660" type="gene"
        link="https://www.kegg.jp/dbget-bin/www_bget?mmu:11928+mmu:11931+mmu:11932+mmu:11933+mmu:11936+mmu:232975+mmu:27222+mmu:67821+mmu:98660">
        <graphics name="Atp1a1, Atpa-1..." fgcolor="#000000" bgcolor="#BFFFBF"
             type="rectangle" x="181" y="549" width="46" height="17"/>
    </entry>
    <entry id="162" name="cpd:C01330" type="compound"
        link="https://www.kegg.jp/dbget-bin/www_bget?C01330">
        <graphics name="C01330" fgcolor="#000000" bgcolor="#FFFFFF"
             type="circle" x="240" y="554" width="8" height="8"/>
    </entry>
    <entry id="163" name="cpd:C00238" type="compound"
        link="https://www.kegg.jp/dbget-bin/www_bget?C00238">
        <graphics name="C00238" fgcolor="#000000" bgcolor="#FFFFFF"
             type="circle" x="126" y="545" width="8" height="8"/>
    </entry>
    <entry id="164" name="mmu:11830" type="gene"
        link="https://www.kegg.jp/dbget-bin/www_bget?mmu:11830">
        <graphics name="Aqp5" fgcolor="#000000" bgcolor="#BFFFBF"
             type="rectangle" x="593" y="764" width="46" height="17"/>
    </entry>
    <entry id="166" name="mmu:20535" type="gene"
        link="https://www.kegg.jp/dbget-bin/www_bget?mmu:20535">
        <graphics name="Slc4a2, Ae2, B3RP" fgcolor="#000000" bgcolor="#BFFFBF"
             type="rectangle" x="181" y="748" width="46" height="17"/>
    </entry>
    <entry id="167" name="mmu:20544" type="gene"
        link="https://www.kegg.jp/dbget-bin/www_bget?mmu:20544">
        <graphics name="Slc9a1, Apnh, Mir5122, Nhe1, mir-5122, swe" fgcolor="#000000" bgcolor="#BFFFBF"
             type="rectangle" x="181" y="783" width="46" height="17"/>
    </entry>
    <entry id="168" name="cpd:C01330" type="compound"
        link="https://www.kegg.jp/dbget-bin/www_bget?C01330">
        <graphics name="C01330" fgcolor="#000000" bgcolor="#FFFFFF"
             type="circle" x="130" y="779" width="8" height="8"/>
    </entry>
    <entry id="169" name="cpd:C00080" type="compound"
        link="https://www.kegg.jp/dbget-bin/www_bget?C00080">
        <graphics name="C00080" fgcolor="#000000" bgcolor="#FFFFFF"
             type="circle" x="240" y="787" width="8" height="8"/>
    </entry>
    <entry id="170" name="cpd:C00698" type="compound"
        link="https://www.kegg.jp/dbget-bin/www_bget?C00698">
        <graphics name="C00698" fgcolor="#000000" bgcolor="#FFFFFF"
             type="circle" x="130" y="743" width="8" height="8"/>
    </entry>
    <entry id="171" name="cpd:C00288" type="compound"
        link="https://www.kegg.jp/dbget-bin/www_bget?C00288">
        <graphics name="C00288" fgcolor="#000000" bgcolor="#FFFFFF"
             type="circle" x="240" y="751" width="8" height="8"/>
    </entry>
    <entry id="172" name="cpd:C01353" type="compound"
        link="https://www.kegg.jp/dbget-bin/www_bget?C01353">
        <graphics name="C01353" fgcolor="#000000" bgcolor="#FFFFFF"
             type="circle" x="294" y="770" width="8" height="8"/>
    </entry>
    <entry id="173" name="cpd:C00001" type="compound"
        link="https://www.kegg.jp/dbget-bin/www_bget?C00001">
        <graphics name="C00001" fgcolor="#000000" bgcolor="#FFFFFF"
             type="circle" x="333" y="758" width="8" height="8"/>
    </entry>
    <entry id="174" name="cpd:C00011" type="compound"
        link="https://www.kegg.jp/dbget-bin/www_bget?C00011">
        <graphics name="C00011" fgcolor="#000000" bgcolor="#FFFFFF"
             type="circle" x="334" y="784" width="8" height="8"/>
    </entry>
    <entry id="178" name="mmu:17105 mmu:17110 mmu:77397" type="gene"
        link="https://www.kegg.jp/dbget-bin/www_bget?mmu:17105+mmu:17110+mmu:77397">
        <graphics name="Lyz2, Lys, Lysm, Lyzf2, Lyzs, Lzm, Lzm-s1, Lzp..." fgcolor="#000000" bgcolor="#BFFFBF"
             type="rectangle" x="736" y="500" width="46" height="17"/>
    </entry>
    <entry id="179" name="mmu:76113" type="gene"
        link="https://www.kegg.jp/dbget-bin/www_bget?mmu:76113">
        <graphics name="Lpo, 5830499B15Rik" fgcolor="#000000" bgcolor="#BFFFBF"
             type="rectangle" x="791" y="500" width="46" height="17"/>
    </entry>
    <entry id="180" name="mmu:12796" type="gene"
        link="https://www.kegg.jp/dbget-bin/www_bget?mmu:12796">
        <graphics name="Camp, CAP18, CLP, Cnlp, Cramp, FALL39, MCLP" fgcolor="#000000" bgcolor="#BFFFBF"
             type="rectangle" x="846" y="500" width="46" height="17"/>
    </entry>
    <entry id="183" name="path:mmu04973" type="map"
        link="https://www.kegg.jp/dbget-bin/www_bget?mmu04973">
        <graphics name="Carbohydrate digestion and absorption" fgcolor="#000000" bgcolor="#FFFFFF"
             type="roundrectangle" x="837" y="738" width="132" height="34"/>
    </entry>
    <relation entry1="69" entry2="36" type="PCrel">
        <subtype name="activation" value="--&gt;"/>
    </relation>
    <relation entry1="36" entry2="41" type="PPrel">
        <subtype name="activation" value="--&gt;"/>
    </relation>
    <relation entry1="41" entry2="42" type="PPrel">
        <subtype name="activation" value="--&gt;"/>
    </relation>
    <relation entry1="42" entry2="43" type="PCrel">
        <subtype name="activation" value="--&gt;"/>
    </relation>
    <relation entry1="43" entry2="47" type="PCrel">
        <subtype name="activation" value="--&gt;"/>
    </relation>
    <relation entry1="69" entry2="37" type="PCrel">
        <subtype name="activation" value="--&gt;"/>
    </relation>
    <relation entry1="37" entry2="51" type="PPrel">
        <subtype name="activation" value="--&gt;"/>
    </relation>
    <relation entry1="51" entry2="52" type="PPrel">
        <subtype name="activation" value="--&gt;"/>
    </relation>
    <relation entry1="52" entry2="64" type="PCrel">
        <subtype name="activation" value="--&gt;"/>
    </relation>
    <relation entry1="64" entry2="65" type="PCrel">
        <subtype name="activation" value="--&gt;"/>
    </relation>
    <relation entry1="70" entry2="38" type="PCrel">
        <subtype name="activation" value="--&gt;"/>
    </relation>
    <relation entry1="38" entry2="51" type="PPrel">
        <subtype name="activation" value="--&gt;"/>
    </relation>
    <relation entry1="52" entry2="54" type="PCrel">
        <subtype name="activation" value="--&gt;"/>
    </relation>
    <relation entry1="54" entry2="53" type="PCrel">
        <subtype name="activation" value="--&gt;"/>
    </relation>
    <relation entry1="55" entry2="73" type="PCrel">
        <subtype name="activation" value="--&gt;"/>
    </relation>
    <relation entry1="73" entry2="74" type="PPrel">
        <subtype name="activation" value="--&gt;"/>
    </relation>
    <relation entry1="74" entry2="144" type="PCrel">
        <subtype name="activation" value="--&gt;"/>
    </relation>
    <relation entry1="144" entry2="75" type="PCrel">
        <subtype name="activation" value="--&gt;"/>
    </relation>
    <relation entry1="75" entry2="84" type="PCrel">
        <subtype name="activation" value="--&gt;"/>
    </relation>
    <relation entry1="84" entry2="76" type="PCrel">
        <subtype name="activation" value="--&gt;"/>
    </relation>
    <relation entry1="76" entry2="77" type="PPrel">
        <subtype name="activation" value="--&gt;"/>
    </relation>
    <relation entry1="77" entry2="142" type="PCrel">
        <subtype name="activation" value="--&gt;"/>
    </relation>
    <relation entry1="142" entry2="72" type="PCrel">
        <subtype name="activation" value="--&gt;"/>
    </relation>
    <relation entry1="55" entry2="90" type="PCrel">
        <subtype name="indirect effect" value="..&gt;"/>
    </relation>
    <relation entry1="55" entry2="130" type="PCrel">
        <subtype name="indirect effect" value="..&gt;"/>
    </relation>
    <relation entry1="55" entry2="39" type="PCrel">
        <subtype name="indirect effect" value="..&gt;"/>
    </relation>
    <relation entry1="55" entry2="164" type="PCrel">
        <subtype name="indirect effect" value="..&gt;"/>
    </relation>
    <relation entry1="164" entry2="67" type="PPrel">
        <subtype name="state change" value="..."/>
    </relation>
    <relation entry1="47" entry2="48" type="PPrel">
        <subtype name="indirect effect" value="..&gt;"/>
    </relation>
</pathway>
