<?xml version="1.0"?>
<!DOCTYPE pathway SYSTEM "https://www.kegg.jp/kegg/xml/KGML_v0.7.2_.dtd">
<!-- Creation date: Feb 10, 2023 15:51:02 +0900 (GMT+9) -->
<pathway name="path:mmu00020" org="mmu" number="00020"
         title="Citrate cycle (TCA cycle)"
         image="https://www.kegg.jp/kegg/pathway/mmu/mmu00020.png"
         link="https://www.kegg.jp/kegg-bin/show_pathway?mmu00020">
    <entry id="33" name="mmu:13382" type="gene" reaction="rn:R07618"
        link="https://www.kegg.jp/dbget-bin/www_bget?mmu:13382">
        <graphics name="Dld" fgcolor="#000000" bgcolor="#BFFFBF"
             type="rectangle" x="467" y="623" width="46" height="17"/>
    </entry>
    <entry id="34" name="mmu:18293 mmu:239017" type="gene" reaction="rn:R00621"
        link="https://www.kegg.jp/dbget-bin/www_bget?mmu:18293+mmu:239017">
        <graphics name="Ogdh, 2210403E04Rik, 2210412K19Rik, E1o, OGDH-E1, d1401, mKIAA4192..." fgcolor="#000000" bgcolor="#BFFFBF"
             type="rectangle" x="661" y="579" width="46" height="17"/>
    </entry>
    <entry id="35" name="mmu:18293 mmu:239017" type="gene" reaction="rn:R03316"
        link="https://www.kegg.jp/dbget-bin/www_bget?mmu:18293+mmu:239017">
        <graphics name="Ogdh, 2210403E04Rik, 2210412K19Rik, E1o, OGDH-E1, d1401, mKIAA4192..." fgcolor="#000000" bgcolor="#BFFFBF"
             type="rectangle" x="530" y="580" width="46" height="17"/>
    </entry>
    <entry id="36" name="mmu:78920" type="gene" reaction="rn:R02570"
        link="https://www.kegg.jp/dbget-bin/www_bget?mmu:78920">
        <graphics name="Dlst, 1600017E01Rik, 4632413C10Rik, 4930529O08Rik, DLTS" fgcolor="#000000" bgcolor="#BFFFBF"
             type="rectangle" x="403" y="579" width="46" height="17"/>
    </entry>
    <entry id="37" name="mmu:20916 mmu:20917 mmu:56451" type="gene" reaction="rn:R00405"
        link="https://www.kegg.jp/dbget-bin/www_bget?mmu:20916+mmu:20917+mmu:56451">
        <graphics name="Sucla2, 4930547K18Rik, A-SCS, SCS-betaA..." fgcolor="#000000" bgcolor="#BFFFBF"
             type="rectangle" x="260" y="579" width="46" height="17"/>
    </entry>
    <entry id="38" name="mmu:20916 mmu:20917 mmu:56451" type="gene" reaction="rn:R00432 rn:R00727"
        link="https://www.kegg.jp/dbget-bin/www_bget?mmu:20916+mmu:20917+mmu:56451">
        <graphics name="Sucla2, 4930547K18Rik, A-SCS, SCS-betaA..." fgcolor="#000000" bgcolor="#BFFFBF"
             type="rectangle" x="260" y="560" width="46" height="17"/>
    </entry>
    <entry id="39" name="mmu:15926 mmu:269951" type="gene" reaction="rn:R00268"
        link="https://www.kegg.jp/dbget-bin/www_bget?mmu:15926+mmu:269951">
        <graphics name="Idh1, E030024J03Rik, Id-1, Idh-1, Idpc..." fgcolor="#000000" bgcolor="#BFFFBF"
             type="rectangle" x="718" y="510" width="46" height="17"/>
    </entry>
    <entry id="40" name="mmu:15929 mmu:170718 mmu:243996 mmu:67834" type="gene" reaction="rn:R00709"
        link="https://www.kegg.jp/dbget-bin/www_bget?mmu:15929+mmu:170718+mmu:243996+mmu:67834">
        <graphics name="Idh3g..." fgcolor="#000000" bgcolor="#BFFFBF"
             type="rectangle" x="766" y="463" width="46" height="17"/>
    </entry>
    <entry id="41" name="mmu:15926 mmu:269951" type="gene" reaction="rn:R01899"
        link="https://www.kegg.jp/dbget-bin/www_bget?mmu:15926+mmu:269951">
        <graphics name="Idh1, E030024J03Rik, Id-1, Idh-1, Idpc..." fgcolor="#000000" bgcolor="#BFFFBF"
             type="rectangle" x="718" y="405" width="46" height="17"/>
    </entry>
    <entry id="42" name="mmu:104112" type="gene" reaction="rn:R00352"
        link="https://www.kegg.jp/dbget-bin/www_bget?mmu:104112">
        <graphics name="Acly, A730098H14Rik" fgcolor="#000000" bgcolor="#BFFFBF"
             type="rectangle" x="436" y="350" width="46" height="17"/>
    </entry>
    <entry id="43" name="mmu:14194" type="gene" reaction="rn:R01082"
        link="https://www.kegg.jp/dbget-bin/www_bget?mmu:14194">
        <graphics name="Fh1, Fh, Fh-1" fgcolor="#000000" bgcolor="#BFFFBF"
             type="rectangle" x="191" y="441" width="46" height="17"/>
    </entry>
    <entry id="44" name="mmu:11428 mmu:11429" type="gene" reaction="rn:R01900"
        link="https://www.kegg.jp/dbget-bin/www_bget?mmu:11428+mmu:11429">
        <graphics name="Aco1, Aco-1, Irebp, Irp1..." fgcolor="#000000" bgcolor="#BFFFBF"
             type="rectangle" x="670" y="350" width="46" height="17"/>
    </entry>
    <entry id="45" name="mmu:11428 mmu:11429" type="gene" reaction="rn:R01325"
        link="https://www.kegg.jp/dbget-bin/www_bget?mmu:11428+mmu:11429">
        <graphics name="Aco1, Aco-1, Irebp, Irp1..." fgcolor="#000000" bgcolor="#BFFFBF"
             type="rectangle" x="571" y="350" width="46" height="17"/>
    </entry>
    <entry id="46" name="mmu:12974 mmu:71832" type="gene" reaction="rn:R00351"
        link="https://www.kegg.jp/dbget-bin/www_bget?mmu:12974+mmu:71832">
        <graphics name="Cs, 2610511A05Rik, 9030605P22Rik, Ahl4, Cis..." fgcolor="#000000" bgcolor="#BFFFBF"
             type="rectangle" x="436" y="331" width="46" height="17"/>
    </entry>
    <entry id="47" name="mmu:17448 mmu:17449" type="gene" reaction="rn:R00342"
        link="https://www.kegg.jp/dbget-bin/www_bget?mmu:17448+mmu:17449">
        <graphics name="Mdh2, MDH, Mdh-2, Mor-1, Mor1..." fgcolor="#000000" bgcolor="#BFFFBF"
             type="rectangle" x="253" y="349" width="46" height="17"/>
    </entry>
    <entry id="48" name="mmu:18563" type="gene" reaction="rn:R00344"
        link="https://www.kegg.jp/dbget-bin/www_bget?mmu:18563">
        <graphics name="Pcx, Pc, Pcb" fgcolor="#000000" bgcolor="#BFFFBF"
             type="rectangle" x="736" y="278" width="46" height="17"/>
    </entry>
    <entry id="49" name="path:mmu00630" type="map"
        link="https://www.kegg.jp/dbget-bin/www_bget?mmu00630">
        <graphics name="Glyoxylate and dicarboxylate metabolism" fgcolor="#000000" bgcolor="#FFFFFF"
             type="roundrectangle" x="149" y="312" width="158" height="34"/>
    </entry>
    <entry id="50" name="path:mmu00010" type="map"
        link="https://www.kegg.jp/dbget-bin/www_bget?mmu00010">
        <graphics name="Glycolysis / Gluconeogenesis" fgcolor="#000000" bgcolor="#FFFFFF"
             type="roundrectangle" x="692" y="116" width="216" height="46"/>
    </entry>
    <entry id="51" name="path:mmu00061" type="map"
        link="https://www.kegg.jp/dbget-bin/www_bget?mmu00061">
        <graphics name="Fatty acid biosynthesis" fgcolor="#000000" bgcolor="#FFFFFF"
             type="roundrectangle" x="163" y="153" width="126" height="25"/>
    </entry>
    <entry id="52" name="path:mmu00062" type="map"
        link="https://www.kegg.jp/dbget-bin/www_bget?mmu00062">
        <graphics name="Fatty acid elongation" fgcolor="#000000" bgcolor="#FFFFFF"
             type="roundrectangle" x="129" y="181" width="194" height="25"/>
    </entry>
    <entry id="53" name="path:mmu00071" type="map"
        link="https://www.kegg.jp/dbget-bin/www_bget?mmu00071">
        <graphics name="Fatty acid degradation" fgcolor="#000000" bgcolor="#FFFFFF"
             type="roundrectangle" x="166" y="239" width="121" height="25"/>
    </entry>
    <entry id="54" name="path:mmu00053" type="map"
        link="https://www.kegg.jp/dbget-bin/www_bget?mmu00053">
        <graphics name="Ascorbate and aldarate metabolism" fgcolor="#000000" bgcolor="#FFFFFF"
             type="roundrectangle" x="864" y="615" width="126" height="34"/>
    </entry>
    <entry id="55" name="path:mmu00250" type="map"
        link="https://www.kegg.jp/dbget-bin/www_bget?mmu00250">
        <graphics name="Alanine, aspartate and glutamate metabolism" fgcolor="#000000" bgcolor="#FFFFFF"
             type="roundrectangle" x="862" y="652" width="121" height="34"/>
    </entry>
    <entry id="56" name="path:mmu00020" type="map"
        link="https://www.kegg.jp/dbget-bin/www_bget?mmu00020">
        <graphics name="TITLE:Citrate cycle (TCA cycle)" fgcolor="#000000" bgcolor="#FFFFFF"
             type="roundrectangle" x="154" y="58" width="227" height="25"/>
    </entry>
    <entry id="58" name="path:mmu00280" type="map"
        link="https://www.kegg.jp/dbget-bin/www_bget?mmu00280">
        <graphics name="Valine, leucine and isoleucine degradation" fgcolor="#000000" bgcolor="#FFFFFF"
             type="roundrectangle" x="266" y="641" width="85" height="34"/>
    </entry>
    <entry id="59" name="path:mmu00250" type="map"
        link="https://www.kegg.jp/dbget-bin/www_bget?mmu00250">
        <graphics name="Alanine, aspartate and glutamate metabolism" fgcolor="#000000" bgcolor="#FFFFFF"
             type="roundrectangle" x="167" y="275" width="121" height="34"/>
    </entry>
    <entry id="60" name="path:mmu00470" type="map"
        link="https://www.kegg.jp/dbget-bin/www_bget?mmu00470">
        <graphics name="D-Amino acid metabolism" fgcolor="#000000" bgcolor="#FFFFFF"
             type="roundrectangle" x="872" y="685" width="141" height="25"/>
    </entry>
    <entry id="61" name="cpd:C00022" type="compound"
        link="https://www.kegg.jp/dbget-bin/www_bget?C00022">
        <graphics name="C00022" fgcolor="#000000" bgcolor="#FFFFFF"
             type="circle" x="737" y="241" width="8" height="8"/>
    </entry>
    <entry id="62" name="cpd:C00122" type="compound"
        link="https://www.kegg.jp/dbget-bin/www_bget?C00122">
        <graphics name="C00122" fgcolor="#000000" bgcolor="#FFFFFF"
             type="circle" x="190" y="486" width="8" height="8"/>
    </entry>
    <entry id="63" name="cpd:C00036" type="compound"
        link="https://www.kegg.jp/dbget-bin/www_bget?C00036">
        <graphics name="C00036" fgcolor="#000000" bgcolor="#FFFFFF"
             type="circle" x="320" y="349" width="8" height="8"/>
    </entry>
    <entry id="64" name="cpd:C05379" type="compound"
        link="https://www.kegg.jp/dbget-bin/www_bget?C05379">
        <graphics name="C05379" fgcolor="#000000" bgcolor="#FFFFFF"
             type="circle" x="718" y="458" width="8" height="8"/>
    </entry>
    <entry id="65" name="cpd:C00024" type="compound"
        link="https://www.kegg.jp/dbget-bin/www_bget?C00024">
        <graphics name="C00024" fgcolor="#000000" bgcolor="#FFFFFF"
             type="circle" x="400" y="241" width="8" height="8"/>
    </entry>
    <entry id="66" name="cpd:C00149" type="compound"
        link="https://www.kegg.jp/dbget-bin/www_bget?C00149">
        <graphics name="C00149" fgcolor="#000000" bgcolor="#FFFFFF"
             type="circle" x="190" y="398" width="8" height="8"/>
    </entry>
    <entry id="67" name="cpd:C00311" type="compound"
        link="https://www.kegg.jp/dbget-bin/www_bget?C00311">
        <graphics name="C00311" fgcolor="#000000" bgcolor="#FFFFFF"
             type="circle" x="718" y="349" width="8" height="8"/>
    </entry>
    <entry id="68" name="cpd:C00417" type="compound"
        link="https://www.kegg.jp/dbget-bin/www_bget?C00417">
        <graphics name="C00417" fgcolor="#000000" bgcolor="#FFFFFF"
             type="circle" x="621" y="349" width="8" height="8"/>
    </entry>
    <entry id="69" name="cpd:C00042" type="compound"
        link="https://www.kegg.jp/dbget-bin/www_bget?C00042">
        <graphics name="C00042" fgcolor="#000000" bgcolor="#FFFFFF"
             type="circle" x="190" y="579" width="8" height="8"/>
    </entry>
    <entry id="70" name="cpd:C00158" type="compound"
        link="https://www.kegg.jp/dbget-bin/www_bget?C00158">
        <graphics name="C00158" fgcolor="#000000" bgcolor="#FFFFFF"
             type="circle" x="522" y="349" width="8" height="8"/>
    </entry>
    <entry id="71" name="cpd:C15972" type="compound"
        link="https://www.kegg.jp/dbget-bin/www_bget?C15972">
        <graphics name="C15972" fgcolor="#000000" bgcolor="#FFFFFF"
             type="circle" x="522" y="622" width="8" height="8"/>
    </entry>
    <entry id="72" name="cpd:C00068" type="compound"
        link="https://www.kegg.jp/dbget-bin/www_bget?C00068">
        <graphics name="C00068" fgcolor="#000000" bgcolor="#FFFFFF"
             type="circle" x="589" y="535" width="8" height="8"/>
    </entry>
    <entry id="73" name="cpd:C16254" type="compound"
        link="https://www.kegg.jp/dbget-bin/www_bget?C16254">
        <graphics name="C16254" fgcolor="#000000" bgcolor="#FFFFFF"
             type="circle" x="462" y="578" width="8" height="8"/>
    </entry>
    <entry id="74" name="cpd:C15973" type="compound"
        link="https://www.kegg.jp/dbget-bin/www_bget?C15973">
        <graphics name="C15973" fgcolor="#000000" bgcolor="#FFFFFF"
             type="circle" x="408" y="622" width="8" height="8"/>
    </entry>
    <entry id="75" name="cpd:C00091" type="compound"
        link="https://www.kegg.jp/dbget-bin/www_bget?C00091">
        <graphics name="C00091" fgcolor="#000000" bgcolor="#FFFFFF"
             type="circle" x="334" y="579" width="8" height="8"/>
    </entry>
    <entry id="76" name="cpd:C00026" type="compound"
        link="https://www.kegg.jp/dbget-bin/www_bget?C00026">
        <graphics name="C00026" fgcolor="#000000" bgcolor="#FFFFFF"
             type="circle" x="718" y="578" width="8" height="8"/>
    </entry>
    <entry id="77" name="cpd:C05381" type="compound"
        link="https://www.kegg.jp/dbget-bin/www_bget?C05381">
        <graphics name="C05381" fgcolor="#000000" bgcolor="#FFFFFF"
             type="circle" x="593" y="578" width="8" height="8"/>
    </entry>
    <entry id="83" name="cpd:C05125" type="compound"
        link="https://www.kegg.jp/dbget-bin/www_bget?C05125">
        <graphics name="C05125" fgcolor="#000000" bgcolor="#FFFFFF"
             type="circle" x="631" y="241" width="8" height="8"/>
    </entry>
    <entry id="84" name="mmu:18597 mmu:18598 mmu:68263" type="gene" reaction="rn:R00014"
        link="https://www.kegg.jp/dbget-bin/www_bget?mmu:18597+mmu:18598+mmu:68263">
        <graphics name="Pdha1, Pdha-1..." fgcolor="#000000" bgcolor="#BFFFBF"
             type="rectangle" x="686" y="241" width="46" height="17"/>
    </entry>
    <entry id="85" name="cpd:C00068" type="compound"
        link="https://www.kegg.jp/dbget-bin/www_bget?C00068">
        <graphics name="C00068" fgcolor="#000000" bgcolor="#FFFFFF"
             type="circle" x="631" y="198" width="8" height="8"/>
    </entry>
    <entry id="86" name="mmu:18597 mmu:18598 mmu:68263" type="gene" reaction="rn:R03270"
        link="https://www.kegg.jp/dbget-bin/www_bget?mmu:18597+mmu:18598+mmu:68263">
        <graphics name="Pdha1, Pdha-1..." fgcolor="#000000" bgcolor="#BFFFBF"
             type="rectangle" x="582" y="241" width="46" height="17"/>
    </entry>
    <entry id="87" name="cpd:C15972" type="compound"
        link="https://www.kegg.jp/dbget-bin/www_bget?C15972">
        <graphics name="C15972" fgcolor="#000000" bgcolor="#FFFFFF"
             type="circle" x="580" y="284" width="8" height="8"/>
    </entry>
    <entry id="89" name="mmu:13382" type="gene" reaction="rn:R07618"
        link="https://www.kegg.jp/dbget-bin/www_bget?mmu:13382">
        <graphics name="Dld" fgcolor="#000000" bgcolor="#BFFFBF"
             type="rectangle" x="529" y="285" width="46" height="17"/>
    </entry>
    <entry id="90" name="cpd:C16255" type="compound"
        link="https://www.kegg.jp/dbget-bin/www_bget?C16255">
        <graphics name="C16255" fgcolor="#000000" bgcolor="#FFFFFF"
             type="circle" x="517" y="241" width="8" height="8"/>
    </entry>
    <entry id="91" name="mmu:235339" type="gene" reaction="rn:R02569"
        link="https://www.kegg.jp/dbget-bin/www_bget?mmu:235339">
        <graphics name="Dlat, 6332404G05Rik, DLTA, PDC-E2" fgcolor="#000000" bgcolor="#BFFFBF"
             type="rectangle" x="464" y="242" width="46" height="17"/>
    </entry>
    <entry id="94" name="path:mmu00280" type="map"
        link="https://www.kegg.jp/dbget-bin/www_bget?mmu00280">
        <graphics name="Valine, leucine and isoleucine degradation" fgcolor="#000000" bgcolor="#FFFFFF"
             type="roundrectangle" x="154" y="211" width="144" height="25"/>
    </entry>
    <entry id="96" name="ko:K01610" type="ortholog" reaction="rn:R00341"
        link="https://www.kegg.jp/dbget-bin/www_bget?K01610">
        <graphics name="K01610" fgcolor="#000000" bgcolor="#FFFFFF"
             type="rectangle" x="371" y="126" width="46" height="17"/>
    </entry>
    <entry id="97" name="mmu:18534 mmu:74551" type="gene" reaction="rn:R00431 rn:R00726"
        link="https://www.kegg.jp/dbget-bin/www_bget?mmu:18534+mmu:74551">
        <graphics name="Pck1, PEPCK, PEPCK-C, Pck-1..." fgcolor="#000000" bgcolor="#BFFFBF"
             type="rectangle" x="371" y="105" width="46" height="17"/>
    </entry>
    <entry id="101" name="cpd:C15973" type="compound"
        link="https://www.kegg.jp/dbget-bin/www_bget?C15973">
        <graphics name="C15973" fgcolor="#000000" bgcolor="#FFFFFF"
             type="circle" x="478" y="284" width="8" height="8"/>
    </entry>
    <entry id="102" name="cpd:C00074" type="compound"
        link="https://www.kegg.jp/dbget-bin/www_bget?C00074">
        <graphics name="C00074" fgcolor="#000000" bgcolor="#FFFFFF"
             type="circle" x="471" y="116" width="8" height="8"/>
    </entry>
    <entry id="105" name="ko:K17753" type="ortholog" reaction="rn:R00709"
        link="https://www.kegg.jp/dbget-bin/www_bget?K17753">
        <graphics name="K17753" fgcolor="#000000" bgcolor="#FFFFFF"
             type="rectangle" x="816" y="463" width="46" height="17"/>
    </entry>
    <entry id="106" name="ko:K18118" type="ortholog" reaction="rn:R10343"
        link="https://www.kegg.jp/dbget-bin/www_bget?K18118">
        <graphics name="K18118" fgcolor="#000000" bgcolor="#FFFFFF"
             type="rectangle" x="260" y="598" width="46" height="17"/>
    </entry>
    <entry id="107" name="mmu:66052 mmu:66925 mmu:66945 mmu:67680" type="gene" reaction="rn:R02164"
        link="https://www.kegg.jp/dbget-bin/www_bget?mmu:66052+mmu:66925+mmu:66945+mmu:67680">
        <graphics name="Sdhc, 0610010E03Rik..." fgcolor="#000000" bgcolor="#BFFFBF"
             type="rectangle" x="165" y="535" width="46" height="17"/>
    </entry>
    <entry id="109" name="ko:K00116" type="ortholog" reaction="rn:R00361"
        link="https://www.kegg.jp/dbget-bin/www_bget?K00116">
        <graphics name="K00116" fgcolor="#000000" bgcolor="#FFFFFF"
             type="rectangle" x="253" y="398" width="46" height="17"/>
    </entry>
    <entry id="111" name="path:mmu00220" type="map"
        link="https://www.kegg.jp/dbget-bin/www_bget?mmu00220">
        <graphics name="Arginine biosynthesis" fgcolor="#000000" bgcolor="#FFFFFF"
             type="roundrectangle" x="80" y="486" width="120" height="25"/>
    </entry>
    <entry id="113" name="path:mmu00220" type="map"
        link="https://www.kegg.jp/dbget-bin/www_bget?mmu00220">
        <graphics name="Arginine biosynthesis" fgcolor="#000000" bgcolor="#FFFFFF"
             type="roundrectangle" x="861" y="583" width="119" height="25"/>
    </entry>
    <entry id="115" name="ko:K00174 ko:K00175" type="ortholog" reaction="rn:R01197"
        link="https://www.kegg.jp/dbget-bin/www_bget?K00174+K00175">
        <graphics name="K00174..." fgcolor="#000000" bgcolor="#FFFFFF"
             type="rectangle" x="530" y="656" width="46" height="17"/>
    </entry>
    <entry id="117" name="ko:K00169 ko:K00170 ko:K00172 ko:K00189 ko:K00171 ko:K03737" type="ortholog" reaction="rn:R01196"
        link="https://www.kegg.jp/dbget-bin/www_bget?K00169+K00170+K00172+K00189+K00171+K03737">
        <graphics name="K00169..." fgcolor="#000000" bgcolor="#FFFFFF"
             type="rectangle" x="535" y="157" width="46" height="17"/>
    </entry>
    <entry id="118" name="ko:K00174 ko:K00175" type="ortholog" reaction="rn:R01196"
        link="https://www.kegg.jp/dbget-bin/www_bget?K00174+K00175">
        <graphics name="K00174..." fgcolor="#000000" bgcolor="#FFFFFF"
             type="rectangle" x="535" y="179" width="46" height="17"/>
    </entry>
    <entry id="119" name="ko:K00174 ko:K00175 ko:K00177 ko:K00176" type="ortholog" reaction="rn:R01197"
        link="https://www.kegg.jp/dbget-bin/www_bget?K00174+K00175+K00177+K00176">
        <graphics name="K00174..." fgcolor="#000000" bgcolor="#FFFFFF"
             type="rectangle" x="530" y="678" width="46" height="17"/>
    </entry>
    <entry id="120" name="ko:K05942" type="ortholog" reaction="rn:R00351"
        link="https://www.kegg.jp/dbget-bin/www_bget?K05942">
        <graphics name="K05942" fgcolor="#000000" bgcolor="#FFFFFF"
             type="rectangle" x="436" y="369" width="46" height="17"/>
    </entry>
    <entry id="122" name="path:mmu00190" type="map"
        link="https://www.kegg.jp/dbget-bin/www_bget?mmu00190">
        <graphics name="Oxidative phosphorylation" fgcolor="#000000" bgcolor="#FFFFFF"
             type="roundrectangle" x="73" y="579" width="99" height="34"/>
    </entry>
    <entry id="57" name="path:mmu00350" type="map"
        link="https://www.kegg.jp/dbget-bin/www_bget?mmu00350">
        <graphics name="Tyrosine metabolism" fgcolor="#000000" bgcolor="#FFFFFF"
             type="roundrectangle" x="102" y="448" width="76" height="34"/>
    </entry>
    <entry id="123" name="ko:K26318" type="ortholog" reaction="rn:R13137"
        link="https://www.kegg.jp/dbget-bin/www_bget?K26318">
        <graphics name="K26318" fgcolor="#000000" bgcolor="#FFFFFF"
             type="rectangle" x="215" y="535" width="46" height="17"/>
    </entry>
    <relation entry1="84" entry2="48" type="ECrel">
        <subtype name="compound" value="61"/>
    </relation>
    <relation entry1="84" entry2="50" type="maplink">
        <subtype name="compound" value="61"/>
    </relation>
    <relation entry1="48" entry2="50" type="maplink">
        <subtype name="compound" value="61"/>
    </relation>
    <relation entry1="51" entry2="52" type="maplink">
        <subtype name="compound" value="65"/>
    </relation>
    <relation entry1="51" entry2="94" type="maplink">
        <subtype name="compound" value="65"/>
    </relation>
    <relation entry1="51" entry2="53" type="maplink">
        <subtype name="compound" value="65"/>
    </relation>
    <relation entry1="51" entry2="91" type="maplink">
        <subtype name="compound" value="65"/>
    </relation>
    <relation entry1="51" entry2="46" type="maplink">
        <subtype name="compound" value="65"/>
    </relation>
    <relation entry1="51" entry2="42" type="maplink">
        <subtype name="compound" value="65"/>
    </relation>
    <relation entry1="52" entry2="94" type="maplink">
        <subtype name="compound" value="65"/>
    </relation>
    <relation entry1="52" entry2="53" type="maplink">
        <subtype name="compound" value="65"/>
    </relation>
    <relation entry1="52" entry2="91" type="maplink">
        <subtype name="compound" value="65"/>
    </relation>
    <relation entry1="52" entry2="46" type="maplink">
        <subtype name="compound" value="65"/>
    </relation>
    <relation entry1="52" entry2="42" type="maplink">
        <subtype name="compound" value="65"/>
    </relation>
    <relation entry1="94" entry2="53" type="maplink">
        <subtype name="compound" value="65"/>
    </relation>
    <relation entry1="94" entry2="91" type="maplink">
        <subtype name="compound" value="65"/>
    </relation>
    <relation entry1="94" entry2="46" type="maplink">
        <subtype name="compound" value="65"/>
    </relation>
    <relation entry1="94" entry2="42" type="maplink">
        <subtype name="compound" value="65"/>
    </relation>
    <relation entry1="53" entry2="91" type="maplink">
        <subtype name="compound" value="65"/>
    </relation>
    <relation entry1="53" entry2="46" type="maplink">
        <subtype name="compound" value="65"/>
    </relation>
    <relation entry1="53" entry2="42" type="maplink">
        <subtype name="compound" value="65"/>
    </relation>
    <relation entry1="91" entry2="46" type="ECrel">
        <subtype name="compound" value="65"/>
    </relation>
    <relation entry1="91" entry2="42" type="ECrel">
        <subtype name="compound" value="65"/>
    </relation>
    <relation entry1="49" entry2="59" type="maplink">
        <subtype name="compound" value="63"/>
    </relation>
    <relation entry1="49" entry2="47" type="maplink">
        <subtype name="compound" value="63"/>
    </relation>
    <relation entry1="49" entry2="42" type="maplink">
        <subtype name="compound" value="63"/>
    </relation>
    <relation entry1="49" entry2="46" type="maplink">
        <subtype name="compound" value="63"/>
    </relation>
    <relation entry1="49" entry2="48" type="maplink">
        <subtype name="compound" value="63"/>
    </relation>
    <relation entry1="49" entry2="97" type="maplink">
        <subtype name="compound" value="63"/>
    </relation>
    <relation entry1="59" entry2="47" type="maplink">
        <subtype name="compound" value="63"/>
    </relation>
    <relation entry1="59" entry2="42" type="maplink">
        <subtype name="compound" value="63"/>
    </relation>
    <relation entry1="59" entry2="46" type="maplink">
        <subtype name="compound" value="63"/>
    </relation>
    <relation entry1="59" entry2="48" type="maplink">
        <subtype name="compound" value="63"/>
    </relation>
    <relation entry1="59" entry2="97" type="maplink">
        <subtype name="compound" value="63"/>
    </relation>
    <relation entry1="47" entry2="42" type="ECrel">
        <subtype name="compound" value="63"/>
    </relation>
    <relation entry1="47" entry2="46" type="ECrel">
        <subtype name="compound" value="63"/>
    </relation>
    <relation entry1="47" entry2="48" type="ECrel">
        <subtype name="compound" value="63"/>
    </relation>
    <relation entry1="47" entry2="97" type="ECrel">
        <subtype name="compound" value="63"/>
    </relation>
    <relation entry1="42" entry2="48" type="ECrel">
        <subtype name="compound" value="63"/>
    </relation>
    <relation entry1="42" entry2="97" type="ECrel">
        <subtype name="compound" value="63"/>
    </relation>
    <relation entry1="46" entry2="48" type="ECrel">
        <subtype name="compound" value="63"/>
    </relation>
    <relation entry1="46" entry2="97" type="ECrel">
        <subtype name="compound" value="63"/>
    </relation>
    <relation entry1="48" entry2="97" type="ECrel">
        <subtype name="compound" value="63"/>
    </relation>
    <relation entry1="47" entry2="43" type="ECrel">
        <subtype name="compound" value="66"/>
    </relation>
    <relation entry1="43" entry2="57" type="maplink">
        <subtype name="compound" value="62"/>
    </relation>
    <relation entry1="43" entry2="111" type="maplink">
        <subtype name="compound" value="62"/>
    </relation>
    <relation entry1="43" entry2="107" type="ECrel">
        <subtype name="compound" value="62"/>
    </relation>
    <relation entry1="57" entry2="111" type="maplink">
        <subtype name="compound" value="62"/>
    </relation>
    <relation entry1="57" entry2="107" type="maplink">
        <subtype name="compound" value="62"/>
    </relation>
    <relation entry1="111" entry2="107" type="maplink">
        <subtype name="compound" value="62"/>
    </relation>
    <relation entry1="107" entry2="38" type="ECrel">
        <subtype name="compound" value="69"/>
    </relation>
    <relation entry1="107" entry2="37" type="ECrel">
        <subtype name="compound" value="69"/>
    </relation>
    <relation entry1="38" entry2="58" type="maplink">
        <subtype name="compound" value="75"/>
    </relation>
    <relation entry1="38" entry2="36" type="ECrel">
        <subtype name="compound" value="75"/>
    </relation>
    <relation entry1="37" entry2="58" type="maplink">
        <subtype name="compound" value="75"/>
    </relation>
    <relation entry1="37" entry2="36" type="ECrel">
        <subtype name="compound" value="75"/>
    </relation>
    <relation entry1="58" entry2="36" type="maplink">
        <subtype name="compound" value="75"/>
    </relation>
    <relation entry1="36" entry2="35" type="ECrel">
        <subtype name="compound" value="73"/>
    </relation>
    <relation entry1="36" entry2="33" type="ECrel">
        <subtype name="compound" value="74"/>
    </relation>
    <relation entry1="33" entry2="35" type="ECrel">
        <subtype name="compound" value="71"/>
    </relation>
    <relation entry1="34" entry2="60" type="maplink">
        <subtype name="compound" value="76"/>
    </relation>
    <relation entry1="34" entry2="55" type="maplink">
        <subtype name="compound" value="76"/>
    </relation>
    <relation entry1="34" entry2="54" type="maplink">
        <subtype name="compound" value="76"/>
    </relation>
    <relation entry1="34" entry2="40" type="ECrel">
        <subtype name="compound" value="76"/>
    </relation>
    <relation entry1="34" entry2="39" type="ECrel">
        <subtype name="compound" value="76"/>
    </relation>
    <relation entry1="60" entry2="55" type="maplink">
        <subtype name="compound" value="76"/>
    </relation>
    <relation entry1="60" entry2="54" type="maplink">
        <subtype name="compound" value="76"/>
    </relation>
    <relation entry1="60" entry2="40" type="maplink">
        <subtype name="compound" value="76"/>
    </relation>
    <relation entry1="60" entry2="39" type="maplink">
        <subtype name="compound" value="76"/>
    </relation>
    <relation entry1="55" entry2="54" type="maplink">
        <subtype name="compound" value="76"/>
    </relation>
    <relation entry1="55" entry2="40" type="maplink">
        <subtype name="compound" value="76"/>
    </relation>
    <relation entry1="55" entry2="39" type="maplink">
        <subtype name="compound" value="76"/>
    </relation>
    <relation entry1="54" entry2="40" type="maplink">
        <subtype name="compound" value="76"/>
    </relation>
    <relation entry1="54" entry2="39" type="maplink">
        <subtype name="compound" value="76"/>
    </relation>
    <relation entry1="40" entry2="39" type="ECrel">
        <subtype name="compound" value="76"/>
    </relation>
    <relation entry1="44" entry2="41" type="ECrel">
        <subtype name="compound" value="67"/>
    </relation>
    <relation entry1="44" entry2="40" type="ECrel">
        <subtype name="compound" value="67"/>
    </relation>
    <relation entry1="41" entry2="40" type="ECrel">
        <subtype name="compound" value="67"/>
    </relation>
    <relation entry1="46" entry2="45" type="ECrel">
        <subtype name="compound" value="70"/>
    </relation>
    <relation entry1="42" entry2="45" type="ECrel">
        <subtype name="compound" value="70"/>
    </relation>
    <relation entry1="89" entry2="86" type="ECrel">
        <subtype name="compound" value="87"/>
    </relation>
    <relation entry1="86" entry2="84" type="ECrel">
        <subtype name="compound" value="83"/>
    </relation>
    <relation entry1="91" entry2="86" type="ECrel">
        <subtype name="compound" value="90"/>
    </relation>
    <relation entry1="89" entry2="91" type="ECrel">
        <subtype name="compound" value="101"/>
    </relation>
    <relation entry1="97" entry2="50" type="maplink">
        <subtype name="compound" value="102"/>
    </relation>
    <relation entry1="34" entry2="113" type="maplink">
        <subtype name="compound" value="76"/>
    </relation>
    <relation entry1="60" entry2="113" type="maplink">
        <subtype name="compound" value="76"/>
    </relation>
    <relation entry1="55" entry2="113" type="maplink">
        <subtype name="compound" value="76"/>
    </relation>
    <relation entry1="54" entry2="113" type="maplink">
        <subtype name="compound" value="76"/>
    </relation>
    <relation entry1="113" entry2="40" type="maplink">
        <subtype name="compound" value="76"/>
    </relation>
    <relation entry1="113" entry2="39" type="maplink">
        <subtype name="compound" value="76"/>
    </relation>
    <relation entry1="122" entry2="107" type="maplink">
        <subtype name="compound" value="69"/>
    </relation>
    <relation entry1="122" entry2="38" type="maplink">
        <subtype name="compound" value="69"/>
    </relation>
    <relation entry1="122" entry2="37" type="maplink">
        <subtype name="compound" value="69"/>
    </relation>
    <reaction id="33" name="rn:R07618" type="reversible">
        <substrate id="74" name="cpd:C15973"/>
        <product id="71" name="cpd:C15972"/>
    </reaction>
    <reaction id="34" name="rn:R00621" type="irreversible">
        <substrate id="76" name="cpd:C00026"/>
        <substrate id="72" name="cpd:C00068"/>
        <product id="77" name="cpd:C05381"/>
    </reaction>
    <reaction id="35" name="rn:R03316" type="irreversible">
        <substrate id="77" name="cpd:C05381"/>
        <substrate id="71" name="cpd:C15972"/>
        <product id="73" name="cpd:C16254"/>
        <product id="72" name="cpd:C00068"/>
    </reaction>
    <reaction id="36" name="rn:R02570" type="reversible">
        <substrate id="75" name="cpd:C00091"/>
        <substrate id="74" name="cpd:C15973"/>
        <product id="73" name="cpd:C16254"/>
    </reaction>
    <reaction id="37" name="rn:R00405" type="reversible">
        <substrate id="69" name="cpd:C00042"/>
        <product id="75" name="cpd:C00091"/>
    </reaction>
    <reaction id="38" name="rn:R00432 rn:R00727" type="reversible">
        <substrate id="69" name="cpd:C00042"/>
        <product id="75" name="cpd:C00091"/>
    </reaction>
    <reaction id="39" name="rn:R00268" type="reversible">
        <substrate id="64" name="cpd:C05379"/>
        <product id="76" name="cpd:C00026"/>
    </reaction>
    <reaction id="40" name="rn:R00709" type="reversible">
        <substrate id="67" name="cpd:C00311"/>
        <product id="76" name="cpd:C00026"/>
    </reaction>
    <reaction id="41" name="rn:R01899" type="reversible">
        <substrate id="67" name="cpd:C00311"/>
        <product id="64" name="cpd:C05379"/>
    </reaction>
    <reaction id="42" name="rn:R00352" type="reversible">
        <substrate id="65" name="cpd:C00024"/>
        <substrate id="63" name="cpd:C00036"/>
        <product id="70" name="cpd:C00158"/>
    </reaction>
    <reaction id="107" name="rn:R02164" type="reversible">
        <substrate id="69" name="cpd:C00042"/>
        <product id="62" name="cpd:C00122"/>
    </reaction>
    <reaction id="43" name="rn:R01082" type="reversible">
        <substrate id="66" name="cpd:C00149"/>
        <product id="62" name="cpd:C00122"/>
    </reaction>
    <reaction id="44" name="rn:R01900" type="reversible">
        <substrate id="68" name="cpd:C00417"/>
        <product id="67" name="cpd:C00311"/>
    </reaction>
    <reaction id="45" name="rn:R01325" type="reversible">
        <substrate id="70" name="cpd:C00158"/>
        <product id="68" name="cpd:C00417"/>
    </reaction>
    <reaction id="46" name="rn:R00351" type="reversible">
        <substrate id="65" name="cpd:C00024"/>
        <substrate id="63" name="cpd:C00036"/>
        <product id="70" name="cpd:C00158"/>
    </reaction>
    <reaction id="47" name="rn:R00342" type="reversible">
        <substrate id="66" name="cpd:C00149"/>
        <product id="63" name="cpd:C00036"/>
    </reaction>
    <reaction id="48" name="rn:R00344" type="irreversible">
        <substrate id="61" name="cpd:C00022"/>
        <product id="63" name="cpd:C00036"/>
    </reaction>
    <reaction id="84" name="rn:R00014" type="irreversible">
        <substrate id="85" name="cpd:C00068"/>
        <substrate id="61" name="cpd:C00022"/>
        <product id="83" name="cpd:C05125"/>
    </reaction>
    <reaction id="86" name="rn:R03270" type="irreversible">
        <substrate id="87" name="cpd:C15972"/>
        <substrate id="83" name="cpd:C05125"/>
        <product id="90" name="cpd:C16255"/>
        <product id="85" name="cpd:C00068"/>
    </reaction>
    <reaction id="89" name="rn:R07618" type="reversible">
        <substrate id="101" name="cpd:C15973"/>
        <product id="87" name="cpd:C15972"/>
    </reaction>
    <reaction id="91" name="rn:R02569" type="reversible">
        <substrate id="101" name="cpd:C15973"/>
        <substrate id="65" name="cpd:C00024"/>
        <product id="90" name="cpd:C16255"/>
    </reaction>
    <reaction id="97" name="rn:R00431 rn:R00726" type="irreversible">
        <substrate id="63" name="cpd:C00036"/>
        <product id="102" name="cpd:C00074"/>
    </reaction>
</pathway>
