<?xml version="1.0"?>
<!DOCTYPE pathway SYSTEM "https://www.kegg.jp/kegg/xml/KGML_v0.7.2_.dtd">
<!-- Creation date: Jan 21, 2020 14:57:17 +0900 (GMT+9) -->
<pathway name="path:mmu04728" org="mmu" number="04728"
         title="Dopaminergic synapse"
         image="https://www.kegg.jp/kegg/pathway/mmu/mmu04728.png"
         link="https://www.kegg.jp/kegg-bin/show_pathway?mmu04728">
    <entry id="17" name="path:mmu04728" type="map"
        link="https://www.kegg.jp/dbget-bin/www_bget?mmu04728">
        <graphics name="TITLE:Dopaminergic synapse" fgcolor="#000000" bgcolor="#FFFFFF"
             type="roundrectangle" x="146" y="58" width="212" height="25"/>
    </entry>
    <entry id="24" name="mmu:13492" type="gene"
        link="https://www.kegg.jp/dbget-bin/www_bget?mmu:13492">
        <graphics name="Drd5, D5R, Drd-5, Drd1b, Gpcr1" fgcolor="#000000" bgcolor="#BFFFBF"
             type="rectangle" x="753" y="535" width="46" height="17"/>
    </entry>
    <entry id="26" name="mmu:13162" type="gene"
        link="https://www.kegg.jp/dbget-bin/www_bget?mmu:13162">
        <graphics name="Slc6a3, DAT, Dat1" fgcolor="#000000" bgcolor="#BFFFBF"
             type="rectangle" x="716" y="219" width="46" height="17"/>
    </entry>
    <entry id="29" name="mmu:110877 mmu:214084" type="gene"
        link="https://www.kegg.jp/dbget-bin/www_bget?mmu:110877+mmu:214084">
        <graphics name="Slc18a1, 4832416I10Rik, Vat1, Vmat1..." fgcolor="#000000" bgcolor="#BFFFBF"
             type="rectangle" x="243" y="550" width="46" height="17"/>
    </entry>
    <entry id="30" name="cpd:C03758" type="compound"
        link="https://www.kegg.jp/dbget-bin/www_bget?C03758">
        <graphics name="C03758" fgcolor="#000000" bgcolor="#FFFFFF"
             type="circle" x="719" y="159" width="8" height="8"/>
    </entry>
    <entry id="31" name="cpd:C00355" type="compound"
        link="https://www.kegg.jp/dbget-bin/www_bget?C00355">
        <graphics name="C00355" fgcolor="#000000" bgcolor="#FFFFFF"
             type="circle" x="123" y="549" width="8" height="8"/>
    </entry>
    <entry id="32" name="cpd:C03758" type="compound"
        link="https://www.kegg.jp/dbget-bin/www_bget?C03758">
        <graphics name="C03758" fgcolor="#000000" bgcolor="#FFFFFF"
             type="circle" x="196" y="549" width="8" height="8"/>
    </entry>
    <entry id="33" name="cpd:C03758" type="compound"
        link="https://www.kegg.jp/dbget-bin/www_bget?C03758">
        <graphics name="C03758" fgcolor="#000000" bgcolor="#FFFFFF"
             type="circle" x="452" y="473" width="8" height="8"/>
    </entry>
    <entry id="34" name="mmu:14680 mmu:14683" type="gene"
        link="https://www.kegg.jp/dbget-bin/www_bget?mmu:14680+mmu:14683">
        <graphics name="Gnal, 2610011C15Rik, 9630020G10Rik, Galphaolf, Gna10, Golf, Hg1o..." fgcolor="#000000" bgcolor="#BFFFBF"
             type="rectangle" x="847" y="535" width="46" height="17"/>
    </entry>
    <entry id="35" name="mmu:224129" type="gene"
        link="https://www.kegg.jp/dbget-bin/www_bget?mmu:224129">
        <graphics name="Adcy5, Ac5" fgcolor="#000000" bgcolor="#BFFFBF"
             type="rectangle" x="959" y="535" width="46" height="17"/>
    </entry>
    <entry id="36" name="mmu:18747 mmu:18749" type="gene"
        link="https://www.kegg.jp/dbget-bin/www_bget?mmu:18747+mmu:18749">
        <graphics name="Prkaca, PKCD, Pkaca..." fgcolor="#000000" bgcolor="#BFFFBF"
             type="rectangle" x="1081" y="535" width="46" height="17"/>
    </entry>
    <entry id="37" name="mmu:14682" type="gene"
        link="https://www.kegg.jp/dbget-bin/www_bget?mmu:14682">
        <graphics name="Gnaq, 1110005L02Rik, 6230401I02Rik, Dsk1, Dsk10, Galphaq, Gq, GqI" fgcolor="#000000" bgcolor="#BFFFBF"
             type="rectangle" x="847" y="474" width="46" height="17"/>
    </entry>
    <entry id="38" name="mmu:18795 mmu:18796 mmu:18797 mmu:18798" type="gene"
        link="https://www.kegg.jp/dbget-bin/www_bget?mmu:18795+mmu:18796+mmu:18797+mmu:18798">
        <graphics name="Plcb1, 3110043I21Rik, Plcb, mKIAA0581..." fgcolor="#000000" bgcolor="#BFFFBF"
             type="rectangle" x="925" y="474" width="46" height="17"/>
    </entry>
    <entry id="39" name="cpd:C00575" type="compound"
        link="https://www.kegg.jp/dbget-bin/www_bget?C00575">
        <graphics name="C00575" fgcolor="#000000" bgcolor="#FFFFFF"
             type="circle" x="1016" y="535" width="8" height="8"/>
    </entry>
    <entry id="46" name="cpd:C01245" type="compound"
        link="https://www.kegg.jp/dbget-bin/www_bget?C01245">
        <graphics name="C01245" fgcolor="#000000" bgcolor="#FFFFFF"
             type="circle" x="992" y="447" width="8" height="8"/>
    </entry>
    <entry id="47" name="cpd:C00165" type="compound"
        link="https://www.kegg.jp/dbget-bin/www_bget?C00165">
        <graphics name="C00165" fgcolor="#000000" bgcolor="#FFFFFF"
             type="circle" x="1043" y="490" width="8" height="8"/>
    </entry>
    <entry id="50" name="mmu:16438 mmu:16439 mmu:16440" type="gene"
        link="https://www.kegg.jp/dbget-bin/www_bget?mmu:16438+mmu:16439+mmu:16440">
        <graphics name="Itpr1, D6Pas2, Gm10429, IP3R_1, IP3R1, InsP3R, Ip3r, Itpr-1, P400, Pcp-1, Pcp1, insP3R1, opt, wblo..." fgcolor="#000000" bgcolor="#BFFFBF"
             type="rectangle" x="1043" y="422" width="46" height="17"/>
    </entry>
    <entry id="52" name="cpd:C00076" type="compound"
        link="https://www.kegg.jp/dbget-bin/www_bget?C00076">
        <graphics name="C00076" fgcolor="#000000" bgcolor="#FFFFFF"
             type="circle" x="1042" y="456" width="8" height="8"/>
    </entry>
    <entry id="53" name="mmu:18750 mmu:18751 mmu:18752" type="gene"
        link="https://www.kegg.jp/dbget-bin/www_bget?mmu:18750+mmu:18751+mmu:18752">
        <graphics name="Prkca, Pkca..." fgcolor="#000000" bgcolor="#BFFFBF"
             type="rectangle" x="1159" y="490" width="46" height="17"/>
    </entry>
    <entry id="55" name="cpd:C03758" type="compound"
        link="https://www.kegg.jp/dbget-bin/www_bget?C03758">
        <graphics name="C03758" fgcolor="#000000" bgcolor="#FFFFFF"
             type="circle" x="644" y="588" width="8" height="8"/>
    </entry>
    <entry id="56" name="path:mmu05012" type="map"
        link="https://www.kegg.jp/dbget-bin/www_bget?mmu05012">
        <graphics name="Parkinson disease" fgcolor="#000000" bgcolor="#FFFFFF"
             type="roundrectangle" x="195" y="674" width="92" height="34"/>
    </entry>
    <entry id="58" name="mmu:13195" type="gene"
        link="https://www.kegg.jp/dbget-bin/www_bget?mmu:13195">
        <graphics name="Ddc, Aadc" fgcolor="#000000" bgcolor="#BFFFBF"
             type="rectangle" x="155" y="570" width="46" height="17"/>
    </entry>
    <entry id="59" name="mmu:109731 mmu:17161" type="gene"
        link="https://www.kegg.jp/dbget-bin/www_bget?mmu:109731+mmu:17161">
        <graphics name="Maob, 6330414K01Rik, MAO-B..." fgcolor="#000000" bgcolor="#BFFFBF"
             type="rectangle" x="683" y="109" width="46" height="17"/>
    </entry>
    <entry id="60" name="mmu:13162" type="gene"
        link="https://www.kegg.jp/dbget-bin/www_bget?mmu:13162">
        <graphics name="Slc6a3, DAT, Dat1" fgcolor="#000000" bgcolor="#BFFFBF"
             type="rectangle" x="624" y="781" width="46" height="17"/>
    </entry>
    <entry id="61" name="cpd:C03758" type="compound"
        link="https://www.kegg.jp/dbget-bin/www_bget?C03758">
        <graphics name="C03758" fgcolor="#000000" bgcolor="#FFFFFF"
             type="circle" x="677" y="779" width="8" height="8"/>
    </entry>
    <entry id="69" name="mmu:12286 mmu:12287" type="gene"
        link="https://www.kegg.jp/dbget-bin/www_bget?mmu:12286+mmu:12287">
        <graphics name="Cacna1a, APCA, BI, Caca1a, Cacnl1a4, Cav2.1, Ccha1a, EA2, FHM, HPCA, MHP, MHP1, SCA6, alpha1A, la, nmf352, rkr, smrl, tg..." fgcolor="#000000" bgcolor="#BFFFBF"
             type="rectangle" x="624" y="493" width="46" height="17"/>
    </entry>
    <entry id="70" name="cpd:C00076" type="compound"
        link="https://www.kegg.jp/dbget-bin/www_bget?C00076">
        <graphics name="C00076" fgcolor="#000000" bgcolor="#FFFFFF"
             type="circle" x="666" y="492" width="8" height="8"/>
    </entry>
    <entry id="92" name="mmu:13489" type="gene"
        link="https://www.kegg.jp/dbget-bin/www_bget?mmu:13489">
        <graphics name="Drd2, D2R, Drd-2" fgcolor="#000000" bgcolor="#BFFFBF"
             type="rectangle" x="753" y="802" width="46" height="17"/>
    </entry>
    <entry id="93" name="mmu:100503710 mmu:14677 mmu:14678 mmu:14679 mmu:14681 mmu:14688 mmu:14693 mmu:14695 mmu:14696 mmu:14697 mmu:14699 mmu:14700 mmu:14701 mmu:14702 mmu:14704 mmu:14706 mmu:14707 mmu:14708 mmu:14709 mmu:14710 mmu:64337 mmu:66066" type="gene"
        link="https://www.kegg.jp/dbget-bin/www_bget?mmu:100503710+mmu:14677+mmu:14678+mmu:14679+mmu:14681+mmu:14688+mmu:14693+mmu:14695+mmu:14696+mmu:14697+mmu:14699+mmu:14700+mmu:14701+mmu:14702+mmu:14704+mmu:14706+mmu:14707+mmu:14708+mmu:14709+mmu:14710+mmu:64337+mmu:66066">
        <graphics name="Gng14, EG436049, Gm5741..." fgcolor="#000000" bgcolor="#BFFFBF"
             type="rectangle" x="863" y="762" width="46" height="17"/>
    </entry>
    <entry id="97" name="mmu:11651 mmu:11652 mmu:23797" type="gene"
        link="https://www.kegg.jp/dbget-bin/www_bget?mmu:11651+mmu:11652+mmu:23797">
        <graphics name="Akt1, Akt, LTR-akt, PKB, PKB/Akt, PKBalpha, Rac..." fgcolor="#000000" bgcolor="#BFFFBF"
             type="rectangle" x="945" y="805" width="46" height="17"/>
    </entry>
    <entry id="98" name="mmu:56637 mmu:606496" type="gene"
        link="https://www.kegg.jp/dbget-bin/www_bget?mmu:56637+mmu:606496">
        <graphics name="Gsk3b, 7330414F15Rik, 8430431H08Rik, GSK-3, GSK-3beta, GSK3..." fgcolor="#000000" bgcolor="#BFFFBF"
             type="rectangle" x="1016" y="805" width="46" height="17"/>
    </entry>
    <entry id="103" name="mmu:11909 mmu:11911 mmu:12912 mmu:12913 mmu:12915 mmu:208647 mmu:208677 mmu:231991 mmu:26427 mmu:78284" type="gene"
        link="https://www.kegg.jp/dbget-bin/www_bget?mmu:11909+mmu:11911+mmu:12912+mmu:12913+mmu:12915+mmu:208647+mmu:208677+mmu:231991+mmu:26427+mmu:78284">
        <graphics name="Atf2, Atf-2, CRE-BP, Creb2, D130078H02Rik, Tg(Gzma-Klra1)7Wum, mXBP..." fgcolor="#000000" bgcolor="#BFFFBF"
             type="rectangle" x="1158" y="522" width="46" height="17"/>
    </entry>
    <entry id="104" name="mmu:19049" type="gene"
        link="https://www.kegg.jp/dbget-bin/www_bget?mmu:19049">
        <graphics name="Ppp1r1b, DARPP-32, Darpp32" fgcolor="#000000" bgcolor="#BFFFBF"
             type="rectangle" x="1158" y="589" width="46" height="17"/>
    </entry>
    <entry id="105" name="mmu:19094 mmu:26414 mmu:26415 mmu:26416 mmu:26419 mmu:26420 mmu:29857" type="gene"
        link="https://www.kegg.jp/dbget-bin/www_bget?mmu:19094+mmu:26414+mmu:26415+mmu:26416+mmu:26419+mmu:26420+mmu:29857">
        <graphics name="Mapk11, P38b, Prkm11, Sapk2, Sapk2b, p38-2, p38beta, p38beta2..." fgcolor="#000000" bgcolor="#BFFFBF"
             type="rectangle" x="1158" y="553" width="46" height="17"/>
    </entry>
    <entry id="110" name="cpd:C00082" type="compound"
        link="https://www.kegg.jp/dbget-bin/www_bget?C00082">
        <graphics name="C00082" fgcolor="#000000" bgcolor="#FFFFFF"
             type="circle" x="122" y="438" width="8" height="8"/>
    </entry>
    <entry id="112" name="mmu:21823" type="gene"
        link="https://www.kegg.jp/dbget-bin/www_bget?mmu:21823">
        <graphics name="Th" fgcolor="#000000" bgcolor="#BFFFBF"
             type="rectangle" x="156" y="466" width="46" height="17"/>
    </entry>
    <entry id="115" name="mmu:13488" type="gene"
        link="https://www.kegg.jp/dbget-bin/www_bget?mmu:13488">
        <graphics name="Drd1, C030036C15Rik, Drd-1, Drd1a, Gpcr15" fgcolor="#000000" bgcolor="#BFFFBF"
             type="rectangle" x="753" y="474" width="46" height="17"/>
    </entry>
    <entry id="116" name="mmu:13490 mmu:13491" type="gene"
        link="https://www.kegg.jp/dbget-bin/www_bget?mmu:13490+mmu:13491">
        <graphics name="Drd3, D3R..." fgcolor="#000000" bgcolor="#BFFFBF"
             type="rectangle" x="753" y="762" width="46" height="17"/>
    </entry>
    <entry id="117" name="mmu:109731 mmu:17161" type="gene"
        link="https://www.kegg.jp/dbget-bin/www_bget?mmu:109731+mmu:17161">
        <graphics name="Maob, 6330414K01Rik, MAO-B..." fgcolor="#000000" bgcolor="#BFFFBF"
             type="rectangle" x="504" y="765" width="46" height="17"/>
    </entry>
    <entry id="118" name="mmu:12846 mmu:791260" type="gene"
        link="https://www.kegg.jp/dbget-bin/www_bget?mmu:12846+mmu:791260">
        <graphics name="Comt, Comt1, D16Wsu103e, D330014B15Rik..." fgcolor="#000000" bgcolor="#BFFFBF"
             type="rectangle" x="504" y="792" width="46" height="17"/>
    </entry>
    <entry id="119" name="cpd:C03758" type="compound"
        link="https://www.kegg.jp/dbget-bin/www_bget?C03758">
        <graphics name="C03758" fgcolor="#000000" bgcolor="#FFFFFF"
             type="circle" x="561" y="780" width="8" height="8"/>
    </entry>
    <entry id="121" name="cpd:C05587" type="compound"
        link="https://www.kegg.jp/dbget-bin/www_bget?C05587">
        <graphics name="C05587" fgcolor="#000000" bgcolor="#FFFFFF"
             type="circle" x="422" y="769" width="8" height="8"/>
    </entry>
    <entry id="122" name="cpd:C05582" type="compound"
        link="https://www.kegg.jp/dbget-bin/www_bget?C05582">
        <graphics name="C05582" fgcolor="#000000" bgcolor="#FFFFFF"
             type="circle" x="422" y="787" width="8" height="8"/>
    </entry>
    <entry id="123" name="mmu:14281" type="gene"
        link="https://www.kegg.jp/dbget-bin/www_bget?mmu:14281">
        <graphics name="Fos, D12Rfj1, c-fos, cFos" fgcolor="#000000" bgcolor="#BFFFBF"
             type="rectangle" x="1263" y="553" width="46" height="17"/>
    </entry>
    <entry id="125" name="mmu:13489" type="gene"
        link="https://www.kegg.jp/dbget-bin/www_bget?mmu:13489">
        <graphics name="Drd2, D2R, Drd-2" fgcolor="#000000" bgcolor="#BFFFBF"
             type="rectangle" x="466" y="318" width="46" height="17"/>
    </entry>
    <entry id="129" name="path:mmu00350" type="map"
        link="https://www.kegg.jp/dbget-bin/www_bget?mmu00350">
        <graphics name="Tyrosine metabolism" fgcolor="#000000" bgcolor="#FFFFFF"
             type="roundrectangle" x="186" y="510" width="92" height="34"/>
    </entry>
    <entry id="132" name="mmu:12846 mmu:791260" type="gene"
        link="https://www.kegg.jp/dbget-bin/www_bget?mmu:12846+mmu:791260">
        <graphics name="Comt, Comt1, D16Wsu103e, D330014B15Rik..." fgcolor="#000000" bgcolor="#BFFFBF"
             type="rectangle" x="670" y="170" width="46" height="17"/>
    </entry>
    <entry id="133" name="mmu:12846 mmu:791260" type="gene"
        link="https://www.kegg.jp/dbget-bin/www_bget?mmu:12846+mmu:791260">
        <graphics name="Comt, Comt1, D16Wsu103e, D330014B15Rik..." fgcolor="#000000" bgcolor="#BFFFBF"
             type="rectangle" x="571" y="93" width="46" height="17"/>
    </entry>
    <entry id="134" name="mmu:109731 mmu:17161" type="gene"
        link="https://www.kegg.jp/dbget-bin/www_bget?mmu:109731+mmu:17161">
        <graphics name="Maob, 6330414K01Rik, MAO-B..." fgcolor="#000000" bgcolor="#BFFFBF"
             type="rectangle" x="544" y="153" width="46" height="17"/>
    </entry>
    <entry id="137" name="cpd:C05582" type="compound"
        link="https://www.kegg.jp/dbget-bin/www_bget?C05582">
        <graphics name="C05582" fgcolor="#000000" bgcolor="#FFFFFF"
             type="circle" x="506" y="109" width="8" height="8"/>
    </entry>
    <entry id="138" name="cpd:C01161" type="compound"
        link="https://www.kegg.jp/dbget-bin/www_bget?C01161">
        <graphics name="C01161" fgcolor="#000000" bgcolor="#FFFFFF"
             type="circle" x="619" y="106" width="8" height="8"/>
    </entry>
    <entry id="139" name="cpd:C05587" type="compound"
        link="https://www.kegg.jp/dbget-bin/www_bget?C05587">
        <graphics name="C05587" fgcolor="#000000" bgcolor="#FFFFFF"
             type="circle" x="615" y="157" width="8" height="8"/>
    </entry>
    <entry id="145" name="mmu:19055 mmu:19056 mmu:19057" type="gene"
        link="https://www.kegg.jp/dbget-bin/www_bget?mmu:19055+mmu:19056+mmu:19057">
        <graphics name="Ppp3ca, 2900074D19Rik, CN, Caln, Calna, CnA..." fgcolor="#000000" bgcolor="#BFFFBF"
             type="rectangle" x="1253" y="458" width="46" height="17"/>
    </entry>
    <entry id="146" name="mmu:108058 mmu:12322 mmu:12323 mmu:12325" type="gene"
        link="https://www.kegg.jp/dbget-bin/www_bget?mmu:108058+mmu:12322+mmu:12323+mmu:12325">
        <graphics name="Camk2d, 2810011D23Rik, 8030469K03Rik, CaMK_II, [d]-CaMKII..." fgcolor="#000000" bgcolor="#BFFFBF"
             type="rectangle" x="1253" y="425" width="46" height="17"/>
    </entry>
    <entry id="148" name="mmu:109689 mmu:216869" type="gene"
        link="https://www.kegg.jp/dbget-bin/www_bget?mmu:109689+mmu:216869">
        <graphics name="Arrb1, 1200006I17Rik, G430100A01Rik..." fgcolor="#000000" bgcolor="#BFFFBF"
             type="rectangle" x="863" y="796" width="46" height="17"/>
    </entry>
    <entry id="149" name="mmu:100039815 mmu:100039830 mmu:19052 mmu:19053 mmu:19054 mmu:21770 mmu:225849 mmu:226849 mmu:235542 mmu:26931 mmu:26932 mmu:269643 mmu:51792 mmu:52432 mmu:59032 mmu:71978 mmu:72930 mmu:73699" type="gene"
        link="https://www.kegg.jp/dbget-bin/www_bget?mmu:100039815+mmu:100039830+mmu:19052+mmu:19053+mmu:19054+mmu:21770+mmu:225849+mmu:226849+mmu:235542+mmu:26931+mmu:26932+mmu:269643+mmu:51792+mmu:52432+mmu:59032+mmu:71978+mmu:72930+mmu:73699">
        <graphics name="Gm2436..." fgcolor="#000000" bgcolor="#BFFFBF"
             type="rectangle" x="863" y="813" width="46" height="17"/>
    </entry>
    <entry id="153" name="mmu:19045 mmu:19046 mmu:19047 mmu:434233" type="gene"
        link="https://www.kegg.jp/dbget-bin/www_bget?mmu:19045+mmu:19046+mmu:19047+mmu:434233">
        <graphics name="Ppp1ca, Ppp1c, dism2..." fgcolor="#000000" bgcolor="#BFFFBF"
             type="rectangle" x="1081" y="588" width="46" height="17"/>
    </entry>
    <entry id="155" name="path:mmu04721" type="map"
        link="https://www.kegg.jp/dbget-bin/www_bget?mmu04721">
        <graphics name="Synaptic vesicle cycle" fgcolor="#000000" bgcolor="#FFFFFF"
             type="roundrectangle" x="431" y="558" width="92" height="34"/>
    </entry>
    <entry id="159" name="mmu:13489" type="gene"
        link="https://www.kegg.jp/dbget-bin/www_bget?mmu:13489">
        <graphics name="Drd2, D2R, Drd-2" fgcolor="#000000" bgcolor="#BFFFBF"
             type="rectangle" x="624" y="721" width="46" height="17"/>
    </entry>
    <entry id="162" name="mmu:12286 mmu:12287" type="gene"
        link="https://www.kegg.jp/dbget-bin/www_bget?mmu:12286+mmu:12287">
        <graphics name="Cacna1a, APCA, BI, Caca1a, Cacnl1a4, Cav2.1, Ccha1a, EA2, FHM, HPCA, MHP, MHP1, SCA6, alpha1A, la, nmf352, rkr, smrl, tg..." fgcolor="#000000" bgcolor="#BFFFBF"
             type="rectangle" x="753" y="690" width="46" height="17"/>
    </entry>
    <entry id="163" name="mmu:16519 mmu:16521 mmu:16522 mmu:16524" type="gene"
        link="https://www.kegg.jp/dbget-bin/www_bget?mmu:16519+mmu:16521+mmu:16522+mmu:16524">
        <graphics name="Kcnj3, GIRK-1, GIRK1, Kcnf3, Kcnj1, Kir3.1..." fgcolor="#000000" bgcolor="#BFFFBF"
             type="rectangle" x="753" y="725" width="46" height="17"/>
    </entry>
    <entry id="164" name="cpd:C00238" type="compound"
        link="https://www.kegg.jp/dbget-bin/www_bget?C00238">
        <graphics name="C00238" fgcolor="#000000" bgcolor="#FFFFFF"
             type="circle" x="801" y="723" width="8" height="8"/>
    </entry>
    <entry id="165" name="cpd:C00076" type="compound"
        link="https://www.kegg.jp/dbget-bin/www_bget?C00076">
        <graphics name="C00076" fgcolor="#000000" bgcolor="#FFFFFF"
             type="circle" x="716" y="686" width="8" height="8"/>
    </entry>
    <entry id="171" name="mmu:20265" type="gene"
        link="https://www.kegg.jp/dbget-bin/www_bget?mmu:20265">
        <graphics name="Scn1a, B230332M13, Nav1.1" fgcolor="#000000" bgcolor="#BFFFBF"
             type="rectangle" x="753" y="607" width="46" height="17"/>
    </entry>
    <entry id="172" name="cpd:C01330" type="compound"
        link="https://www.kegg.jp/dbget-bin/www_bget?C01330">
        <graphics name="C01330" fgcolor="#000000" bgcolor="#FFFFFF"
             type="circle" x="711" y="605" width="8" height="8"/>
    </entry>
    <entry id="178" name="path:mmu04020" type="map"
        link="https://www.kegg.jp/dbget-bin/www_bget?mmu04020">
        <graphics name="Calcium signaling pathway" fgcolor="#000000" bgcolor="#FFFFFF"
             type="roundrectangle" x="925" y="397" width="108" height="34"/>
    </entry>
    <entry id="179" name="mmu:12313 mmu:12314 mmu:12315 mmu:494124 mmu:70405 mmu:75600 mmu:80796" type="gene"
        link="https://www.kegg.jp/dbget-bin/www_bget?mmu:12313+mmu:12314+mmu:12315+mmu:494124+mmu:70405+mmu:75600+mmu:80796">
        <graphics name="Calm1, CaM, Calm, Cam1..." fgcolor="#000000" bgcolor="#BFFFBF"
             type="rectangle" x="1159" y="441" width="46" height="17"/>
    </entry>
    <entry id="181" name="mmu:12288 mmu:12289" type="gene"
        link="https://www.kegg.jp/dbget-bin/www_bget?mmu:12288+mmu:12289">
        <graphics name="Cacna1c, Cav1.2, Cchl1a1, D930026N18Rik, MBC, MELC-CC..." fgcolor="#000000" bgcolor="#BFFFBF"
             type="rectangle" x="753" y="658" width="46" height="17"/>
    </entry>
    <entry id="182" name="cpd:C00076" type="compound"
        link="https://www.kegg.jp/dbget-bin/www_bget?C00076">
        <graphics name="C00076" fgcolor="#000000" bgcolor="#FFFFFF"
             type="circle" x="709" y="658" width="8" height="8"/>
    </entry>
    <entry id="192" name="mmu:16572 mmu:16573 mmu:16574" type="gene"
        link="https://www.kegg.jp/dbget-bin/www_bget?mmu:16572+mmu:16573+mmu:16574">
        <graphics name="Kif5a, D10Bwg0738e, Khc, Kif5, Kns, mKIAA4086..." fgcolor="#000000" bgcolor="#BFFFBF"
             type="rectangle" x="1119" y="756" width="46" height="17"/>
    </entry>
    <entry id="193" name="mmu:12753" type="gene"
        link="https://www.kegg.jp/dbget-bin/www_bget?mmu:12753">
        <graphics name="Clock, 5330400M04Rik, KAT13D" fgcolor="#000000" bgcolor="#BFFFBF"
             type="rectangle" x="1119" y="787" width="46" height="17"/>
    </entry>
    <entry id="194" name="mmu:11865" type="gene"
        link="https://www.kegg.jp/dbget-bin/www_bget?mmu:11865">
        <graphics name="Arntl, Arnt3, BMAL1b, Bmal1, MOP3, bHLHe5, bmal1b'" fgcolor="#000000" bgcolor="#BFFFBF"
             type="rectangle" x="1119" y="804" width="46" height="17"/>
    </entry>
    <entry id="195" name="mmu:14799 mmu:14800 mmu:14802 mmu:53623" type="gene"
        link="https://www.kegg.jp/dbget-bin/www_bget?mmu:14799+mmu:14800+mmu:14802+mmu:53623">
        <graphics name="Gria1, 2900051M01Rik, Glr-1, Glr1, GluA1, GluR-A, GluRA, Glur-1, Glur1, HIPA1, gluR-K1..." fgcolor="#000000" bgcolor="#BFFFBF"
             type="rectangle" x="1119" y="739" width="46" height="17"/>
    </entry>
    <entry id="196" name="mmu:14811 mmu:14812" type="gene"
        link="https://www.kegg.jp/dbget-bin/www_bget?mmu:14811+mmu:14812">
        <graphics name="Grin2a, GluN2A, GluRepsilon1, NMDAR2A, NR2A..." fgcolor="#000000" bgcolor="#BFFFBF"
             type="rectangle" x="1119" y="702" width="46" height="17"/>
    </entry>
    <entry id="208" name="path:mmu04724" type="map"
        link="https://www.kegg.jp/dbget-bin/www_bget?mmu04724">
        <graphics name="Glutamatergic synapse" fgcolor="#000000" bgcolor="#FFFFFF"
             type="roundrectangle" x="1221" y="709" width="92" height="34"/>
    </entry>
    <entry id="217" name="mmu:68566" type="gene"
        link="https://www.kegg.jp/dbget-bin/www_bget?mmu:68566">
        <graphics name="Caly, 0710001P07Rik, 1110004A22Rik, Calcyon, Drd1ip" fgcolor="#000000" bgcolor="#BFFFBF"
             type="rectangle" x="846" y="438" width="46" height="17"/>
    </entry>
    <entry id="218" name="undefined" type="group">
        <graphics fgcolor="#000000" bgcolor="#FFFFFF"
             type="rectangle" x="863" y="804" width="46" height="34"/>
        <component id="148"/>
        <component id="149"/>
    </entry>
    <entry id="219" name="undefined" type="group">
        <graphics fgcolor="#000000" bgcolor="#FFFFFF"
             type="rectangle" x="1119" y="747" width="46" height="34"/>
        <component id="192"/>
        <component id="195"/>
    </entry>
    <entry id="220" name="undefined" type="group">
        <graphics fgcolor="#000000" bgcolor="#FFFFFF"
             type="rectangle" x="1119" y="795" width="46" height="34"/>
        <component id="193"/>
        <component id="194"/>
    </entry>
    <relation entry1="55" entry2="159" type="PCrel">
        <subtype name="activation" value="--&gt;"/>
    </relation>
    <relation entry1="159" entry2="60" type="PPrel">
        <subtype name="activation" value="--&gt;"/>
    </relation>
    <relation entry1="55" entry2="125" type="PCrel">
        <subtype name="activation" value="--&gt;"/>
    </relation>
    <relation entry1="55" entry2="115" type="PCrel">
        <subtype name="activation" value="--&gt;"/>
    </relation>
    <relation entry1="55" entry2="24" type="PCrel">
        <subtype name="activation" value="--&gt;"/>
    </relation>
    <relation entry1="55" entry2="116" type="PCrel">
        <subtype name="activation" value="--&gt;"/>
    </relation>
    <relation entry1="55" entry2="92" type="PCrel">
        <subtype name="activation" value="--&gt;"/>
    </relation>
    <relation entry1="115" entry2="37" type="PPrel">
        <subtype name="activation" value="--&gt;"/>
    </relation>
    <relation entry1="37" entry2="38" type="PPrel">
        <subtype name="activation" value="--&gt;"/>
    </relation>
    <relation entry1="38" entry2="46" type="PCrel">
        <subtype name="activation" value="--&gt;"/>
    </relation>
    <relation entry1="46" entry2="50" type="PCrel">
        <subtype name="activation" value="--&gt;"/>
    </relation>
    <relation entry1="38" entry2="47" type="PCrel">
        <subtype name="activation" value="--&gt;"/>
    </relation>
    <relation entry1="52" entry2="179" type="PCrel">
        <subtype name="activation" value="--&gt;"/>
    </relation>
    <relation entry1="52" entry2="53" type="PCrel">
        <subtype name="activation" value="--&gt;"/>
    </relation>
    <relation entry1="47" entry2="53" type="PCrel">
        <subtype name="activation" value="--&gt;"/>
    </relation>
    <relation entry1="52" entry2="103" type="PCrel">
        <subtype name="activation" value="--&gt;"/>
    </relation>
    <relation entry1="115" entry2="34" type="PPrel">
        <subtype name="activation" value="--&gt;"/>
    </relation>
    <relation entry1="24" entry2="37" type="PPrel">
        <subtype name="activation" value="--&gt;"/>
    </relation>
    <relation entry1="24" entry2="34" type="PPrel">
        <subtype name="activation" value="--&gt;"/>
    </relation>
    <relation entry1="34" entry2="35" type="PPrel">
        <subtype name="activation" value="--&gt;"/>
    </relation>
    <relation entry1="35" entry2="39" type="PCrel">
        <subtype name="activation" value="--&gt;"/>
    </relation>
    <relation entry1="39" entry2="36" type="PCrel">
        <subtype name="activation" value="--&gt;"/>
    </relation>
    <relation entry1="36" entry2="103" type="PPrel">
        <subtype name="activation" value="--&gt;"/>
        <subtype name="phosphorylation" value="+p"/>
    </relation>
    <relation entry1="36" entry2="104" type="PPrel">
        <subtype name="activation" value="--&gt;"/>
        <subtype name="phosphorylation" value="+p"/>
    </relation>
    <relation entry1="36" entry2="105" type="PPrel">
        <subtype name="activation" value="--&gt;"/>
        <subtype name="indirect effect" value="..&gt;"/>
    </relation>
    <relation entry1="53" entry2="123" type="PPrel">
        <subtype name="activation" value="--&gt;"/>
    </relation>
    <relation entry1="105" entry2="123" type="PPrel">
        <subtype name="activation" value="--&gt;"/>
    </relation>
    <relation entry1="179" entry2="145" type="PPrel">
        <subtype name="activation" value="--&gt;"/>
    </relation>
    <relation entry1="104" entry2="153" type="PPrel">
        <subtype name="inhibition" value="--|"/>
    </relation>
    <relation entry1="145" entry2="104" type="PPrel">
        <subtype name="inhibition" value="--|"/>
        <subtype name="dephosphorylation" value="-p"/>
    </relation>
    <relation entry1="153" entry2="181" type="PPrel">
        <subtype name="inhibition" value="--|"/>
        <subtype name="dephosphorylation" value="-p"/>
    </relation>
    <relation entry1="145" entry2="181" type="PPrel">
        <subtype name="inhibition" value="--|"/>
        <subtype name="dephosphorylation" value="-p"/>
    </relation>
    <relation entry1="153" entry2="196" type="PPrel">
        <subtype name="inhibition" value="--|"/>
        <subtype name="dephosphorylation" value="-p"/>
    </relation>
    <relation entry1="153" entry2="195" type="PPrel">
        <subtype name="inhibition" value="--|"/>
        <subtype name="dephosphorylation" value="-p"/>
    </relation>
    <relation entry1="36" entry2="171" type="PPrel">
        <subtype name="inhibition" value="--|"/>
        <subtype name="phosphorylation" value="+p"/>
    </relation>
    <relation entry1="36" entry2="181" type="PPrel">
        <subtype name="activation" value="--&gt;"/>
        <subtype name="phosphorylation" value="+p"/>
    </relation>
    <relation entry1="36" entry2="196" type="PPrel">
        <subtype name="activation" value="--&gt;"/>
        <subtype name="phosphorylation" value="+p"/>
    </relation>
    <relation entry1="36" entry2="195" type="PPrel">
        <subtype name="activation" value="--&gt;"/>
        <subtype name="phosphorylation" value="+p"/>
    </relation>
    <relation entry1="116" entry2="93" type="PPrel">
        <subtype name="activation" value="--&gt;"/>
    </relation>
    <relation entry1="93" entry2="163" type="PPrel">
        <subtype name="activation" value="--&gt;"/>
    </relation>
    <relation entry1="92" entry2="93" type="PPrel">
        <subtype name="activation" value="--&gt;"/>
    </relation>
    <relation entry1="92" entry2="218" type="PPrel">
        <subtype name="activation" value="--&gt;"/>
    </relation>
    <relation entry1="93" entry2="162" type="PPrel">
        <subtype name="inhibition" value="--|"/>
    </relation>
    <relation entry1="93" entry2="171" type="PPrel">
        <subtype name="inhibition" value="--|"/>
    </relation>
    <relation entry1="98" entry2="196" type="PPrel">
        <subtype name="inhibition" value="--|"/>
        <subtype name="indirect effect" value="..&gt;"/>
    </relation>
    <relation entry1="98" entry2="219" type="PPrel">
        <subtype name="inhibition" value="--|"/>
        <subtype name="indirect effect" value="..&gt;"/>
    </relation>
    <relation entry1="98" entry2="220" type="PPrel">
        <subtype name="activation" value="--&gt;"/>
        <subtype name="indirect effect" value="..&gt;"/>
    </relation>
    <relation entry1="125" entry2="112" type="PPrel">
        <subtype name="inhibition" value="--|"/>
        <subtype name="indirect effect" value="..&gt;"/>
    </relation>
    <relation entry1="93" entry2="35" type="PPrel">
        <subtype name="inhibition" value="--|"/>
    </relation>
    <relation entry1="93" entry2="38" type="PPrel">
        <subtype name="activation" value="--&gt;"/>
    </relation>
    <relation entry1="179" entry2="146" type="PPrel">
        <subtype name="activation" value="--&gt;"/>
    </relation>
    <relation entry1="115" entry2="217" type="PPrel">
        <subtype name="binding/association" value="---"/>
    </relation>
    <relation entry1="149" entry2="97" type="PPrel">
        <subtype name="inhibition" value="--|"/>
        <subtype name="dephosphorylation" value="-p"/>
    </relation>
    <relation entry1="97" entry2="98" type="PPrel">
        <subtype name="inhibition" value="--|"/>
        <subtype name="phosphorylation" value="+p"/>
    </relation>
</pathway>
