<?xml version="1.0"?>
<!DOCTYPE pathway SYSTEM "https://www.kegg.jp/kegg/xml/KGML_v0.7.2_.dtd">
<!-- Creation date: Jul 7, 2021 15:05:57 +0900 (GMT+9) -->
<pathway name="path:mmu04070" org="mmu" number="04070"
         title="Phosphatidylinositol signaling system"
         image="https://www.kegg.jp/kegg/pathway/mmu/mmu04070.png"
         link="https://www.kegg.jp/kegg-bin/show_pathway?mmu04070">
    <entry id="45" name="mmu:19211" type="gene"
        link="https://www.kegg.jp/dbget-bin/www_bget?mmu:19211">
        <graphics name="Pten, 2310035O07Rik, A130070J02Rik, B430203M17Rik, MMAC1, PTENbeta, TEP1" fgcolor="#000000" bgcolor="#BFFFBF"
             type="rectangle" x="222" y="637" width="46" height="17"/>
    </entry>
    <entry id="46" name="mmu:75678" type="gene"
        link="https://www.kegg.jp/dbget-bin/www_bget?mmu:75678">
        <graphics name="Ippk, 1810043M15Rik, InsP6" fgcolor="#000000" bgcolor="#BFFFBF"
             type="rectangle" x="1083" y="342" width="46" height="17"/>
    </entry>
    <entry id="47" name="cpd:C11554" type="compound"
        link="https://www.kegg.jp/dbget-bin/www_bget?C11554">
        <graphics name="C11554" fgcolor="#000000" bgcolor="#FFFFFF"
             type="circle" x="504" y="647" width="8" height="8"/>
    </entry>
    <entry id="48" name="cpd:C11556" type="compound"
        link="https://www.kegg.jp/dbget-bin/www_bget?C11556">
        <graphics name="C11556" fgcolor="#000000" bgcolor="#FFFFFF"
             type="circle" x="504" y="371" width="8" height="8"/>
    </entry>
    <entry id="49" name="cpd:C11557" type="compound"
        link="https://www.kegg.jp/dbget-bin/www_bget?C11557">
        <graphics name="C11557" fgcolor="#000000" bgcolor="#FFFFFF"
             type="circle" x="276" y="144" width="8" height="8"/>
    </entry>
    <entry id="50" name="mmu:114875 mmu:18795 mmu:18796 mmu:18797 mmu:18798 mmu:18799 mmu:18802 mmu:18803 mmu:234779 mmu:72469 mmu:74055" type="gene"
        link="https://www.kegg.jp/dbget-bin/www_bget?mmu:114875+mmu:18795+mmu:18796+mmu:18797+mmu:18798+mmu:18799+mmu:18802+mmu:18803+mmu:234779+mmu:72469+mmu:74055">
        <graphics name="Plcz1, 1700041H07Rik, PLCzeta..." fgcolor="#000000" bgcolor="#BFFFBF"
             type="rectangle" x="731" y="342" width="46" height="17"/>
    </entry>
    <entry id="51" name="mmu:114875 mmu:18795 mmu:18796 mmu:18797 mmu:18798 mmu:18799 mmu:18802 mmu:18803 mmu:234779 mmu:72469 mmu:74055" type="gene"
        link="https://www.kegg.jp/dbget-bin/www_bget?mmu:114875+mmu:18795+mmu:18796+mmu:18797+mmu:18798+mmu:18799+mmu:18802+mmu:18803+mmu:234779+mmu:72469+mmu:74055">
        <graphics name="Plcz1, 1700041H07Rik, PLCzeta..." fgcolor="#000000" bgcolor="#BFFFBF"
             type="rectangle" x="681" y="342" width="46" height="17"/>
    </entry>
    <entry id="52" name="cpd:C11526" type="compound"
        link="https://www.kegg.jp/dbget-bin/www_bget?C11526">
        <graphics name="C11526" fgcolor="#000000" bgcolor="#FFFFFF"
             type="circle" x="1222" y="341" width="8" height="8"/>
    </entry>
    <entry id="53" name="cpd:C00076" type="compound"
        link="https://www.kegg.jp/dbget-bin/www_bget?C00076">
        <graphics name="C00076" fgcolor="#000000" bgcolor="#FFFFFF"
             type="circle" x="908" y="793" width="8" height="8"/>
    </entry>
    <entry id="54" name="path:mmu04510" type="map"
        link="https://www.kegg.jp/dbget-bin/www_bget?mmu04510">
        <graphics name="Focal adhesion" fgcolor="#000000" bgcolor="#FFFFFF"
             type="roundrectangle" x="572" y="234" width="94" height="25"/>
    </entry>
    <entry id="55" name="cpd:C01243" type="compound"
        link="https://www.kegg.jp/dbget-bin/www_bget?C01243">
        <graphics name="C01243" fgcolor="#000000" bgcolor="#FFFFFF"
             type="circle" x="822" y="459" width="8" height="8"/>
    </entry>
    <entry id="56" name="cpd:C01272" type="compound"
        link="https://www.kegg.jp/dbget-bin/www_bget?C01272">
        <graphics name="C01272" fgcolor="#000000" bgcolor="#FFFFFF"
             type="circle" x="717" y="459" width="8" height="8"/>
    </entry>
    <entry id="57" name="cpd:C03546" type="compound"
        link="https://www.kegg.jp/dbget-bin/www_bget?C03546">
        <graphics name="C03546" fgcolor="#000000" bgcolor="#FFFFFF"
             type="circle" x="1041" y="539" width="8" height="8"/>
    </entry>
    <entry id="58" name="cpd:C04006" type="compound"
        link="https://www.kegg.jp/dbget-bin/www_bget?C04006">
        <graphics name="C04006" fgcolor="#000000" bgcolor="#FFFFFF"
             type="circle" x="1041" y="489" width="8" height="8"/>
    </entry>
    <entry id="59" name="cpd:C01177" type="compound"
        link="https://www.kegg.jp/dbget-bin/www_bget?C01177">
        <graphics name="C01177" fgcolor="#000000" bgcolor="#FFFFFF"
             type="circle" x="1041" y="430" width="8" height="8"/>
    </entry>
    <entry id="60" name="cpd:C01284" type="compound"
        link="https://www.kegg.jp/dbget-bin/www_bget?C01284">
        <graphics name="C01284" fgcolor="#000000" bgcolor="#FFFFFF"
             type="circle" x="1041" y="341" width="8" height="8"/>
    </entry>
    <entry id="61" name="cpd:C01245" type="compound"
        link="https://www.kegg.jp/dbget-bin/www_bget?C01245">
        <graphics name="C01245" fgcolor="#000000" bgcolor="#FFFFFF"
             type="circle" x="822" y="539" width="8" height="8"/>
    </entry>
    <entry id="62" name="cpd:C01220" type="compound"
        link="https://www.kegg.jp/dbget-bin/www_bget?C01220">
        <graphics name="C01220" fgcolor="#000000" bgcolor="#FFFFFF"
             type="circle" x="937" y="539" width="8" height="8"/>
    </entry>
    <entry id="63" name="cpd:C04063" type="compound"
        link="https://www.kegg.jp/dbget-bin/www_bget?C04063">
        <graphics name="C04063" fgcolor="#000000" bgcolor="#FFFFFF"
             type="circle" x="937" y="489" width="8" height="8"/>
    </entry>
    <entry id="64" name="cpd:C04062" type="compound"
        link="https://www.kegg.jp/dbget-bin/www_bget?C04062">
        <graphics name="C04062" fgcolor="#000000" bgcolor="#FFFFFF"
             type="circle" x="937" y="430" width="8" height="8"/>
    </entry>
    <entry id="65" name="cpd:C04477" type="compound"
        link="https://www.kegg.jp/dbget-bin/www_bget?C04477">
        <graphics name="C04477" fgcolor="#000000" bgcolor="#FFFFFF"
             type="circle" x="937" y="287" width="8" height="8"/>
    </entry>
    <entry id="66" name="cpd:C04637" type="compound"
        link="https://www.kegg.jp/dbget-bin/www_bget?C04637">
        <graphics name="C04637" fgcolor="#000000" bgcolor="#FFFFFF"
             type="circle" x="504" y="144" width="8" height="8"/>
    </entry>
    <entry id="67" name="cpd:C00137" type="compound"
        link="https://www.kegg.jp/dbget-bin/www_bget?C00137">
        <graphics name="C00137" fgcolor="#000000" bgcolor="#FFFFFF"
             type="circle" x="1133" y="489" width="8" height="8"/>
    </entry>
    <entry id="68" name="cpd:C01204" type="compound"
        link="https://www.kegg.jp/dbget-bin/www_bget?C01204">
        <graphics name="C01204" fgcolor="#000000" bgcolor="#FFFFFF"
             type="circle" x="1133" y="341" width="8" height="8"/>
    </entry>
    <entry id="69" name="cpd:C00269" type="compound"
        link="https://www.kegg.jp/dbget-bin/www_bget?C00269">
        <graphics name="C00269" fgcolor="#000000" bgcolor="#FFFFFF"
             type="circle" x="1117" y="659" width="8" height="8"/>
    </entry>
    <entry id="70" name="cpd:C00416" type="compound"
        link="https://www.kegg.jp/dbget-bin/www_bget?C00416">
        <graphics name="C00416" fgcolor="#000000" bgcolor="#FFFFFF"
             type="circle" x="1012" y="659" width="8" height="8"/>
    </entry>
    <entry id="71" name="cpd:C00641" type="compound"
        link="https://www.kegg.jp/dbget-bin/www_bget?C00641">
        <graphics name="C00641" fgcolor="#000000" bgcolor="#FFFFFF"
             type="circle" x="822" y="659" width="8" height="8"/>
    </entry>
    <entry id="72" name="cpd:C04549" type="compound"
        link="https://www.kegg.jp/dbget-bin/www_bget?C04549">
        <graphics name="C04549" fgcolor="#000000" bgcolor="#FFFFFF"
             type="circle" x="277" y="647" width="8" height="8"/>
    </entry>
    <entry id="73" name="cpd:C05981" type="compound"
        link="https://www.kegg.jp/dbget-bin/www_bget?C05981">
        <graphics name="C05981" fgcolor="#000000" bgcolor="#FFFFFF"
             type="circle" x="628" y="371" width="8" height="8"/>
    </entry>
    <entry id="74" name="cpd:C01277" type="compound"
        link="https://www.kegg.jp/dbget-bin/www_bget?C01277">
        <graphics name="C01277" fgcolor="#000000" bgcolor="#FFFFFF"
             type="circle" x="276" y="371" width="8" height="8"/>
    </entry>
    <entry id="75" name="cpd:C01194" type="compound"
        link="https://www.kegg.jp/dbget-bin/www_bget?C01194">
        <graphics name="C01194" fgcolor="#000000" bgcolor="#FFFFFF"
             type="circle" x="134" y="371" width="8" height="8"/>
    </entry>
    <entry id="76" name="mmu:12313 mmu:12314 mmu:12315 mmu:494124 mmu:70405 mmu:75600 mmu:80796" type="gene"
        link="https://www.kegg.jp/dbget-bin/www_bget?mmu:12313+mmu:12314+mmu:12315+mmu:494124+mmu:70405+mmu:75600+mmu:80796">
        <graphics name="Calm1, CaM, Calm, Cam1..." fgcolor="#000000" bgcolor="#BFFFBF"
             type="rectangle" x="909" y="830" width="46" height="17"/>
    </entry>
    <entry id="77" name="mmu:16438 mmu:16439 mmu:16440" type="gene"
        link="https://www.kegg.jp/dbget-bin/www_bget?mmu:16438+mmu:16439+mmu:16440">
        <graphics name="Itpr1, D6Pas2, Gm10429, IP3R_1, IP3R1, InsP3R, Ip3r, Itpr-1, P400, Pcp-1, Pcp1, insP3R1, opt, wblo..." fgcolor="#000000" bgcolor="#BFFFBF"
             type="rectangle" x="841" y="794" width="46" height="17"/>
    </entry>
    <entry id="78" name="mmu:52858" type="gene"
        link="https://www.kegg.jp/dbget-bin/www_bget?mmu:52858">
        <graphics name="Cdipt, 9530042F15Rik, D7Bwg0575e, Pis, Pis1" fgcolor="#000000" bgcolor="#BFFFBF"
             type="rectangle" x="434" y="854" width="46" height="17"/>
    </entry>
    <entry id="79" name="mmu:18706 mmu:18707 mmu:18708 mmu:18709 mmu:18710 mmu:74769" type="gene"
        link="https://www.kegg.jp/dbget-bin/www_bget?mmu:18706+mmu:18707+mmu:18708+mmu:18709+mmu:18710+mmu:74769">
        <graphics name="Pik3ca, 6330412C24Rik, caPI3K, p110, p110alpha..." fgcolor="#000000" bgcolor="#BFFFBF"
             type="rectangle" x="651" y="192" width="46" height="17"/>
    </entry>
    <entry id="80" name="mmu:18717 mmu:18719 mmu:18720" type="gene"
        link="https://www.kegg.jp/dbget-bin/www_bget?mmu:18717+mmu:18719+mmu:18720">
        <graphics name="Pip5k1c, Pip5kIgamma..." fgcolor="#000000" bgcolor="#BFFFBF"
             type="rectangle" x="434" y="186" width="46" height="17"/>
    </entry>
    <entry id="81" name="mmu:18711" type="gene"
        link="https://www.kegg.jp/dbget-bin/www_bget?mmu:18711">
        <graphics name="Pikfyve, 5230400C17Rik, Pip5k, Pip5k3, Pipk5k3, PipkIII, p235" fgcolor="#000000" bgcolor="#BFFFBF"
             type="rectangle" x="222" y="144" width="46" height="17"/>
    </entry>
    <entry id="82" name="mmu:107650 mmu:224020 mmu:67073 mmu:84095" type="gene"
        link="https://www.kegg.jp/dbget-bin/www_bget?mmu:107650+mmu:224020+mmu:67073+mmu:84095">
        <graphics name="Pi4kb, ESTM41, PI4K-beta, PI4Kbeta, Pik4cb..." fgcolor="#000000" bgcolor="#BFFFBF"
             type="rectangle" x="230" y="364" width="46" height="17"/>
    </entry>
    <entry id="83" name="mmu:18704 mmu:18705 mmu:18708 mmu:18709 mmu:18710 mmu:240752" type="gene"
        link="https://www.kegg.jp/dbget-bin/www_bget?mmu:18704+mmu:18705+mmu:18708+mmu:18709+mmu:18710+mmu:240752">
        <graphics name="Pik3c2a, Cpk-m, PI3KC2..." fgcolor="#000000" bgcolor="#BFFFBF"
             type="rectangle" x="222" y="610" width="46" height="17"/>
    </entry>
    <entry id="84" name="mmu:110911 mmu:74596" type="gene"
        link="https://www.kegg.jp/dbget-bin/www_bget?mmu:110911+mmu:74596">
        <graphics name="Cds2, 5730450N06Rik, 5730460C18Rik, D2Wsu127e..." fgcolor="#000000" bgcolor="#BFFFBF"
             type="rectangle" x="1062" y="659" width="46" height="17"/>
    </entry>
    <entry id="85" name="mmu:104418 mmu:110197 mmu:110524 mmu:13139 mmu:217480 mmu:227333 mmu:320127 mmu:331374 mmu:380921 mmu:56077" type="gene"
        link="https://www.kegg.jp/dbget-bin/www_bget?mmu:104418+mmu:110197+mmu:110524+mmu:13139+mmu:217480+mmu:227333+mmu:320127+mmu:331374+mmu:380921+mmu:56077">
        <graphics name="Dgkz, E130307B02Rik, F730209L11Rik, mDGK[z]..." fgcolor="#000000" bgcolor="#BFFFBF"
             type="rectangle" x="931" y="659" width="46" height="17"/>
    </entry>
    <entry id="86" name="mmu:234515 mmu:269180" type="gene"
        link="https://www.kegg.jp/dbget-bin/www_bget?mmu:234515+mmu:269180">
        <graphics name="Inpp4b, E130107I17Rik..." fgcolor="#000000" bgcolor="#BFFFBF"
             type="rectangle" x="391" y="648" width="46" height="17"/>
    </entry>
    <entry id="87" name="mmu:18704 mmu:18705 mmu:18708 mmu:18709 mmu:18710 mmu:240752" type="gene"
        link="https://www.kegg.jp/dbget-bin/www_bget?mmu:18704+mmu:18705+mmu:18708+mmu:18709+mmu:18710+mmu:240752">
        <graphics name="Pik3c2a, Cpk-m, PI3KC2..." fgcolor="#000000" bgcolor="#BFFFBF"
             type="rectangle" x="434" y="560" width="46" height="17"/>
    </entry>
    <entry id="88" name="mmu:18711" type="gene"
        link="https://www.kegg.jp/dbget-bin/www_bget?mmu:18711">
        <graphics name="Pikfyve, 5230400C17Rik, Pip5k, Pip5k3, Pipk5k3, PipkIII, p235" fgcolor="#000000" bgcolor="#BFFFBF"
             type="rectangle" x="434" y="458" width="46" height="17"/>
    </entry>
    <entry id="89" name="mmu:104015 mmu:16330 mmu:20975 mmu:320634 mmu:64436" type="gene"
        link="https://www.kegg.jp/dbget-bin/www_bget?mmu:104015+mmu:16330+mmu:20975+mmu:320634+mmu:64436">
        <graphics name="Synj1, A930006D20Rik, mKIAA0910..." fgcolor="#000000" bgcolor="#BFFFBF"
             type="rectangle" x="350" y="331" width="46" height="17"/>
    </entry>
    <entry id="90" name="mmu:108083 mmu:117150 mmu:18718" type="gene"
        link="https://www.kegg.jp/dbget-bin/www_bget?mmu:108083+mmu:117150+mmu:18718">
        <graphics name="Pip4k2b, PI5P4Kbeta, Pip5k2b, c11..." fgcolor="#000000" bgcolor="#BFFFBF"
             type="rectangle" x="434" y="135" width="46" height="17"/>
    </entry>
    <entry id="91" name="mmu:69718" type="gene"
        link="https://www.kegg.jp/dbget-bin/www_bget?mmu:69718">
        <graphics name="Ipmk, 2410017C19Rik, Impk" fgcolor="#000000" bgcolor="#BFFFBF"
             type="rectangle" x="986" y="288" width="46" height="17"/>
    </entry>
    <entry id="92" name="mmu:17772" type="gene"
        link="https://www.kegg.jp/dbget-bin/www_bget?mmu:17772">
        <graphics name="Mtm1, Mtm, mKIAA4176" fgcolor="#000000" bgcolor="#BFFFBF"
             type="rectangle" x="986" y="430" width="46" height="17"/>
    </entry>
    <entry id="93" name="mmu:114663 mmu:242291 mmu:55980" type="gene"
        link="https://www.kegg.jp/dbget-bin/www_bget?mmu:114663+mmu:242291+mmu:55980">
        <graphics name="Impa2, 2210415D20Rik, IMP_2, IMPase_2..." fgcolor="#000000" bgcolor="#BFFFBF"
             type="rectangle" x="1079" y="538" width="46" height="17"/>
    </entry>
    <entry id="94" name="mmu:114663 mmu:242291 mmu:55980" type="gene"
        link="https://www.kegg.jp/dbget-bin/www_bget?mmu:114663+mmu:242291+mmu:55980">
        <graphics name="Impa2, 2210415D20Rik, IMP_2, IMPase_2..." fgcolor="#000000" bgcolor="#BFFFBF"
             type="rectangle" x="1079" y="430" width="46" height="17"/>
    </entry>
    <entry id="95" name="mmu:114663 mmu:242291 mmu:55980" type="gene"
        link="https://www.kegg.jp/dbget-bin/www_bget?mmu:114663+mmu:242291+mmu:55980">
        <graphics name="Impa2, 2210415D20Rik, IMP_2, IMPase_2..." fgcolor="#000000" bgcolor="#BFFFBF"
             type="rectangle" x="1079" y="488" width="46" height="17"/>
    </entry>
    <entry id="96" name="mmu:234515 mmu:269180" type="gene"
        link="https://www.kegg.jp/dbget-bin/www_bget?mmu:234515+mmu:269180">
        <graphics name="Inpp4b, E130107I17Rik..." fgcolor="#000000" bgcolor="#BFFFBF"
             type="rectangle" x="986" y="488" width="46" height="17"/>
    </entry>
    <entry id="97" name="mmu:16329" type="gene"
        link="https://www.kegg.jp/dbget-bin/www_bget?mmu:16329">
        <graphics name="Inpp1, 2300002C06Rik" fgcolor="#000000" bgcolor="#BFFFBF"
             type="rectangle" x="986" y="538" width="46" height="17"/>
    </entry>
    <entry id="98" name="mmu:212111" type="gene"
        link="https://www.kegg.jp/dbget-bin/www_bget?mmu:212111">
        <graphics name="Inpp5a" fgcolor="#000000" bgcolor="#BFFFBF"
             type="rectangle" x="877" y="538" width="46" height="17"/>
    </entry>
    <entry id="99" name="mmu:16329" type="gene"
        link="https://www.kegg.jp/dbget-bin/www_bget?mmu:16329">
        <graphics name="Inpp1, 2300002C06Rik" fgcolor="#000000" bgcolor="#BFFFBF"
             type="rectangle" x="877" y="488" width="46" height="17"/>
    </entry>
    <entry id="100" name="mmu:212111" type="gene"
        link="https://www.kegg.jp/dbget-bin/www_bget?mmu:212111">
        <graphics name="Inpp5a" fgcolor="#000000" bgcolor="#BFFFBF"
             type="rectangle" x="771" y="460" width="46" height="17"/>
    </entry>
    <entry id="101" name="mmu:217837" type="gene"
        link="https://www.kegg.jp/dbget-bin/www_bget?mmu:217837">
        <graphics name="Itpk1" fgcolor="#000000" bgcolor="#BFFFBF"
             type="rectangle" x="877" y="287" width="46" height="17"/>
    </entry>
    <entry id="102" name="mmu:228550 mmu:233011 mmu:320404" type="gene"
        link="https://www.kegg.jp/dbget-bin/www_bget?mmu:228550+mmu:233011+mmu:320404">
        <graphics name="Itpka..." fgcolor="#000000" bgcolor="#BFFFBF"
             type="rectangle" x="772" y="501" width="46" height="17"/>
    </entry>
    <entry id="103" name="mmu:114875 mmu:18795 mmu:18796 mmu:18797 mmu:18798 mmu:18799 mmu:18802 mmu:18803 mmu:234779 mmu:72469 mmu:74055" type="gene"
        link="https://www.kegg.jp/dbget-bin/www_bget?mmu:114875+mmu:18795+mmu:18796+mmu:18797+mmu:18798+mmu:18799+mmu:18802+mmu:18803+mmu:234779+mmu:72469+mmu:74055">
        <graphics name="Plcz1, 1700041H07Rik, PLCzeta..." fgcolor="#000000" bgcolor="#BFFFBF"
             type="rectangle" x="721" y="575" width="46" height="17"/>
    </entry>
    <entry id="104" name="mmu:16331 mmu:16332" type="gene"
        link="https://www.kegg.jp/dbget-bin/www_bget?mmu:16331+mmu:16332">
        <graphics name="Inpp5d, SHIP, SHIP-1, SHIP1, SIP-145, p150Ship, s-SHIP..." fgcolor="#000000" bgcolor="#BFFFBF"
             type="rectangle" x="653" y="597" width="46" height="17"/>
    </entry>
    <entry id="105" name="mmu:170749 mmu:17772 mmu:219135 mmu:53332 mmu:54384 mmu:74302 mmu:77116 mmu:97287" type="gene"
        link="https://www.kegg.jp/dbget-bin/www_bget?mmu:170749+mmu:17772+mmu:219135+mmu:53332+mmu:54384+mmu:74302+mmu:77116+mmu:97287">
        <graphics name="Mtmr4, ESTM44, FYVE-DSP2, ZFYVE11, mKIAA0647..." fgcolor="#000000" bgcolor="#BFFFBF"
             type="rectangle" x="222" y="658" width="46" height="17"/>
    </entry>
    <entry id="106" name="mmu:19211" type="gene"
        link="https://www.kegg.jp/dbget-bin/www_bget?mmu:19211">
        <graphics name="Pten, 2310035O07Rik, A130070J02Rik, B430203M17Rik, MMAC1, PTENbeta, TEP1" fgcolor="#000000" bgcolor="#BFFFBF"
             type="rectangle" x="603" y="192" width="46" height="17"/>
    </entry>
    <entry id="107" name="path:mmu04070" type="map"
        link="https://www.kegg.jp/dbget-bin/www_bget?mmu04070">
        <graphics name="TITLE:Phosphatidylinositol signaling system" fgcolor="#000000" bgcolor="#FFFFFF"
             type="roundrectangle" x="213" y="58" width="346" height="25"/>
    </entry>
    <entry id="225" name="mmu:219024 mmu:72519" type="gene"
        link="https://www.kegg.jp/dbget-bin/www_bget?mmu:219024+mmu:72519">
        <graphics name="Pip4p1, Tmem55b..." fgcolor="#000000" bgcolor="#BFFFBF"
             type="rectangle" x="350" y="152" width="46" height="17"/>
    </entry>
    <entry id="226" name="mmu:234515 mmu:269180" type="gene"
        link="https://www.kegg.jp/dbget-bin/www_bget?mmu:234515+mmu:269180">
        <graphics name="Inpp4b, E130107I17Rik..." fgcolor="#000000" bgcolor="#BFFFBF"
             type="rectangle" x="877" y="431" width="46" height="17"/>
    </entry>
    <entry id="228" name="mmu:170749 mmu:17772 mmu:219135 mmu:53332 mmu:54384 mmu:74302 mmu:77116 mmu:97287" type="gene"
        link="https://www.kegg.jp/dbget-bin/www_bget?mmu:170749+mmu:17772+mmu:219135+mmu:53332+mmu:54384+mmu:74302+mmu:77116+mmu:97287">
        <graphics name="Mtmr4, ESTM44, FYVE-DSP2, ZFYVE11, mKIAA0647..." fgcolor="#000000" bgcolor="#BFFFBF"
             type="rectangle" x="350" y="219" width="46" height="17"/>
    </entry>
    <entry id="229" name="path:mmu04151" type="map"
        link="https://www.kegg.jp/dbget-bin/www_bget?mmu04151">
        <graphics name="PI3K-Akt signaling pathway" fgcolor="#000000" bgcolor="#FFFFFF"
             type="roundrectangle" x="569" y="267" width="100" height="34"/>
    </entry>
    <entry id="230" name="path:mmu04020" type="map"
        link="https://www.kegg.jp/dbget-bin/www_bget?mmu04020">
        <graphics name="Calcium signaling pathway" fgcolor="#000000" bgcolor="#FFFFFF"
             type="roundrectangle" x="1085" y="794" width="117" height="34"/>
    </entry>
    <entry id="231" name="cpd:C11555" type="compound"
        link="https://www.kegg.jp/dbget-bin/www_bget?C11555">
        <graphics name="C11555" fgcolor="#000000" bgcolor="#FFFFFF"
             type="circle" x="937" y="341" width="8" height="8"/>
    </entry>
    <entry id="232" name="mmu:69718" type="gene"
        link="https://www.kegg.jp/dbget-bin/www_bget?mmu:69718">
        <graphics name="Ipmk, 2410017C19Rik, Impk" fgcolor="#000000" bgcolor="#BFFFBF"
             type="rectangle" x="986" y="342" width="46" height="17"/>
    </entry>
    <entry id="233" name="mmu:69718" type="gene"
        link="https://www.kegg.jp/dbget-bin/www_bget?mmu:69718">
        <graphics name="Ipmk, 2410017C19Rik, Impk" fgcolor="#000000" bgcolor="#BFFFBF"
             type="rectangle" x="877" y="342" width="46" height="17"/>
    </entry>
    <entry id="234" name="cpd:C11174" type="compound"
        link="https://www.kegg.jp/dbget-bin/www_bget?C11174">
        <graphics name="C11174" fgcolor="#000000" bgcolor="#FFFFFF"
             type="circle" x="1133" y="287" width="8" height="8"/>
    </entry>
    <entry id="235" name="cpd:C20690" type="compound"
        link="https://www.kegg.jp/dbget-bin/www_bget?C20690">
        <graphics name="C20690" fgcolor="#000000" bgcolor="#FFFFFF"
             type="circle" x="1222" y="287" width="8" height="8"/>
    </entry>
    <entry id="236" name="mmu:271424 mmu:27399 mmu:76500" type="gene"
        link="https://www.kegg.jp/dbget-bin/www_bget?mmu:271424+mmu:27399+mmu:76500">
        <graphics name="Ip6k3, D830007E07Rik, Ihpk3..." fgcolor="#000000" bgcolor="#BFFFBF"
             type="rectangle" x="1173" y="342" width="46" height="17"/>
    </entry>
    <entry id="238" name="mmu:271424 mmu:27399 mmu:76500" type="gene"
        link="https://www.kegg.jp/dbget-bin/www_bget?mmu:271424+mmu:27399+mmu:76500">
        <graphics name="Ip6k3, D830007E07Rik, Ihpk3..." fgcolor="#000000" bgcolor="#BFFFBF"
             type="rectangle" x="1173" y="288" width="46" height="17"/>
    </entry>
    <entry id="239" name="mmu:227399 mmu:327655" type="gene"
        link="https://www.kegg.jp/dbget-bin/www_bget?mmu:227399+mmu:327655">
        <graphics name="Ppip5k2, Cfap160, D330021B20, Hisppd1, Vip2, mKIAA0433..." fgcolor="#000000" bgcolor="#BFFFBF"
             type="rectangle" x="1133" y="317" width="46" height="17"/>
    </entry>
    <entry id="241" name="mmu:227399 mmu:327655" type="gene"
        link="https://www.kegg.jp/dbget-bin/www_bget?mmu:227399+mmu:327655">
        <graphics name="Ppip5k2, Cfap160, D330021B20, Hisppd1, Vip2, mKIAA0433..." fgcolor="#000000" bgcolor="#BFFFBF"
             type="rectangle" x="1222" y="317" width="46" height="17"/>
    </entry>
    <entry id="265" name="mmu:18708 mmu:18709 mmu:18710 mmu:225326" type="gene"
        link="https://www.kegg.jp/dbget-bin/www_bget?mmu:18708+mmu:18709+mmu:18710+mmu:225326">
        <graphics name="Pik3r1, PI3K, p50alpha, p55alpha, p85alpha..." fgcolor="#000000" bgcolor="#BFFFBF"
             type="rectangle" x="222" y="589" width="46" height="17"/>
    </entry>
    <entry id="266" name="mmu:18750 mmu:18751 mmu:18752" type="gene"
        link="https://www.kegg.jp/dbget-bin/www_bget?mmu:18750+mmu:18751+mmu:18752">
        <graphics name="Prkca, Pkca..." fgcolor="#000000" bgcolor="#BFFFBF"
             type="rectangle" x="994" y="794" width="46" height="17"/>
    </entry>
    <entry id="267" name="mmu:104015 mmu:16330 mmu:20975 mmu:320634 mmu:64436" type="gene"
        link="https://www.kegg.jp/dbget-bin/www_bget?mmu:104015+mmu:16330+mmu:20975+mmu:320634+mmu:64436">
        <graphics name="Synj1, A930006D20Rik, mKIAA0910..." fgcolor="#000000" bgcolor="#BFFFBF"
             type="rectangle" x="603" y="597" width="46" height="17"/>
    </entry>
    <entry id="268" name="path:mmu04144" type="map"
        link="https://www.kegg.jp/dbget-bin/www_bget?mmu04144">
        <graphics name="Endocytosis" fgcolor="#000000" bgcolor="#FFFFFF"
             type="roundrectangle" x="520" y="545" width="92" height="25"/>
    </entry>
    <entry id="283" name="mmu:69718" type="gene"
        link="https://www.kegg.jp/dbget-bin/www_bget?mmu:69718">
        <graphics name="Ipmk, 2410017C19Rik, Impk" fgcolor="#000000" bgcolor="#BFFFBF"
             type="rectangle" x="877" y="234" width="46" height="17"/>
    </entry>
    <entry id="285" name="mmu:101490 mmu:83493" type="gene"
        link="https://www.kegg.jp/dbget-bin/www_bget?mmu:101490+mmu:83493">
        <graphics name="Inpp5f, 5830435P03Rik, SAC2, cI-27, hSAC2, mKIAA0966..." fgcolor="#000000" bgcolor="#BFFFBF"
             type="rectangle" x="180" y="380" width="46" height="17"/>
    </entry>
    <relation entry1="50" entry2="81" type="ECrel">
        <subtype name="compound" value="75"/>
    </relation>
    <relation entry1="81" entry2="83" type="ECrel">
        <subtype name="compound" value="75"/>
    </relation>
    <relation entry1="45" entry2="81" type="ECrel">
        <subtype name="compound" value="75"/>
    </relation>
    <relation entry1="81" entry2="105" type="ECrel">
        <subtype name="compound" value="75"/>
    </relation>
    <relation entry1="78" entry2="81" type="ECrel">
        <subtype name="compound" value="75"/>
    </relation>
    <relation entry1="50" entry2="83" type="ECrel">
        <subtype name="compound" value="75"/>
    </relation>
    <relation entry1="45" entry2="50" type="ECrel">
        <subtype name="compound" value="75"/>
    </relation>
    <relation entry1="50" entry2="105" type="ECrel">
        <subtype name="compound" value="75"/>
    </relation>
    <relation entry1="50" entry2="78" type="ECrel">
        <subtype name="compound" value="75"/>
    </relation>
    <relation entry1="45" entry2="83" type="ECrel">
        <subtype name="compound" value="72"/>
    </relation>
    <relation entry1="45" entry2="83" type="ECrel">
        <subtype name="compound" value="75"/>
    </relation>
    <relation entry1="83" entry2="105" type="ECrel">
        <subtype name="compound" value="72"/>
    </relation>
    <relation entry1="83" entry2="105" type="ECrel">
        <subtype name="compound" value="75"/>
    </relation>
    <relation entry1="78" entry2="83" type="ECrel">
        <subtype name="compound" value="75"/>
    </relation>
    <relation entry1="45" entry2="78" type="ECrel">
        <subtype name="compound" value="75"/>
    </relation>
    <relation entry1="78" entry2="105" type="ECrel">
        <subtype name="compound" value="75"/>
    </relation>
    <relation entry1="81" entry2="90" type="ECrel">
        <subtype name="compound" value="49"/>
    </relation>
    <relation entry1="90" entry2="106" type="ECrel">
        <subtype name="compound" value="66"/>
    </relation>
    <relation entry1="79" entry2="90" type="ECrel">
        <subtype name="compound" value="66"/>
    </relation>
    <relation entry1="51" entry2="90" type="ECrel">
        <subtype name="compound" value="66"/>
    </relation>
    <relation entry1="79" entry2="106" type="ECrel">
        <subtype name="compound" value="73"/>
    </relation>
    <relation entry1="79" entry2="106" type="ECrel">
        <subtype name="compound" value="66"/>
    </relation>
    <relation entry1="51" entry2="106" type="ECrel">
        <subtype name="compound" value="66"/>
    </relation>
    <relation entry1="51" entry2="79" type="ECrel">
        <subtype name="compound" value="66"/>
    </relation>
    <relation entry1="80" entry2="82" type="ECrel">
        <subtype name="compound" value="74"/>
    </relation>
    <relation entry1="82" entry2="89" type="ECrel">
        <subtype name="compound" value="74"/>
    </relation>
    <relation entry1="82" entry2="87" type="ECrel">
        <subtype name="compound" value="74"/>
    </relation>
    <relation entry1="82" entry2="103" type="ECrel">
        <subtype name="compound" value="74"/>
    </relation>
    <relation entry1="80" entry2="89" type="ECrel">
        <subtype name="compound" value="66"/>
    </relation>
    <relation entry1="80" entry2="89" type="ECrel">
        <subtype name="compound" value="74"/>
    </relation>
    <relation entry1="80" entry2="87" type="ECrel">
        <subtype name="compound" value="74"/>
    </relation>
    <relation entry1="80" entry2="103" type="ECrel">
        <subtype name="compound" value="74"/>
    </relation>
    <relation entry1="87" entry2="89" type="ECrel">
        <subtype name="compound" value="74"/>
    </relation>
    <relation entry1="89" entry2="103" type="ECrel">
        <subtype name="compound" value="74"/>
    </relation>
    <relation entry1="87" entry2="103" type="ECrel">
        <subtype name="compound" value="74"/>
    </relation>
    <relation entry1="104" entry2="106" type="ECrel">
        <subtype name="compound" value="73"/>
    </relation>
    <relation entry1="79" entry2="104" type="ECrel">
        <subtype name="compound" value="73"/>
    </relation>
    <relation entry1="83" entry2="88" type="ECrel">
        <subtype name="compound" value="72"/>
    </relation>
    <relation entry1="83" entry2="86" type="ECrel">
        <subtype name="compound" value="72"/>
    </relation>
    <relation entry1="45" entry2="88" type="ECrel">
        <subtype name="compound" value="72"/>
    </relation>
    <relation entry1="45" entry2="86" type="ECrel">
        <subtype name="compound" value="72"/>
    </relation>
    <relation entry1="88" entry2="105" type="ECrel">
        <subtype name="compound" value="72"/>
    </relation>
    <relation entry1="86" entry2="105" type="ECrel">
        <subtype name="compound" value="72"/>
    </relation>
    <relation entry1="86" entry2="88" type="ECrel">
        <subtype name="compound" value="72"/>
    </relation>
    <relation entry1="86" entry2="87" type="ECrel">
        <subtype name="compound" value="47"/>
    </relation>
    <relation entry1="87" entry2="104" type="ECrel">
        <subtype name="compound" value="47"/>
    </relation>
    <relation entry1="86" entry2="104" type="ECrel">
        <subtype name="compound" value="47"/>
    </relation>
    <relation entry1="91" entry2="101" type="ECrel">
        <subtype name="compound" value="65"/>
    </relation>
    <relation entry1="46" entry2="91" type="ECrel">
        <subtype name="compound" value="60"/>
    </relation>
    <relation entry1="100" entry2="102" type="ECrel">
        <subtype name="compound" value="56"/>
    </relation>
    <relation entry1="99" entry2="100" type="ECrel">
        <subtype name="compound" value="55"/>
    </relation>
    <relation entry1="92" entry2="94" type="ECrel">
        <subtype name="compound" value="59"/>
    </relation>
    <relation entry1="96" entry2="99" type="ECrel">
        <subtype name="compound" value="63"/>
    </relation>
    <relation entry1="95" entry2="96" type="ECrel">
        <subtype name="compound" value="58"/>
    </relation>
    <relation entry1="94" entry2="95" type="ECrel">
        <subtype name="compound" value="67"/>
    </relation>
    <relation entry1="93" entry2="94" type="ECrel">
        <subtype name="compound" value="67"/>
    </relation>
    <relation entry1="78" entry2="94" type="ECrel">
        <subtype name="compound" value="67"/>
    </relation>
    <relation entry1="93" entry2="95" type="ECrel">
        <subtype name="compound" value="67"/>
    </relation>
    <relation entry1="78" entry2="95" type="ECrel">
        <subtype name="compound" value="67"/>
    </relation>
    <relation entry1="78" entry2="93" type="ECrel">
        <subtype name="compound" value="67"/>
    </relation>
    <relation entry1="51" entry2="102" type="ECrel">
        <subtype name="compound" value="61"/>
    </relation>
    <relation entry1="98" entry2="102" type="ECrel">
        <subtype name="compound" value="61"/>
    </relation>
    <relation entry1="51" entry2="98" type="ECrel">
        <subtype name="compound" value="61"/>
    </relation>
    <relation entry1="98" entry2="103" type="ECrel">
        <subtype name="compound" value="62"/>
    </relation>
    <relation entry1="97" entry2="98" type="ECrel">
        <subtype name="compound" value="62"/>
    </relation>
    <relation entry1="97" entry2="103" type="ECrel">
        <subtype name="compound" value="62"/>
    </relation>
    <relation entry1="93" entry2="97" type="ECrel">
        <subtype name="compound" value="57"/>
    </relation>
    <relation entry1="50" entry2="103" type="ECrel">
        <subtype name="compound" value="71"/>
    </relation>
    <relation entry1="51" entry2="103" type="ECrel">
        <subtype name="compound" value="71"/>
    </relation>
    <relation entry1="85" entry2="103" type="ECrel">
        <subtype name="compound" value="71"/>
    </relation>
    <relation entry1="50" entry2="51" type="ECrel">
        <subtype name="compound" value="71"/>
    </relation>
    <relation entry1="50" entry2="85" type="ECrel">
        <subtype name="compound" value="71"/>
    </relation>
    <relation entry1="51" entry2="85" type="ECrel">
        <subtype name="compound" value="71"/>
    </relation>
    <relation entry1="84" entry2="85" type="ECrel">
        <subtype name="compound" value="70"/>
    </relation>
    <relation entry1="78" entry2="84" type="ECrel">
        <subtype name="compound" value="69"/>
    </relation>
    <relation entry1="80" entry2="90" type="ECrel">
        <subtype name="compound" value="66"/>
    </relation>
    <relation entry1="89" entry2="90" type="ECrel">
        <subtype name="compound" value="66"/>
    </relation>
    <relation entry1="80" entry2="106" type="ECrel">
        <subtype name="compound" value="66"/>
    </relation>
    <relation entry1="79" entry2="80" type="ECrel">
        <subtype name="compound" value="66"/>
    </relation>
    <relation entry1="51" entry2="80" type="ECrel">
        <subtype name="compound" value="66"/>
    </relation>
    <relation entry1="89" entry2="106" type="ECrel">
        <subtype name="compound" value="66"/>
    </relation>
    <relation entry1="79" entry2="89" type="ECrel">
        <subtype name="compound" value="66"/>
    </relation>
    <relation entry1="51" entry2="89" type="ECrel">
        <subtype name="compound" value="66"/>
    </relation>
    <relation entry1="50" entry2="82" type="ECrel">
        <subtype name="compound" value="75"/>
    </relation>
    <relation entry1="81" entry2="82" type="ECrel">
        <subtype name="compound" value="75"/>
    </relation>
    <relation entry1="82" entry2="83" type="ECrel">
        <subtype name="compound" value="75"/>
    </relation>
    <relation entry1="45" entry2="82" type="ECrel">
        <subtype name="compound" value="75"/>
    </relation>
    <relation entry1="82" entry2="105" type="ECrel">
        <subtype name="compound" value="75"/>
    </relation>
    <relation entry1="78" entry2="82" type="ECrel">
        <subtype name="compound" value="75"/>
    </relation>
    <relation entry1="50" entry2="92" type="ECrel">
        <subtype name="compound" value="59"/>
    </relation>
    <relation entry1="50" entry2="94" type="ECrel">
        <subtype name="compound" value="59"/>
    </relation>
    <relation entry1="90" entry2="225" type="ECrel">
        <subtype name="compound" value="66"/>
    </relation>
    <relation entry1="79" entry2="225" type="ECrel">
        <subtype name="compound" value="66"/>
    </relation>
    <relation entry1="106" entry2="225" type="ECrel">
        <subtype name="compound" value="66"/>
    </relation>
    <relation entry1="80" entry2="225" type="ECrel">
        <subtype name="compound" value="66"/>
    </relation>
    <relation entry1="89" entry2="225" type="ECrel">
        <subtype name="compound" value="66"/>
    </relation>
    <relation entry1="81" entry2="225" type="ECrel">
        <subtype name="compound" value="49"/>
    </relation>
    <relation entry1="90" entry2="225" type="ECrel">
        <subtype name="compound" value="49"/>
    </relation>
    <relation entry1="228" entry2="225" type="ECrel">
        <subtype name="compound" value="49"/>
    </relation>
    <relation entry1="88" entry2="228" type="ECrel">
        <subtype name="compound" value="48"/>
    </relation>
    <relation entry1="81" entry2="228" type="ECrel">
        <subtype name="compound" value="49"/>
    </relation>
    <relation entry1="90" entry2="228" type="ECrel">
        <subtype name="compound" value="49"/>
    </relation>
    <relation entry1="88" entry2="265" type="ECrel">
        <subtype name="compound" value="72"/>
    </relation>
    <relation entry1="86" entry2="265" type="ECrel">
        <subtype name="compound" value="72"/>
    </relation>
    <relation entry1="45" entry2="265" type="ECrel">
        <subtype name="compound" value="72"/>
    </relation>
    <relation entry1="105" entry2="265" type="ECrel">
        <subtype name="compound" value="72"/>
    </relation>
    <relation entry1="45" entry2="265" type="ECrel">
        <subtype name="compound" value="75"/>
    </relation>
    <relation entry1="105" entry2="265" type="ECrel">
        <subtype name="compound" value="75"/>
    </relation>
    <relation entry1="82" entry2="265" type="ECrel">
        <subtype name="compound" value="75"/>
    </relation>
    <relation entry1="81" entry2="265" type="ECrel">
        <subtype name="compound" value="75"/>
    </relation>
    <relation entry1="50" entry2="265" type="ECrel">
        <subtype name="compound" value="75"/>
    </relation>
    <relation entry1="78" entry2="265" type="ECrel">
        <subtype name="compound" value="75"/>
    </relation>
    <relation entry1="98" entry2="233" type="ECrel">
        <subtype name="compound" value="61"/>
    </relation>
    <relation entry1="102" entry2="233" type="ECrel">
        <subtype name="compound" value="61"/>
    </relation>
    <relation entry1="51" entry2="233" type="ECrel">
        <subtype name="compound" value="61"/>
    </relation>
    <relation entry1="100" entry2="101" type="ECrel">
        <subtype name="compound" value="55"/>
    </relation>
    <relation entry1="226" entry2="101" type="ECrel">
        <subtype name="compound" value="55"/>
    </relation>
    <relation entry1="99" entry2="101" type="ECrel">
        <subtype name="compound" value="55"/>
    </relation>
    <relation entry1="226" entry2="99" type="ECrel">
        <subtype name="compound" value="55"/>
    </relation>
    <relation entry1="100" entry2="226" type="ECrel">
        <subtype name="compound" value="55"/>
    </relation>
    <relation entry1="92" entry2="226" type="ECrel">
        <subtype name="compound" value="64"/>
    </relation>
    <relation entry1="46" entry2="232" type="ECrel">
        <subtype name="compound" value="60"/>
    </relation>
    <relation entry1="91" entry2="232" type="ECrel">
        <subtype name="compound" value="60"/>
    </relation>
    <relation entry1="239" entry2="46" type="ECrel">
        <subtype name="compound" value="68"/>
    </relation>
    <relation entry1="236" entry2="46" type="ECrel">
        <subtype name="compound" value="68"/>
    </relation>
    <relation entry1="241" entry2="236" type="ECrel">
        <subtype name="compound" value="52"/>
    </relation>
    <relation entry1="238" entry2="239" type="ECrel">
        <subtype name="compound" value="234"/>
    </relation>
    <relation entry1="241" entry2="238" type="ECrel">
        <subtype name="compound" value="235"/>
    </relation>
    <relation entry1="236" entry2="239" type="ECrel">
        <subtype name="compound" value="68"/>
    </relation>
    <relation entry1="267" entry2="106" type="ECrel">
        <subtype name="compound" value="73"/>
    </relation>
    <relation entry1="267" entry2="79" type="ECrel">
        <subtype name="compound" value="73"/>
    </relation>
    <relation entry1="267" entry2="86" type="ECrel">
        <subtype name="compound" value="47"/>
    </relation>
    <relation entry1="267" entry2="87" type="ECrel">
        <subtype name="compound" value="47"/>
    </relation>
    <relation entry1="102" entry2="283" type="ECrel">
        <subtype name="compound" value="56"/>
    </relation>
    <relation entry1="283" entry2="100" type="ECrel">
        <subtype name="compound" value="56"/>
    </relation>
    <relation entry1="283" entry2="46" type="ECrel">
        <subtype name="compound" value="60"/>
    </relation>
    <relation entry1="283" entry2="91" type="ECrel">
        <subtype name="compound" value="60"/>
    </relation>
    <relation entry1="285" entry2="81" type="ECrel">
        <subtype name="compound" value="75"/>
    </relation>
    <relation entry1="285" entry2="50" type="ECrel">
        <subtype name="compound" value="75"/>
    </relation>
    <relation entry1="285" entry2="265" type="ECrel">
        <subtype name="compound" value="75"/>
    </relation>
    <relation entry1="285" entry2="83" type="ECrel">
        <subtype name="compound" value="75"/>
    </relation>
    <relation entry1="285" entry2="45" type="ECrel">
        <subtype name="compound" value="75"/>
    </relation>
    <relation entry1="285" entry2="105" type="ECrel">
        <subtype name="compound" value="75"/>
    </relation>
    <relation entry1="285" entry2="78" type="ECrel">
        <subtype name="compound" value="75"/>
    </relation>
    <relation entry1="285" entry2="87" type="ECrel">
        <subtype name="compound" value="74"/>
    </relation>
    <relation entry1="285" entry2="103" type="ECrel">
        <subtype name="compound" value="74"/>
    </relation>
    <relation entry1="285" entry2="89" type="ECrel">
        <subtype name="compound" value="74"/>
    </relation>
    <relation entry1="285" entry2="80" type="ECrel">
        <subtype name="compound" value="74"/>
    </relation>
    <relation entry1="233" entry2="232" type="ECrel">
        <subtype name="compound" value="231"/>
    </relation>
</pathway>
