<?xml version="1.0"?>
<!DOCTYPE pathway SYSTEM "https://www.kegg.jp/kegg/xml/KGML_v0.7.2_.dtd">
<!-- Creation date: Dec 9, 2022 10:06:23 +0900 (GMT+9) -->
<pathway name="path:mmu04261" org="mmu" number="04261"
         title="Adrenergic signaling in cardiomyocytes"
         image="https://www.kegg.jp/kegg/pathway/mmu/mmu04261.png"
         link="https://www.kegg.jp/kegg-bin/show_pathway?mmu04261">
    <entry id="16" name="path:mmu04261" type="map"
        link="https://www.kegg.jp/dbget-bin/www_bget?mmu04261">
        <graphics name="TITLE:Adrenergic signaling in cardiomyocytes" fgcolor="#000000" bgcolor="#FFFFFF"
             type="roundrectangle" x="223" y="58" width="366" height="25"/>
    </entry>
    <entry id="23" name="mmu:12288 mmu:12289 mmu:12292 mmu:12293 mmu:12294 mmu:12295 mmu:12296 mmu:12297 mmu:12298 mmu:12299 mmu:12300 mmu:140723 mmu:319734 mmu:54376 mmu:54377 mmu:54378 mmu:54652 mmu:56808 mmu:81904 mmu:81905" type="gene"
        link="https://www.kegg.jp/dbget-bin/www_bget?mmu:12288+mmu:12289+mmu:12292+mmu:12293+mmu:12294+mmu:12295+mmu:12296+mmu:12297+mmu:12298+mmu:12299+mmu:12300+mmu:140723+mmu:319734+mmu:54376+mmu:54377+mmu:54378+mmu:54652+mmu:56808+mmu:81904+mmu:81905">
        <graphics name="Cacna1c, Cav1.2, Cchl1a1, D930026N18Rik, MBC, MELC-CC..." fgcolor="#000000" bgcolor="#BFFFBF"
             type="rectangle" x="238" y="406" width="46" height="17"/>
    </entry>
    <entry id="24" name="mmu:20191" type="gene"
        link="https://www.kegg.jp/dbget-bin/www_bget?mmu:20191">
        <graphics name="Ryr2, 9330127I20Rik, RYR-2" fgcolor="#000000" bgcolor="#BFFFBF"
             type="rectangle" x="364" y="406" width="46" height="17"/>
    </entry>
    <entry id="25" name="mmu:110891 mmu:110893 mmu:20541" type="gene"
        link="https://www.kegg.jp/dbget-bin/www_bget?mmu:110891+mmu:110893+mmu:20541">
        <graphics name="Slc8a2, Ncx2..." fgcolor="#000000" bgcolor="#BFFFBF"
             type="rectangle" x="380" y="160" width="46" height="17"/>
    </entry>
    <entry id="26" name="mmu:110891 mmu:110893 mmu:20541" type="gene"
        link="https://www.kegg.jp/dbget-bin/www_bget?mmu:110891+mmu:110893+mmu:20541">
        <graphics name="Slc8a2, Ncx2..." fgcolor="#000000" bgcolor="#BFFFBF"
             type="rectangle" x="235" y="525" width="46" height="17"/>
    </entry>
    <entry id="27" name="cpd:C00076" type="compound"
        link="https://www.kegg.jp/dbget-bin/www_bget?C00076">
        <graphics name="C00076" fgcolor="#000000" bgcolor="#FFFFFF"
             type="circle" x="197" y="402" width="8" height="8"/>
    </entry>
    <entry id="28" name="cpd:C00076" type="compound"
        link="https://www.kegg.jp/dbget-bin/www_bget?C00076">
        <graphics name="C00076" fgcolor="#000000" bgcolor="#FFFFFF"
             type="circle" x="418" y="410" width="8" height="8"/>
    </entry>
    <entry id="29" name="mmu:11937 mmu:11938 mmu:53313" type="gene"
        link="https://www.kegg.jp/dbget-bin/www_bget?mmu:11937+mmu:11938+mmu:53313">
        <graphics name="Atp2a1, SERCA1..." fgcolor="#000000" bgcolor="#BFFFBF"
             type="rectangle" x="620" y="437" width="46" height="17"/>
    </entry>
    <entry id="30" name="mmu:21924" type="gene"
        link="https://www.kegg.jp/dbget-bin/www_bget?mmu:21924">
        <graphics name="Tnnc1, TnC, cTnC, cTnI, tncc" fgcolor="#000000" bgcolor="#BFFFBF"
             type="rectangle" x="527" y="533" width="46" height="17"/>
    </entry>
    <entry id="31" name="cpd:C00076" type="compound"
        link="https://www.kegg.jp/dbget-bin/www_bget?C00076">
        <graphics name="C00076" fgcolor="#000000" bgcolor="#FFFFFF"
             type="circle" x="193" y="519" width="8" height="8"/>
    </entry>
    <entry id="32" name="cpd:C01330" type="compound"
        link="https://www.kegg.jp/dbget-bin/www_bget?C01330">
        <graphics name="C01330" fgcolor="#000000" bgcolor="#FFFFFF"
             type="circle" x="280" y="529" width="8" height="8"/>
    </entry>
    <entry id="33" name="cpd:C01330" type="compound"
        link="https://www.kegg.jp/dbget-bin/www_bget?C01330">
        <graphics name="C01330" fgcolor="#000000" bgcolor="#FFFFFF"
             type="circle" x="385" y="108" width="8" height="8"/>
    </entry>
    <entry id="34" name="mmu:21956" type="gene"
        link="https://www.kegg.jp/dbget-bin/www_bget?mmu:21956">
        <graphics name="Tnnt2, Tnt, cTnT" fgcolor="#000000" bgcolor="#BFFFBF"
             type="rectangle" x="553" y="570" width="46" height="17"/>
    </entry>
    <entry id="35" name="mmu:21954" type="gene"
        link="https://www.kegg.jp/dbget-bin/www_bget?mmu:21954">
        <graphics name="Tnni3, Tn1, cTnI" fgcolor="#000000" bgcolor="#BFFFBF"
             type="rectangle" x="476" y="569" width="46" height="17"/>
    </entry>
    <entry id="36" name="mmu:11464" type="gene"
        link="https://www.kegg.jp/dbget-bin/www_bget?mmu:11464">
        <graphics name="Actc1, Actc-1" fgcolor="#000000" bgcolor="#BFFFBF"
             type="rectangle" x="520" y="632" width="46" height="17"/>
    </entry>
    <entry id="37" name="mmu:22003 mmu:22004 mmu:326618 mmu:59069" type="gene"
        link="https://www.kegg.jp/dbget-bin/www_bget?mmu:22003+mmu:22004+mmu:326618+mmu:59069">
        <graphics name="Tpm1, TM2, TPM1kappa, Tm3, Tmpa, Tpm-1, alpha-TM..." fgcolor="#000000" bgcolor="#BFFFBF"
             type="rectangle" x="543" y="615" width="46" height="17"/>
    </entry>
    <entry id="38" name="mmu:140781 mmu:17888 mmu:17896 mmu:17897 mmu:17906" type="gene"
        link="https://www.kegg.jp/dbget-bin/www_bget?mmu:140781+mmu:17888+mmu:17896+mmu:17897+mmu:17906">
        <graphics name="Myh7, B-MHC, MYH-beta/slow, MyHC-I, Myhc-b, Myhcb, beta-MHC, betaMHC, myHC-beta, myHC-slow..." fgcolor="#000000" bgcolor="#BFFFBF"
             type="rectangle" x="520" y="686" width="46" height="17"/>
    </entry>
    <entry id="39" name="path:mmu04020" type="map"
        link="https://www.kegg.jp/dbget-bin/www_bget?mmu04020">
        <graphics name="Calcium signaling pathway" fgcolor="#000000" bgcolor="#FFFFFF"
             type="roundrectangle" x="378" y="527" width="117" height="34"/>
    </entry>
    <entry id="41" name="cpd:C00076" type="compound"
        link="https://www.kegg.jp/dbget-bin/www_bget?C00076">
        <graphics name="C00076" fgcolor="#000000" bgcolor="#FFFFFF"
             type="circle" x="533" y="495" width="8" height="8"/>
    </entry>
    <entry id="49" name="mmu:11928 mmu:11931 mmu:11932 mmu:11933 mmu:11936 mmu:232975 mmu:27222 mmu:67821 mmu:98660" type="gene"
        link="https://www.kegg.jp/dbget-bin/www_bget?mmu:11928+mmu:11931+mmu:11932+mmu:11933+mmu:11936+mmu:232975+mmu:27222+mmu:67821+mmu:98660">
        <graphics name="Atp1a1, Atpa-1..." fgcolor="#000000" bgcolor="#BFFFBF"
             type="rectangle" x="593" y="160" width="46" height="17"/>
    </entry>
    <entry id="50" name="cpd:C00238" type="compound"
        link="https://www.kegg.jp/dbget-bin/www_bget?C00238">
        <graphics name="C00238" fgcolor="#000000" bgcolor="#FFFFFF"
             type="circle" x="598" y="113" width="8" height="8"/>
    </entry>
    <entry id="51" name="cpd:C01330" type="compound"
        link="https://www.kegg.jp/dbget-bin/www_bget?C01330">
        <graphics name="C01330" fgcolor="#000000" bgcolor="#FFFFFF"
             type="circle" x="587" y="212" width="8" height="8"/>
    </entry>
    <entry id="54" name="mmu:20544" type="gene"
        link="https://www.kegg.jp/dbget-bin/www_bget?mmu:20544">
        <graphics name="Slc9a1, Apnh, Mir5122, Nhe1, mir-5122, swe" fgcolor="#000000" bgcolor="#BFFFBF"
             type="rectangle" x="540" y="160" width="46" height="17"/>
    </entry>
    <entry id="55" name="cpd:C00080" type="compound"
        link="https://www.kegg.jp/dbget-bin/www_bget?C00080">
        <graphics name="C00080" fgcolor="#000000" bgcolor="#FFFFFF"
             type="circle" x="535" y="210" width="8" height="8"/>
    </entry>
    <entry id="56" name="cpd:C01330" type="compound"
        link="https://www.kegg.jp/dbget-bin/www_bget?C01330">
        <graphics name="C01330" fgcolor="#000000" bgcolor="#FFFFFF"
             type="circle" x="545" y="113" width="8" height="8"/>
    </entry>
    <entry id="70" name="mmu:11554" type="gene"
        link="https://www.kegg.jp/dbget-bin/www_bget?mmu:11554">
        <graphics name="Adrb1, Adrb-1, beta-AR" fgcolor="#000000" bgcolor="#BFFFBF"
             type="rectangle" x="752" y="160" width="46" height="17"/>
    </entry>
    <entry id="71" name="mmu:11555" type="gene"
        link="https://www.kegg.jp/dbget-bin/www_bget?mmu:11555">
        <graphics name="Adrb2, Adrb-2, Badm, Gpcr7" fgcolor="#000000" bgcolor="#BFFFBF"
             type="rectangle" x="861" y="160" width="46" height="17"/>
    </entry>
    <entry id="72" name="mmu:14683" type="gene"
        link="https://www.kegg.jp/dbget-bin/www_bget?mmu:14683">
        <graphics name="Gnas, 5530400H20Rik, A930027G11Rik, C130027O20Rik, GPSA, GSP, Galphas, Gnas1, Gnasxl, Gs-alpha, Gsa, Nesp, Nesp55, Nespl, Oed-Sml, Oedsml, P1, P2, P3, PHP1A, PHP1B, POH, SCG6" fgcolor="#000000" bgcolor="#BFFFBF"
             type="rectangle" x="768" y="199" width="46" height="17"/>
    </entry>
    <entry id="73" name="mmu:14683" type="gene"
        link="https://www.kegg.jp/dbget-bin/www_bget?mmu:14683">
        <graphics name="Gnas, 5530400H20Rik, A930027G11Rik, C130027O20Rik, GPSA, GSP, Galphas, Gnas1, Gnasxl, Gs-alpha, Gsa, Nesp, Nesp55, Nespl, Oed-Sml, Oedsml, P1, P2, P3, PHP1A, PHP1B, POH, SCG6" fgcolor="#000000" bgcolor="#BFFFBF"
             type="rectangle" x="831" y="199" width="46" height="17"/>
    </entry>
    <entry id="74" name="mmu:14677 mmu:14678 mmu:14679" type="gene"
        link="https://www.kegg.jp/dbget-bin/www_bget?mmu:14677+mmu:14678+mmu:14679">
        <graphics name="Gnai1, Gialpha1, Gnai-1, Hg1b..." fgcolor="#000000" bgcolor="#BFFFBF"
             type="rectangle" x="894" y="199" width="46" height="17"/>
    </entry>
    <entry id="75" name="mmu:104110 mmu:104111 mmu:11512 mmu:11513 mmu:11514 mmu:11515 mmu:210044 mmu:224129 mmu:432530" type="gene"
        link="https://www.kegg.jp/dbget-bin/www_bget?mmu:104110+mmu:104111+mmu:11512+mmu:11513+mmu:11514+mmu:11515+mmu:210044+mmu:224129+mmu:432530">
        <graphics name="Adcy4, mKIAA4004..." fgcolor="#000000" bgcolor="#BFFFBF"
             type="rectangle" x="801" y="237" width="46" height="17"/>
    </entry>
    <entry id="76" name="mmu:18747 mmu:18749" type="gene"
        link="https://www.kegg.jp/dbget-bin/www_bget?mmu:18747+mmu:18749">
        <graphics name="Prkaca, PKCD, Pkaca..." fgcolor="#000000" bgcolor="#BFFFBF"
             type="rectangle" x="643" y="306" width="46" height="17"/>
    </entry>
    <entry id="77" name="mmu:104709 mmu:30955 mmu:320207" type="gene"
        link="https://www.kegg.jp/dbget-bin/www_bget?mmu:104709+mmu:30955+mmu:320207">
        <graphics name="Pik3r6, p84, p84_PIKAP, p87(PIKAP), p87PIKAP..." fgcolor="#000000" bgcolor="#BFFFBF"
             type="rectangle" x="929" y="259" width="46" height="17"/>
    </entry>
    <entry id="78" name="mmu:11651 mmu:11652 mmu:23797" type="gene"
        link="https://www.kegg.jp/dbget-bin/www_bget?mmu:11651+mmu:11652+mmu:23797">
        <graphics name="Akt1, Akt, LTR-akt, PKB, PKB/Akt, PKBalpha, Rac..." fgcolor="#000000" bgcolor="#BFFFBF"
             type="rectangle" x="1018" y="259" width="46" height="17"/>
    </entry>
    <entry id="79" name="cpd:C00575" type="compound"
        link="https://www.kegg.jp/dbget-bin/www_bget?C00575">
        <graphics name="C00575" fgcolor="#000000" bgcolor="#FFFFFF"
             type="circle" x="699" y="280" width="8" height="8"/>
    </entry>
    <entry id="92" name="mmu:26413 mmu:26417" type="gene"
        link="https://www.kegg.jp/dbget-bin/www_bget?mmu:26413+mmu:26417">
        <graphics name="Mapk1, 9030612K14Rik, ERK, Erk2, MAPK2, PRKM2, Prkm1, p41mapk, p42mapk..." fgcolor="#000000" bgcolor="#BFFFBF"
             type="rectangle" x="871" y="259" width="46" height="17"/>
    </entry>
    <entry id="94" name="mmu:11909 mmu:11911 mmu:12912 mmu:12913 mmu:12915 mmu:208647 mmu:208677 mmu:231991 mmu:26427 mmu:78284" type="gene"
        link="https://www.kegg.jp/dbget-bin/www_bget?mmu:11909+mmu:11911+mmu:12912+mmu:12913+mmu:12915+mmu:208647+mmu:208677+mmu:231991+mmu:26427+mmu:78284">
        <graphics name="Atf2, Atf-2, CRE-BP, Creb2, D130078H02Rik, Tg(Gzma-Klra1)7Wum, mXBP..." fgcolor="#000000" bgcolor="#BFFFBF"
             type="rectangle" x="781" y="419" width="46" height="17"/>
    </entry>
    <entry id="100" name="mmu:18821" type="gene"
        link="https://www.kegg.jp/dbget-bin/www_bget?mmu:18821">
        <graphics name="Pln, Plb" fgcolor="#000000" bgcolor="#BFFFBF"
             type="rectangle" x="589" y="454" width="46" height="17"/>
    </entry>
    <entry id="103" name="mmu:20266 mmu:20271 mmu:20272 mmu:399548" type="gene"
        link="https://www.kegg.jp/dbget-bin/www_bget?mmu:20266+mmu:20271+mmu:20272+mmu:399548">
        <graphics name="Scn1b..." fgcolor="#000000" bgcolor="#BFFFBF"
             type="rectangle" x="326" y="160" width="46" height="17"/>
    </entry>
    <entry id="104" name="mmu:58200" type="gene"
        link="https://www.kegg.jp/dbget-bin/www_bget?mmu:58200">
        <graphics name="Ppp1r1a, 0610038N18Rik, I-1" fgcolor="#000000" bgcolor="#BFFFBF"
             type="rectangle" x="758" y="548" width="46" height="17"/>
    </entry>
    <entry id="105" name="mmu:19045 mmu:19046 mmu:19047 mmu:434233" type="gene"
        link="https://www.kegg.jp/dbget-bin/www_bget?mmu:19045+mmu:19046+mmu:19047+mmu:434233">
        <graphics name="Ppp1ca, Ppp1c, dism2..." fgcolor="#000000" bgcolor="#BFFFBF"
             type="rectangle" x="679" y="514" width="46" height="17"/>
    </entry>
    <entry id="109" name="mmu:100039815 mmu:100039830 mmu:19052 mmu:19053 mmu:19054 mmu:21770 mmu:225849 mmu:226849 mmu:235542 mmu:26931 mmu:26932 mmu:269643 mmu:51792 mmu:52432 mmu:59032 mmu:71978 mmu:72930 mmu:73699" type="gene"
        link="https://www.kegg.jp/dbget-bin/www_bget?mmu:100039815+mmu:100039830+mmu:19052+mmu:19053+mmu:19054+mmu:21770+mmu:225849+mmu:226849+mmu:235542+mmu:26931+mmu:26932+mmu:269643+mmu:51792+mmu:52432+mmu:59032+mmu:71978+mmu:72930+mmu:73699">
        <graphics name="Gm2436..." fgcolor="#000000" bgcolor="#BFFFBF"
             type="rectangle" x="701" y="578" width="46" height="17"/>
    </entry>
    <entry id="112" name="cpd:C00076" type="compound"
        link="https://www.kegg.jp/dbget-bin/www_bget?C00076">
        <graphics name="C00076" fgcolor="#000000" bgcolor="#FFFFFF"
             type="circle" x="297" y="402" width="8" height="8"/>
    </entry>
    <entry id="114" name="mmu:12313 mmu:12314 mmu:12315 mmu:494124 mmu:70405 mmu:75600 mmu:80796" type="gene"
        link="https://www.kegg.jp/dbget-bin/www_bget?mmu:12313+mmu:12314+mmu:12315+mmu:494124+mmu:70405+mmu:75600+mmu:80796">
        <graphics name="Calm1, CaM, Calm, Cam1..." fgcolor="#000000" bgcolor="#BFFFBF"
             type="rectangle" x="303" y="343" width="46" height="17"/>
    </entry>
    <entry id="115" name="mmu:108058 mmu:12322 mmu:12323 mmu:12325" type="gene"
        link="https://www.kegg.jp/dbget-bin/www_bget?mmu:108058+mmu:12322+mmu:12323+mmu:12325">
        <graphics name="Camk2d, 2810011D23Rik, 8030469K03Rik, CaMK_II, [d]-CaMKII..." fgcolor="#000000" bgcolor="#BFFFBF"
             type="rectangle" x="299" y="264" width="46" height="17"/>
    </entry>
    <entry id="122" name="mmu:11607 mmu:11608 mmu:11609" type="gene"
        link="https://www.kegg.jp/dbget-bin/www_bget?mmu:11607+mmu:11608+mmu:11609">
        <graphics name="Agtr1a, 1810074K20Rik, AG2S, AT1, AT1a, AT2R1, AT2R1A, Agt1ar, Agtr-1a, Agtr1, Angtr-1a..." fgcolor="#000000" bgcolor="#BFFFBF"
             type="rectangle" x="1087" y="526" width="46" height="17"/>
    </entry>
    <entry id="123" name="mmu:14682" type="gene"
        link="https://www.kegg.jp/dbget-bin/www_bget?mmu:14682">
        <graphics name="Gnaq, 1110005L02Rik, 6230401I02Rik, Dsk1, Dsk10, Galphaq, Gq, GqI" fgcolor="#000000" bgcolor="#BFFFBF"
             type="rectangle" x="996" y="548" width="46" height="17"/>
    </entry>
    <entry id="124" name="mmu:18795 mmu:18796 mmu:18797 mmu:18798" type="gene"
        link="https://www.kegg.jp/dbget-bin/www_bget?mmu:18795+mmu:18796+mmu:18797+mmu:18798">
        <graphics name="Plcb1, 3110043I21Rik, Plcb, mKIAA0581..." fgcolor="#000000" bgcolor="#BFFFBF"
             type="rectangle" x="910" y="548" width="46" height="17"/>
    </entry>
    <entry id="125" name="mmu:18750" type="gene"
        link="https://www.kegg.jp/dbget-bin/www_bget?mmu:18750">
        <graphics name="Prkca, Pkca" fgcolor="#000000" bgcolor="#BFFFBF"
             type="rectangle" x="833" y="548" width="46" height="17"/>
    </entry>
    <entry id="129" name="path:mmu04260" type="map"
        link="https://www.kegg.jp/dbget-bin/www_bget?mmu04260">
        <graphics name="Cardiac muscle contraction" fgcolor="#000000" bgcolor="#FFFFFF"
             type="roundrectangle" x="86" y="245" width="117" height="34"/>
    </entry>
    <entry id="130" name="mmu:223864 mmu:56508" type="gene"
        link="https://www.kegg.jp/dbget-bin/www_bget?mmu:223864+mmu:56508">
        <graphics name="Rapgef3, 2310016P22Rik, 9330170P05Rik, Epac, Epac1..." fgcolor="#000000" bgcolor="#BFFFBF"
             type="rectangle" x="802" y="298" width="46" height="17"/>
    </entry>
    <entry id="131" name="mmu:19094 mmu:26415 mmu:26416 mmu:29857" type="gene"
        link="https://www.kegg.jp/dbget-bin/www_bget?mmu:19094+mmu:26415+mmu:26416+mmu:29857">
        <graphics name="Mapk11, P38b, Prkm11, Sapk2, Sapk2b, p38-2, p38beta, p38beta2..." fgcolor="#000000" bgcolor="#BFFFBF"
             type="rectangle" x="929" y="298" width="46" height="17"/>
    </entry>
    <entry id="134" name="mmu:100039815 mmu:100039830 mmu:19052 mmu:19053 mmu:19054 mmu:21770 mmu:225849 mmu:226849 mmu:235542 mmu:26931 mmu:26932 mmu:269643 mmu:51792 mmu:52432 mmu:59032 mmu:71978 mmu:72930 mmu:73699" type="gene"
        link="https://www.kegg.jp/dbget-bin/www_bget?mmu:100039815+mmu:100039830+mmu:19052+mmu:19053+mmu:19054+mmu:21770+mmu:225849+mmu:226849+mmu:235542+mmu:26931+mmu:26932+mmu:269643+mmu:51792+mmu:52432+mmu:59032+mmu:71978+mmu:72930+mmu:73699">
        <graphics name="Gm2436..." fgcolor="#000000" bgcolor="#BFFFBF"
             type="rectangle" x="293" y="439" width="46" height="17"/>
    </entry>
    <entry id="135" name="mmu:19045 mmu:19046 mmu:19047 mmu:434233" type="gene"
        link="https://www.kegg.jp/dbget-bin/www_bget?mmu:19045+mmu:19046+mmu:19047+mmu:434233">
        <graphics name="Ppp1ca, Ppp1c, dism2..." fgcolor="#000000" bgcolor="#BFFFBF"
             type="rectangle" x="292" y="465" width="46" height="17"/>
    </entry>
    <entry id="144" name="path:mmu04151" type="map"
        link="https://www.kegg.jp/dbget-bin/www_bget?mmu04151">
        <graphics name="PI3K-Akt signaling pathway" fgcolor="#000000" bgcolor="#FFFFFF"
             type="roundrectangle" x="1002" y="216" width="117" height="34"/>
    </entry>
    <entry id="148" name="mmu:11548 mmu:11549 mmu:11550" type="gene"
        link="https://www.kegg.jp/dbget-bin/www_bget?mmu:11548+mmu:11549+mmu:11550">
        <graphics name="Adra1b, [a]1b..." fgcolor="#000000" bgcolor="#BFFFBF"
             type="rectangle" x="1087" y="567" width="46" height="17"/>
    </entry>
    <entry id="152" name="cpd:C00547" type="compound"
        link="https://www.kegg.jp/dbget-bin/www_bget?C00547">
        <graphics name="C00547" fgcolor="#000000" bgcolor="#FFFFFF"
             type="circle" x="776" y="60" width="8" height="8"/>
    </entry>
    <entry id="153" name="cpd:C00788" type="compound"
        link="https://www.kegg.jp/dbget-bin/www_bget?C00788">
        <graphics name="C00788" fgcolor="#000000" bgcolor="#FFFFFF"
             type="circle" x="784" y="97" width="8" height="8"/>
    </entry>
    <entry id="154" name="cpd:C07056" type="compound"
        link="https://www.kegg.jp/dbget-bin/www_bget?C07056">
        <graphics name="C07056" fgcolor="#000000" bgcolor="#FFFFFF"
             type="circle" x="820" y="72" width="8" height="8"/>
    </entry>
    <entry id="157" name="mmu:100039815 mmu:100039830 mmu:19052 mmu:19053 mmu:19054 mmu:21770 mmu:225849 mmu:226849 mmu:235542 mmu:26931 mmu:26932 mmu:269643 mmu:51792 mmu:52432 mmu:59032 mmu:71978 mmu:72930 mmu:73699" type="gene"
        link="https://www.kegg.jp/dbget-bin/www_bget?mmu:100039815+mmu:100039830+mmu:19052+mmu:19053+mmu:19054+mmu:21770+mmu:225849+mmu:226849+mmu:235542+mmu:26931+mmu:26932+mmu:269643+mmu:51792+mmu:52432+mmu:59032+mmu:71978+mmu:72930+mmu:73699">
        <graphics name="Gm2436..." fgcolor="#000000" bgcolor="#BFFFBF"
             type="rectangle" x="387" y="606" width="46" height="17"/>
    </entry>
    <entry id="161" name="mmu:12916" type="gene"
        link="https://www.kegg.jp/dbget-bin/www_bget?mmu:12916">
        <graphics name="Crem, ICER, ICERI" fgcolor="#000000" bgcolor="#BFFFBF"
             type="rectangle" x="935" y="453" width="46" height="17"/>
    </entry>
    <entry id="163" name="mmu:12043" type="gene"
        link="https://www.kegg.jp/dbget-bin/www_bget?mmu:12043">
        <graphics name="Bcl2, Bcl-2, C430015F12Rik, D630044D05Rik, D830018M01Rik" fgcolor="#000000" bgcolor="#BFFFBF"
             type="rectangle" x="929" y="330" width="46" height="17"/>
    </entry>
    <entry id="172" name="mmu:73086" type="gene"
        link="https://www.kegg.jp/dbget-bin/www_bget?mmu:73086">
        <graphics name="Rps6ka5, 3110005L17Rik, 6330404E13Rik, MSK1, MSPK1, RLPK, RLSK, S6K-alpha-5" fgcolor="#000000" bgcolor="#BFFFBF"
             type="rectangle" x="781" y="466" width="46" height="17"/>
    </entry>
    <entry id="173" name="mmu:26413 mmu:26417" type="gene"
        link="https://www.kegg.jp/dbget-bin/www_bget?mmu:26413+mmu:26417">
        <graphics name="Mapk1, 9030612K14Rik, ERK, Erk2, MAPK2, PRKM2, Prkm1, p41mapk, p42mapk..." fgcolor="#000000" bgcolor="#BFFFBF"
             type="rectangle" x="833" y="502" width="46" height="17"/>
    </entry>
    <entry id="177" name="cpd:C00165" type="compound"
        link="https://www.kegg.jp/dbget-bin/www_bget?C00165">
        <graphics name="C00165" fgcolor="#000000" bgcolor="#FFFFFF"
             type="circle" x="871" y="591" width="8" height="8"/>
    </entry>
    <entry id="178" name="cpd:C01245" type="compound"
        link="https://www.kegg.jp/dbget-bin/www_bget?C01245">
        <graphics name="C01245" fgcolor="#000000" bgcolor="#FFFFFF"
             type="circle" x="949" y="625" width="8" height="8"/>
    </entry>
    <entry id="179" name="cpd:C00076" type="compound"
        link="https://www.kegg.jp/dbget-bin/www_bget?C00076">
        <graphics name="C00076" fgcolor="#000000" bgcolor="#FFFFFF"
             type="circle" x="870" y="622" width="8" height="8"/>
    </entry>
    <entry id="184" name="cpd:C00547" type="compound"
        link="https://www.kegg.jp/dbget-bin/www_bget?C00547">
        <graphics name="C00547" fgcolor="#000000" bgcolor="#FFFFFF"
             type="circle" x="1160" y="566" width="8" height="8"/>
    </entry>
    <entry id="185" name="cpd:C00788" type="compound"
        link="https://www.kegg.jp/dbget-bin/www_bget?C00788">
        <graphics name="C00788" fgcolor="#000000" bgcolor="#FFFFFF"
             type="circle" x="1160" y="590" width="8" height="8"/>
    </entry>
    <entry id="190" name="cpd:C01330" type="compound"
        link="https://www.kegg.jp/dbget-bin/www_bget?C01330">
        <graphics name="C01330" fgcolor="#000000" bgcolor="#FFFFFF"
             type="circle" x="326" y="111" width="8" height="8"/>
    </entry>
    <entry id="193" name="mmu:11941 mmu:320707 mmu:381290 mmu:67972" type="gene"
        link="https://www.kegg.jp/dbget-bin/www_bget?mmu:11941+mmu:320707+mmu:381290+mmu:67972">
        <graphics name="Atp2b2, D6Abb2e, Gena300, PMCA2, Tmy, dfw, jog, wms, wri..." fgcolor="#000000" bgcolor="#BFFFBF"
             type="rectangle" x="433" y="160" width="46" height="17"/>
    </entry>
    <entry id="194" name="mmu:16509 mmu:16535" type="gene"
        link="https://www.kegg.jp/dbget-bin/www_bget?mmu:16509+mmu:16535">
        <graphics name="Kcne1, Isk, MinK, nmf190..." fgcolor="#000000" bgcolor="#BFFFBF"
             type="rectangle" x="486" y="160" width="46" height="17"/>
    </entry>
    <entry id="195" name="cpd:C00076" type="compound"
        link="https://www.kegg.jp/dbget-bin/www_bget?C00076">
        <graphics name="C00076" fgcolor="#000000" bgcolor="#FFFFFF"
             type="circle" x="432" y="218" width="8" height="8"/>
    </entry>
    <entry id="196" name="cpd:C00238" type="compound"
        link="https://www.kegg.jp/dbget-bin/www_bget?C00238">
        <graphics name="C00238" fgcolor="#000000" bgcolor="#FFFFFF"
             type="circle" x="487" y="218" width="8" height="8"/>
    </entry>
    <entry id="202" name="cpd:C00076" type="compound"
        link="https://www.kegg.jp/dbget-bin/www_bget?C00076">
        <graphics name="C00076" fgcolor="#000000" bgcolor="#FFFFFF"
             type="circle" x="374" y="218" width="8" height="8"/>
    </entry>
    <entry id="207" name="mmu:11606" type="gene"
        link="https://www.kegg.jp/dbget-bin/www_bget?mmu:11606">
        <graphics name="Agt, AngI, AngII, Aogen, Serpina8" fgcolor="#000000" bgcolor="#BFFFBF"
             type="rectangle" x="1164" y="526" width="46" height="17"/>
    </entry>
    <entry id="211" name="mmu:16526" type="gene"
        link="https://www.kegg.jp/dbget-bin/www_bget?mmu:16526">
        <graphics name="Kcnk2, A430027H14Rik, TREK-1" fgcolor="#000000" bgcolor="#BFFFBF"
             type="rectangle" x="653" y="160" width="46" height="17"/>
    </entry>
    <entry id="212" name="mmu:23828 mmu:64082 mmu:78977" type="gene"
        link="https://www.kegg.jp/dbget-bin/www_bget?mmu:23828+mmu:64082+mmu:78977">
        <graphics name="Bves, Pop1, Popdc1, mBVES..." fgcolor="#000000" bgcolor="#BFFFBF"
             type="rectangle" x="699" y="160" width="46" height="17"/>
    </entry>
    <entry id="214" name="cpd:C00238" type="compound"
        link="https://www.kegg.jp/dbget-bin/www_bget?C00238">
        <graphics name="C00238" fgcolor="#000000" bgcolor="#FFFFFF"
             type="circle" x="658" y="218" width="8" height="8"/>
    </entry>
    <relation entry1="41" entry2="30" type="PCrel">
        <subtype name="binding/association" value="---"/>
    </relation>
    <relation entry1="30" entry2="34" type="PPrel">
        <subtype name="binding/association" value="---"/>
    </relation>
    <relation entry1="30" entry2="35" type="PPrel">
        <subtype name="binding/association" value="---"/>
    </relation>
    <relation entry1="34" entry2="35" type="PPrel">
        <subtype name="binding/association" value="---"/>
    </relation>
    <relation entry1="35" entry2="37" type="PPrel">
        <subtype name="binding/association" value="---"/>
    </relation>
    <relation entry1="37" entry2="36" type="PPrel">
        <subtype name="binding/association" value="---"/>
    </relation>
    <relation entry1="36" entry2="38" type="PPrel">
        <subtype name="binding/association" value="---"/>
    </relation>
    <relation entry1="34" entry2="36" type="PPrel">
        <subtype name="dissociation" value="-+-"/>
    </relation>
    <relation entry1="115" entry2="103" type="PPrel">
        <subtype name="activation" value="--&gt;"/>
        <subtype name="phosphorylation" value="+p"/>
    </relation>
    <relation entry1="115" entry2="23" type="PPrel">
        <subtype name="activation" value="--&gt;"/>
        <subtype name="phosphorylation" value="+p"/>
    </relation>
    <relation entry1="115" entry2="24" type="PPrel">
        <subtype name="activation" value="--&gt;"/>
        <subtype name="phosphorylation" value="+p"/>
    </relation>
    <relation entry1="76" entry2="49" type="PPrel">
        <subtype name="activation" value="--&gt;"/>
        <subtype name="phosphorylation" value="+p"/>
    </relation>
    <relation entry1="76" entry2="54" type="PPrel">
        <subtype name="activation" value="--&gt;"/>
        <subtype name="phosphorylation" value="+p"/>
    </relation>
    <relation entry1="76" entry2="194" type="PPrel">
        <subtype name="activation" value="--&gt;"/>
        <subtype name="phosphorylation" value="+p"/>
    </relation>
    <relation entry1="76" entry2="193" type="PPrel">
        <subtype name="activation" value="--&gt;"/>
        <subtype name="phosphorylation" value="+p"/>
    </relation>
    <relation entry1="76" entry2="25" type="PPrel">
        <subtype name="activation" value="--&gt;"/>
        <subtype name="phosphorylation" value="+p"/>
    </relation>
    <relation entry1="76" entry2="103" type="PPrel">
        <subtype name="activation" value="--&gt;"/>
        <subtype name="phosphorylation" value="+p"/>
    </relation>
    <relation entry1="76" entry2="23" type="PPrel">
        <subtype name="activation" value="--&gt;"/>
        <subtype name="phosphorylation" value="+p"/>
    </relation>
    <relation entry1="76" entry2="24" type="PPrel">
        <subtype name="activation" value="--&gt;"/>
        <subtype name="phosphorylation" value="+p"/>
    </relation>
    <relation entry1="76" entry2="35" type="PPrel">
        <subtype name="activation" value="--&gt;"/>
        <subtype name="phosphorylation" value="+p"/>
    </relation>
    <relation entry1="76" entry2="100" type="PPrel">
        <subtype name="activation" value="--&gt;"/>
        <subtype name="phosphorylation" value="+p"/>
    </relation>
    <relation entry1="76" entry2="104" type="PPrel">
        <subtype name="activation" value="--&gt;"/>
        <subtype name="phosphorylation" value="+p"/>
    </relation>
    <relation entry1="76" entry2="94" type="PPrel">
        <subtype name="activation" value="--&gt;"/>
        <subtype name="phosphorylation" value="+p"/>
    </relation>
    <relation entry1="125" entry2="104" type="PPrel">
        <subtype name="activation" value="--&gt;"/>
        <subtype name="phosphorylation" value="+p"/>
    </relation>
    <relation entry1="172" entry2="94" type="PPrel">
        <subtype name="activation" value="--&gt;"/>
        <subtype name="phosphorylation" value="+p"/>
    </relation>
    <relation entry1="114" entry2="115" type="PPrel">
        <subtype name="activation" value="--&gt;"/>
    </relation>
    <relation entry1="112" entry2="114" type="PCrel">
        <subtype name="activation" value="--&gt;"/>
    </relation>
    <relation entry1="112" entry2="24" type="PCrel">
        <subtype name="activation" value="--&gt;"/>
    </relation>
    <relation entry1="153" entry2="70" type="PCrel">
        <subtype name="activation" value="--&gt;"/>
    </relation>
    <relation entry1="152" entry2="70" type="PCrel">
        <subtype name="activation" value="--&gt;"/>
    </relation>
    <relation entry1="154" entry2="70" type="PCrel">
        <subtype name="activation" value="--&gt;"/>
    </relation>
    <relation entry1="153" entry2="71" type="PCrel">
        <subtype name="activation" value="--&gt;"/>
    </relation>
    <relation entry1="152" entry2="71" type="PCrel">
        <subtype name="activation" value="--&gt;"/>
    </relation>
    <relation entry1="154" entry2="71" type="PCrel">
        <subtype name="activation" value="--&gt;"/>
    </relation>
    <relation entry1="70" entry2="72" type="PPrel">
        <subtype name="activation" value="--&gt;"/>
    </relation>
    <relation entry1="72" entry2="75" type="PPrel">
        <subtype name="activation" value="--&gt;"/>
    </relation>
    <relation entry1="71" entry2="73" type="PPrel">
        <subtype name="activation" value="--&gt;"/>
    </relation>
    <relation entry1="73" entry2="75" type="PPrel">
        <subtype name="activation" value="--&gt;"/>
    </relation>
    <relation entry1="71" entry2="74" type="PPrel">
        <subtype name="activation" value="--&gt;"/>
    </relation>
    <relation entry1="74" entry2="92" type="PPrel">
        <subtype name="activation" value="--&gt;"/>
    </relation>
    <relation entry1="74" entry2="77" type="PPrel">
        <subtype name="activation" value="--&gt;"/>
    </relation>
    <relation entry1="77" entry2="78" type="PPrel">
        <subtype name="activation" value="--&gt;"/>
    </relation>
    <relation entry1="75" entry2="130" type="PPrel">
        <subtype name="activation" value="--&gt;"/>
    </relation>
    <relation entry1="79" entry2="76" type="PCrel">
        <subtype name="activation" value="--&gt;"/>
    </relation>
    <relation entry1="130" entry2="131" type="PPrel">
        <subtype name="activation" value="--&gt;"/>
    </relation>
    <relation entry1="125" entry2="173" type="PPrel">
        <subtype name="activation" value="--&gt;"/>
    </relation>
    <relation entry1="173" entry2="172" type="PPrel">
        <subtype name="activation" value="--&gt;"/>
    </relation>
    <relation entry1="184" entry2="148" type="PCrel">
        <subtype name="activation" value="--&gt;"/>
    </relation>
    <relation entry1="185" entry2="148" type="PCrel">
        <subtype name="activation" value="--&gt;"/>
    </relation>
    <relation entry1="122" entry2="123" type="PPrel">
        <subtype name="activation" value="--&gt;"/>
    </relation>
    <relation entry1="148" entry2="123" type="PPrel">
        <subtype name="activation" value="--&gt;"/>
    </relation>
    <relation entry1="123" entry2="124" type="PPrel">
        <subtype name="activation" value="--&gt;"/>
    </relation>
    <relation entry1="124" entry2="177" type="PCrel">
        <subtype name="activation" value="--&gt;"/>
    </relation>
    <relation entry1="124" entry2="178" type="PCrel">
        <subtype name="activation" value="--&gt;"/>
    </relation>
    <relation entry1="177" entry2="125" type="PCrel">
        <subtype name="activation" value="--&gt;"/>
    </relation>
    <relation entry1="179" entry2="125" type="PCrel">
        <subtype name="activation" value="--&gt;"/>
    </relation>
    <relation entry1="134" entry2="23" type="PPrel">
        <subtype name="inhibition" value="--|"/>
        <subtype name="dephosphorylation" value="-p"/>
    </relation>
    <relation entry1="134" entry2="24" type="PPrel">
        <subtype name="inhibition" value="--|"/>
        <subtype name="dephosphorylation" value="-p"/>
    </relation>
    <relation entry1="135" entry2="23" type="PPrel">
        <subtype name="inhibition" value="--|"/>
        <subtype name="dephosphorylation" value="-p"/>
    </relation>
    <relation entry1="135" entry2="24" type="PPrel">
        <subtype name="inhibition" value="--|"/>
        <subtype name="dephosphorylation" value="-p"/>
    </relation>
    <relation entry1="109" entry2="104" type="PPrel">
        <subtype name="inhibition" value="--|"/>
        <subtype name="dephosphorylation" value="-p"/>
    </relation>
    <relation entry1="100" entry2="29" type="PPrel">
        <subtype name="binding/association" value="---"/>
    </relation>
    <relation entry1="161" entry2="163" type="PPrel">
        <subtype name="inhibition" value="--|"/>
    </relation>
    <relation entry1="161" entry2="94" type="PPrel">
        <subtype name="inhibition" value="--|"/>
    </relation>
    <relation entry1="104" entry2="105" type="PPrel">
        <subtype name="inhibition" value="--|"/>
    </relation>
    <relation entry1="105" entry2="100" type="PPrel">
        <subtype name="activation" value="--&gt;"/>
        <subtype name="dephosphorylation" value="-p"/>
    </relation>
    <relation entry1="157" entry2="35" type="PPrel">
        <subtype name="inhibition" value="--|"/>
        <subtype name="dephosphorylation" value="-p"/>
    </relation>
    <relation entry1="207" entry2="122" type="PPrel">
        <subtype name="activation" value="--&gt;"/>
    </relation>
    <relation entry1="79" entry2="212" type="PCrel">
        <subtype name="activation" value="--&gt;"/>
    </relation>
    <relation entry1="211" entry2="212" type="PPrel">
        <subtype name="binding/association" value="---"/>
    </relation>
</pathway>
