<?xml version="1.0"?>
<!DOCTYPE pathway SYSTEM "https://www.kegg.jp/kegg/xml/KGML_v0.7.2_.dtd">
<!-- Creation date: Apr 20, 2023 13:12:18 +0900 (GMT+9) -->
<pathway name="path:mmu04724" org="mmu" number="04724"
         title="Glutamatergic synapse"
         image="https://www.kegg.jp/kegg/pathway/mmu/mmu04724.png"
         link="https://www.kegg.jp/kegg-bin/show_pathway?mmu04724">
    <entry id="21" name="path:mmu04724" type="map"
        link="https://www.kegg.jp/dbget-bin/www_bget?mmu04724">
        <graphics name="TITLE:Glutamatergic synapse" fgcolor="#000000" bgcolor="#FFFFFF"
             type="roundrectangle" x="151" y="58" width="222" height="25"/>
    </entry>
    <entry id="28" name="mmu:108073 mmu:14823" type="gene"
        link="https://www.kegg.jp/dbget-bin/www_bget?mmu:108073+mmu:14823">
        <graphics name="Grm7, 6330570A01Rik, C030018L03, E130018M02Rik, Gpr1g, Gprc1g, SMN2, Tg(SMN2)89Ahmb, mGluR7..." fgcolor="#000000" bgcolor="#BFFFBF"
             type="rectangle" x="774" y="809" width="46" height="17"/>
    </entry>
    <entry id="29" name="mmu:110637 mmu:14805 mmu:14806 mmu:14807 mmu:14809" type="gene"
        link="https://www.kegg.jp/dbget-bin/www_bget?mmu:110637+mmu:14805+mmu:14806+mmu:14807+mmu:14809">
        <graphics name="Grik4, 6330551K01Rik, GluK4, GluRgamma1, KA-1, KA1..." fgcolor="#000000" bgcolor="#BFFFBF"
             type="rectangle" x="774" y="404" width="46" height="17"/>
    </entry>
    <entry id="30" name="mmu:14799 mmu:14800 mmu:14802 mmu:53623" type="gene"
        link="https://www.kegg.jp/dbget-bin/www_bget?mmu:14799+mmu:14800+mmu:14802+mmu:53623">
        <graphics name="Gria1, 2900051M01Rik, Glr-1, Glr1, GluA1, GluR-A, GluRA, Glur-1, Glur1, HIPA1, gluR-K1..." fgcolor="#000000" bgcolor="#BFFFBF"
             type="rectangle" x="774" y="480" width="46" height="17"/>
    </entry>
    <entry id="31" name="mmu:14810 mmu:14811 mmu:14812 mmu:14813 mmu:14814 mmu:170483 mmu:242443" type="gene"
        link="https://www.kegg.jp/dbget-bin/www_bget?mmu:14810+mmu:14811+mmu:14812+mmu:14813+mmu:14814+mmu:170483+mmu:242443">
        <graphics name="Grin1, GluN1, GluRdelta1, GluRzeta1, M100174, NMD-R1, NMDAR1, NR1, Nmdar, Rgsc174..." fgcolor="#000000" bgcolor="#BFFFBF"
             type="rectangle" x="774" y="534" width="46" height="17"/>
    </entry>
    <entry id="32" name="mmu:108071 mmu:14816" type="gene"
        link="https://www.kegg.jp/dbget-bin/www_bget?mmu:108071+mmu:14816">
        <graphics name="Grm5, 6430542K11Rik, Glu5R, Gprc1e, mGluR5, mGluR5b..." fgcolor="#000000" bgcolor="#BFFFBF"
             type="rectangle" x="774" y="712" width="46" height="17"/>
    </entry>
    <entry id="33" name="mmu:108068 mmu:108069" type="gene"
        link="https://www.kegg.jp/dbget-bin/www_bget?mmu:108068+mmu:108069">
        <graphics name="Grm2, 4930441L02Rik, Gprc1b, mGluR2, mGluR7..." fgcolor="#000000" bgcolor="#BFFFBF"
             type="rectangle" x="774" y="744" width="46" height="17"/>
    </entry>
    <entry id="34" name="mmu:108072 mmu:268934" type="gene"
        link="https://www.kegg.jp/dbget-bin/www_bget?mmu:108072+mmu:268934">
        <graphics name="Grm6, Gm3, Gprc1f, mGluR6, nerg1, nob2, nob3, nob4..." fgcolor="#000000" bgcolor="#BFFFBF"
             type="rectangle" x="774" y="778" width="46" height="17"/>
    </entry>
    <entry id="38" name="mmu:20510 mmu:20513" type="gene"
        link="https://www.kegg.jp/dbget-bin/www_bget?mmu:20510+mmu:20513">
        <graphics name="Slc1a1, D130048G10Rik, EAAC1, EAAC2, EAAT3, MEAAC1..." fgcolor="#000000" bgcolor="#BFFFBF"
             type="rectangle" x="858" y="321" width="46" height="17"/>
    </entry>
    <entry id="39" name="mmu:12288 mmu:12289" type="gene"
        link="https://www.kegg.jp/dbget-bin/www_bget?mmu:12288+mmu:12289">
        <graphics name="Cacna1c, Cav1.2, Cchl1a1, D930026N18Rik, MBC, MELC-CC..." fgcolor="#000000" bgcolor="#BFFFBF"
             type="rectangle" x="922" y="321" width="46" height="17"/>
    </entry>
    <entry id="40" name="mmu:20511 mmu:20512" type="gene"
        link="https://www.kegg.jp/dbget-bin/www_bget?mmu:20511+mmu:20512">
        <graphics name="Slc1a2, 1700091C19Rik, 2900019G14Rik, Eaat2, GLT-1, GLT1, MGLT1..." fgcolor="#000000" bgcolor="#BFFFBF"
             type="rectangle" x="710" y="219" width="46" height="17"/>
    </entry>
    <entry id="41" name="mmu:110637 mmu:14805 mmu:14806 mmu:14807 mmu:14809" type="gene"
        link="https://www.kegg.jp/dbget-bin/www_bget?mmu:110637+mmu:14805+mmu:14806+mmu:14807+mmu:14809">
        <graphics name="Grik4, 6330551K01Rik, GluK4, GluRgamma1, KA-1, KA1..." fgcolor="#000000" bgcolor="#BFFFBF"
             type="rectangle" x="623" y="454" width="46" height="17"/>
    </entry>
    <entry id="44" name="mmu:108071" type="gene"
        link="https://www.kegg.jp/dbget-bin/www_bget?mmu:108071">
        <graphics name="Grm5, 6430542K11Rik, Glu5R, Gprc1e, mGluR5, mGluR5b" fgcolor="#000000" bgcolor="#BFFFBF"
             type="rectangle" x="603" y="219" width="46" height="17"/>
    </entry>
    <entry id="45" name="mmu:108068 mmu:108069" type="gene"
        link="https://www.kegg.jp/dbget-bin/www_bget?mmu:108068+mmu:108069">
        <graphics name="Grm2, 4930441L02Rik, Gprc1b, mGluR2, mGluR7..." fgcolor="#000000" bgcolor="#BFFFBF"
             type="rectangle" x="459" y="321" width="46" height="17"/>
    </entry>
    <entry id="46" name="mmu:104110 mmu:104111 mmu:11512 mmu:11513 mmu:11514 mmu:11515 mmu:210044 mmu:224129 mmu:432530" type="gene"
        link="https://www.kegg.jp/dbget-bin/www_bget?mmu:104110+mmu:104111+mmu:11512+mmu:11513+mmu:11514+mmu:11515+mmu:210044+mmu:224129+mmu:432530">
        <graphics name="Adcy4, mKIAA4004..." fgcolor="#000000" bgcolor="#BFFFBF"
             type="rectangle" x="422" y="441" width="46" height="17"/>
    </entry>
    <entry id="49" name="mmu:76257" type="gene"
        link="https://www.kegg.jp/dbget-bin/www_bget?mmu:76257">
        <graphics name="Slc38a3, 0610012J02Rik, D9Ucla2, Nat1, Slc38-3, Sn1, Snat3, mNAT" fgcolor="#000000" bgcolor="#BFFFBF"
             type="rectangle" x="345" y="219" width="46" height="17"/>
    </entry>
    <entry id="50" name="mmu:105727 mmu:67760" type="gene"
        link="https://www.kegg.jp/dbget-bin/www_bget?mmu:105727+mmu:67760">
        <graphics name="Slc38a1, Gm32457, NAT2, SNAT1..." fgcolor="#000000" bgcolor="#BFFFBF"
             type="rectangle" x="193" y="400" width="46" height="17"/>
    </entry>
    <entry id="53" name="mmu:140919 mmu:216227 mmu:72961" type="gene"
        link="https://www.kegg.jp/dbget-bin/www_bget?mmu:140919+mmu:216227+mmu:72961">
        <graphics name="Slc17a6, 2900073D12Rik, DNPI, VGLUT2..." fgcolor="#000000" bgcolor="#BFFFBF"
             type="rectangle" x="241" y="618" width="46" height="17"/>
    </entry>
    <entry id="54" name="cpd:C00025" type="compound"
        link="https://www.kegg.jp/dbget-bin/www_bget?C00025">
        <graphics name="C00025" fgcolor="#000000" bgcolor="#FFFFFF"
             type="circle" x="709" y="155" width="8" height="8"/>
    </entry>
    <entry id="55" name="cpd:C00064" type="compound"
        link="https://www.kegg.jp/dbget-bin/www_bget?C00064">
        <graphics name="C00064" fgcolor="#000000" bgcolor="#FFFFFF"
             type="circle" x="347" y="170" width="8" height="8"/>
    </entry>
    <entry id="56" name="cpd:C00064" type="compound"
        link="https://www.kegg.jp/dbget-bin/www_bget?C00064">
        <graphics name="C00064" fgcolor="#000000" bgcolor="#FFFFFF"
             type="circle" x="195" y="347" width="8" height="8"/>
    </entry>
    <entry id="57" name="cpd:C00025" type="compound"
        link="https://www.kegg.jp/dbget-bin/www_bget?C00025">
        <graphics name="C00025" fgcolor="#000000" bgcolor="#FFFFFF"
             type="circle" x="193" y="616" width="8" height="8"/>
    </entry>
    <entry id="59" name="cpd:C00025" type="compound"
        link="https://www.kegg.jp/dbget-bin/www_bget?C00025">
        <graphics name="C00025" fgcolor="#000000" bgcolor="#FFFFFF"
             type="circle" x="407" y="536" width="8" height="8"/>
    </entry>
    <entry id="61" name="mmu:14683" type="gene"
        link="https://www.kegg.jp/dbget-bin/www_bget?mmu:14683">
        <graphics name="Gnas, 5530400H20Rik, A930027G11Rik, C130027O20Rik, GPSA, GSP, Galphas, Gnas1, Gnasxl, Gs-alpha, Gsa, Nesp, Nesp55, Nespl, Oed-Sml, Oedsml, P1, P2, P3, PHP1A, PHP1B, POH, SCG6" fgcolor="#000000" bgcolor="#BFFFBF"
             type="rectangle" x="867" y="712" width="46" height="17"/>
    </entry>
    <entry id="62" name="mmu:104110 mmu:104111 mmu:11512 mmu:11513 mmu:11514 mmu:11515 mmu:210044 mmu:224129 mmu:432530" type="gene"
        link="https://www.kegg.jp/dbget-bin/www_bget?mmu:104110+mmu:104111+mmu:11512+mmu:11513+mmu:11514+mmu:11515+mmu:210044+mmu:224129+mmu:432530">
        <graphics name="Adcy4, mKIAA4004..." fgcolor="#000000" bgcolor="#BFFFBF"
             type="rectangle" x="945" y="712" width="46" height="17"/>
    </entry>
    <entry id="63" name="mmu:18747 mmu:18749" type="gene"
        link="https://www.kegg.jp/dbget-bin/www_bget?mmu:18747+mmu:18749">
        <graphics name="Prkaca, PKCD, Pkaca..." fgcolor="#000000" bgcolor="#BFFFBF"
             type="rectangle" x="1058" y="712" width="46" height="17"/>
    </entry>
    <entry id="64" name="mmu:14682" type="gene"
        link="https://www.kegg.jp/dbget-bin/www_bget?mmu:14682">
        <graphics name="Gnaq, 1110005L02Rik, 6230401I02Rik, Dsk1, Dsk10, Galphaq, Gq, GqI" fgcolor="#000000" bgcolor="#BFFFBF"
             type="rectangle" x="918" y="668" width="46" height="17"/>
    </entry>
    <entry id="65" name="mmu:18795 mmu:18796 mmu:18797 mmu:18798" type="gene"
        link="https://www.kegg.jp/dbget-bin/www_bget?mmu:18795+mmu:18796+mmu:18797+mmu:18798">
        <graphics name="Plcb1, 3110043I21Rik, Plcb, mKIAA0581..." fgcolor="#000000" bgcolor="#BFFFBF"
             type="rectangle" x="992" y="668" width="46" height="17"/>
    </entry>
    <entry id="66" name="cpd:C00076 cpd:C01330" type="compound"
        link="https://www.kegg.jp/dbget-bin/www_bget?C00076+C01330">
        <graphics name="C00076..." fgcolor="#000000" bgcolor="#FFFFFF"
             type="circle" x="728" y="533" width="8" height="8"/>
    </entry>
    <entry id="67" name="cpd:C00064" type="compound"
        link="https://www.kegg.jp/dbget-bin/www_bget?C00064">
        <graphics name="C00064" fgcolor="#000000" bgcolor="#FFFFFF"
             type="circle" x="1002" y="711" width="8" height="8"/>
    </entry>
    <entry id="74" name="cpd:C01245" type="compound"
        link="https://www.kegg.jp/dbget-bin/www_bget?C01245">
        <graphics name="C01245" fgcolor="#000000" bgcolor="#FFFFFF"
             type="circle" x="1051" y="627" width="8" height="8"/>
    </entry>
    <entry id="75" name="cpd:C00165" type="compound"
        link="https://www.kegg.jp/dbget-bin/www_bget?C00165">
        <graphics name="C00165" fgcolor="#000000" bgcolor="#FFFFFF"
             type="circle" x="1046" y="668" width="8" height="8"/>
    </entry>
    <entry id="78" name="mmu:16438 mmu:16439 mmu:16440" type="gene"
        link="https://www.kegg.jp/dbget-bin/www_bget?mmu:16438+mmu:16439+mmu:16440">
        <graphics name="Itpr1, D6Pas2, Gm10429, IP3R_1, IP3R1, InsP3R, Ip3r, Itpr-1, P400, Pcp-1, Pcp1, insP3R1, opt, wblo..." fgcolor="#000000" bgcolor="#BFFFBF"
             type="rectangle" x="1102" y="580" width="46" height="17"/>
    </entry>
    <entry id="80" name="cpd:C00076" type="compound"
        link="https://www.kegg.jp/dbget-bin/www_bget?C00076">
        <graphics name="C00076" fgcolor="#000000" bgcolor="#FFFFFF"
             type="circle" x="1102" y="615" width="8" height="8"/>
    </entry>
    <entry id="81" name="mmu:18750 mmu:18751 mmu:18752" type="gene"
        link="https://www.kegg.jp/dbget-bin/www_bget?mmu:18750+mmu:18751+mmu:18752">
        <graphics name="Prkca, Pkca..." fgcolor="#000000" bgcolor="#BFFFBF"
             type="rectangle" x="1102" y="668" width="46" height="17"/>
    </entry>
    <entry id="83" name="mmu:22063" type="gene"
        link="https://www.kegg.jp/dbget-bin/www_bget?mmu:22063">
        <graphics name="Trpc1, Mtrp1, Trp1, Trrp1" fgcolor="#000000" bgcolor="#BFFFBF"
             type="rectangle" x="774" y="601" width="46" height="17"/>
    </entry>
    <entry id="84" name="cpd:C00076" type="compound"
        link="https://www.kegg.jp/dbget-bin/www_bget?C00076">
        <graphics name="C00076" fgcolor="#000000" bgcolor="#FFFFFF"
             type="circle" x="726" y="600" width="8" height="8"/>
    </entry>
    <entry id="85" name="cpd:C01330 cpd:C00076" type="compound"
        link="https://www.kegg.jp/dbget-bin/www_bget?C01330+C00076">
        <graphics name="C01330..." fgcolor="#000000" bgcolor="#FFFFFF"
             type="circle" x="730" y="404" width="8" height="8"/>
    </entry>
    <entry id="86" name="cpd:C01330" type="compound"
        link="https://www.kegg.jp/dbget-bin/www_bget?C01330">
        <graphics name="C01330" fgcolor="#000000" bgcolor="#FFFFFF"
             type="circle" x="727" y="479" width="8" height="8"/>
    </entry>
    <entry id="87" name="cpd:C00025" type="compound"
        link="https://www.kegg.jp/dbget-bin/www_bget?C00025">
        <graphics name="C00025" fgcolor="#000000" bgcolor="#FFFFFF"
             type="circle" x="858" y="277" width="8" height="8"/>
    </entry>
    <entry id="88" name="cpd:C00076" type="compound"
        link="https://www.kegg.jp/dbget-bin/www_bget?C00076">
        <graphics name="C00076" fgcolor="#000000" bgcolor="#FFFFFF"
             type="circle" x="921" y="277" width="8" height="8"/>
    </entry>
    <entry id="89" name="path:mmu04720" type="map"
        link="https://www.kegg.jp/dbget-bin/www_bget?mmu04720">
        <graphics name="Long-term potentiation" fgcolor="#000000" bgcolor="#FFFFFF"
             type="roundrectangle" x="955" y="423" width="92" height="34"/>
    </entry>
    <entry id="90" name="mmu:100503710 mmu:14677 mmu:14678 mmu:14679 mmu:14681 mmu:14688 mmu:14693 mmu:14695 mmu:14696 mmu:14697 mmu:14699 mmu:14700 mmu:14701 mmu:14702 mmu:14704 mmu:14706 mmu:14707 mmu:14708 mmu:14709 mmu:14710 mmu:64337 mmu:66066" type="gene"
        link="https://www.kegg.jp/dbget-bin/www_bget?mmu:100503710+mmu:14677+mmu:14678+mmu:14679+mmu:14681+mmu:14688+mmu:14693+mmu:14695+mmu:14696+mmu:14697+mmu:14699+mmu:14700+mmu:14701+mmu:14702+mmu:14704+mmu:14706+mmu:14707+mmu:14708+mmu:14709+mmu:14710+mmu:64337+mmu:66066">
        <graphics name="Gng14, EG436049, Gm5741..." fgcolor="#000000" bgcolor="#BFFFBF"
             type="rectangle" x="492" y="374" width="46" height="17"/>
    </entry>
    <entry id="91" name="mmu:18747 mmu:18749" type="gene"
        link="https://www.kegg.jp/dbget-bin/www_bget?mmu:18747+mmu:18749">
        <graphics name="Prkaca, PKCD, Pkaca..." fgcolor="#000000" bgcolor="#BFFFBF"
             type="rectangle" x="495" y="530" width="46" height="17"/>
    </entry>
    <entry id="92" name="cpd:C00575" type="compound"
        link="https://www.kegg.jp/dbget-bin/www_bget?C00575">
        <graphics name="C00575" fgcolor="#000000" bgcolor="#FFFFFF"
             type="circle" x="457" y="490" width="8" height="8"/>
    </entry>
    <entry id="97" name="mmu:19055 mmu:19056 mmu:19057 mmu:19058 mmu:19059" type="gene"
        link="https://www.kegg.jp/dbget-bin/www_bget?mmu:19055+mmu:19056+mmu:19057+mmu:19058+mmu:19059">
        <graphics name="Ppp3ca, 2900074D19Rik, CN, Caln, Calna, CnA..." fgcolor="#000000" bgcolor="#BFFFBF"
             type="rectangle" x="1008" y="535" width="46" height="17"/>
    </entry>
    <entry id="100" name="mmu:14660 mmu:216456" type="gene"
        link="https://www.kegg.jp/dbget-bin/www_bget?mmu:14660+mmu:216456">
        <graphics name="Gls, 6330442B14, B230365M23Rik..." fgcolor="#000000" bgcolor="#BFFFBF"
             type="rectangle" x="164" y="525" width="46" height="17"/>
    </entry>
    <entry id="101" name="mmu:14645" type="gene"
        link="https://www.kegg.jp/dbget-bin/www_bget?mmu:14645">
        <graphics name="Glul, GS, Glns" fgcolor="#000000" bgcolor="#BFFFBF"
             type="rectangle" x="569" y="85" width="46" height="17"/>
    </entry>
    <entry id="103" name="mmu:20511 mmu:242607" type="gene"
        link="https://www.kegg.jp/dbget-bin/www_bget?mmu:20511+mmu:242607">
        <graphics name="Slc1a2, 1700091C19Rik, 2900019G14Rik, Eaat2, GLT-1, GLT1, MGLT1..." fgcolor="#000000" bgcolor="#BFFFBF"
             type="rectangle" x="623" y="767" width="46" height="17"/>
    </entry>
    <entry id="104" name="cpd:C00025" type="compound"
        link="https://www.kegg.jp/dbget-bin/www_bget?C00025">
        <graphics name="C00025" fgcolor="#000000" bgcolor="#FFFFFF"
             type="circle" x="680" y="767" width="8" height="8"/>
    </entry>
    <entry id="108" name="mmu:110355 mmu:320129" type="gene"
        link="https://www.kegg.jp/dbget-bin/www_bget?mmu:110355+mmu:320129">
        <graphics name="Grk2, Adrbk-1, Adrbk1, Bark-1, beta_ARK, betaARK1..." fgcolor="#000000" bgcolor="#BFFFBF"
             type="rectangle" x="392" y="394" width="46" height="17"/>
    </entry>
    <entry id="116" name="mmu:12286" type="gene"
        link="https://www.kegg.jp/dbget-bin/www_bget?mmu:12286">
        <graphics name="Cacna1a, APCA, BI, Caca1a, Cacnl1a4, Cav2.1, Ccha1a, EA2, FHM, HPCA, MHP, MHP1, SCA6, alpha1A, la, nmf352, rkr, smrl, tg" fgcolor="#000000" bgcolor="#BFFFBF"
             type="rectangle" x="623" y="512" width="46" height="17"/>
    </entry>
    <entry id="117" name="cpd:C00076" type="compound"
        link="https://www.kegg.jp/dbget-bin/www_bget?C00076">
        <graphics name="C00076" fgcolor="#000000" bgcolor="#FFFFFF"
             type="circle" x="667" y="511" width="8" height="8"/>
    </entry>
    <entry id="153" name="path:mmu00020" type="map"
        link="https://www.kegg.jp/dbget-bin/www_bget?mmu00020">
        <graphics name="Citrate cycle (TCA cycle)" fgcolor="#000000" bgcolor="#FFFFFF"
             type="roundrectangle" x="863" y="102" width="92" height="34"/>
    </entry>
    <entry id="158" name="mmu:14677 mmu:14678 mmu:14679 mmu:14681" type="gene"
        link="https://www.kegg.jp/dbget-bin/www_bget?mmu:14677+mmu:14678+mmu:14679+mmu:14681">
        <graphics name="Gnai1, Gialpha1, Gnai-1, Hg1b..." fgcolor="#000000" bgcolor="#BFFFBF"
             type="rectangle" x="887" y="765" width="46" height="17"/>
    </entry>
    <entry id="160" name="cpd:C00025" type="compound"
        link="https://www.kegg.jp/dbget-bin/www_bget?C00025">
        <graphics name="C00025" fgcolor="#000000" bgcolor="#FFFFFF"
             type="circle" x="638" y="630" width="8" height="8"/>
    </entry>
    <entry id="162" name="cpd:C00076" type="compound"
        link="https://www.kegg.jp/dbget-bin/www_bget?C00076">
        <graphics name="C00076" fgcolor="#000000" bgcolor="#FFFFFF"
             type="circle" x="666" y="454" width="8" height="8"/>
    </entry>
    <entry id="165" name="path:mmu04730" type="map"
        link="https://www.kegg.jp/dbget-bin/www_bget?mmu04730">
        <graphics name="Long-term depression" fgcolor="#000000" bgcolor="#FFFFFF"
             type="roundrectangle" x="1055" y="423" width="92" height="34"/>
    </entry>
    <entry id="166" name="cpd:C00064" type="compound"
        link="https://www.kegg.jp/dbget-bin/www_bget?C00064">
        <graphics name="C00064" fgcolor="#000000" bgcolor="#FFFFFF"
             type="circle" x="193" y="501" width="8" height="8"/>
    </entry>
    <entry id="167" name="cpd:C00025" type="compound"
        link="https://www.kegg.jp/dbget-bin/www_bget?C00025">
        <graphics name="C00025" fgcolor="#000000" bgcolor="#FFFFFF"
             type="circle" x="194" y="555" width="8" height="8"/>
    </entry>
    <entry id="171" name="mmu:16519" type="gene"
        link="https://www.kegg.jp/dbget-bin/www_bget?mmu:16519">
        <graphics name="Kcnj3, GIRK-1, GIRK1, Kcnf3, Kcnj1, Kir3.1" fgcolor="#000000" bgcolor="#BFFFBF"
             type="rectangle" x="623" y="410" width="46" height="17"/>
    </entry>
    <entry id="172" name="mmu:108073" type="gene"
        link="https://www.kegg.jp/dbget-bin/www_bget?mmu:108073">
        <graphics name="Grm7, 6330570A01Rik, C030018L03, E130018M02Rik, Gpr1g, Gprc1g, SMN2, Tg(SMN2)89Ahmb, mGluR7" fgcolor="#000000" bgcolor="#BFFFBF"
             type="rectangle" x="623" y="362" width="46" height="17"/>
    </entry>
    <entry id="174" name="mmu:14823 mmu:268934" type="gene"
        link="https://www.kegg.jp/dbget-bin/www_bget?mmu:14823+mmu:268934">
        <graphics name="Grm8, A230002O04, GluR8, Gprc1h, mGluR8..." fgcolor="#000000" bgcolor="#BFFFBF"
             type="rectangle" x="530" y="321" width="46" height="17"/>
    </entry>
    <entry id="184" name="cpd:C00238" type="compound"
        link="https://www.kegg.jp/dbget-bin/www_bget?C00238">
        <graphics name="C00238" fgcolor="#000000" bgcolor="#FFFFFF"
             type="circle" x="578" y="410" width="8" height="8"/>
    </entry>
    <entry id="193" name="mmu:108069" type="gene"
        link="https://www.kegg.jp/dbget-bin/www_bget?mmu:108069">
        <graphics name="Grm3, 0710001G23Rik, Gprc1c, mGlu3, mGluR3" fgcolor="#000000" bgcolor="#BFFFBF"
             type="rectangle" x="541" y="219" width="46" height="17"/>
    </entry>
    <entry id="198" name="mmu:18783 mmu:211429 mmu:232889 mmu:271844 mmu:329502 mmu:78390" type="gene"
        link="https://www.kegg.jp/dbget-bin/www_bget?mmu:18783+mmu:211429+mmu:232889+mmu:271844+mmu:329502+mmu:78390">
        <graphics name="Pla2g4a, Pla2g4, cPLA2, cPLA2-alpha, cPLA2alpha..." fgcolor="#000000" bgcolor="#BFFFBF"
             type="rectangle" x="1177" y="633" width="46" height="17"/>
    </entry>
    <entry id="199" name="mmu:18805 mmu:18806" type="gene"
        link="https://www.kegg.jp/dbget-bin/www_bget?mmu:18805+mmu:18806">
        <graphics name="Pld1, Pld1a, Pld1b, mPLD1..." fgcolor="#000000" bgcolor="#BFFFBF"
             type="rectangle" x="1177" y="668" width="46" height="17"/>
    </entry>
    <entry id="202" name="mmu:26413 mmu:26417" type="gene"
        link="https://www.kegg.jp/dbget-bin/www_bget?mmu:26413+mmu:26417">
        <graphics name="Mapk1, 9030612K14Rik, ERK, Erk2, MAPK2, PRKM2, Prkm1, p41mapk, p42mapk..." fgcolor="#000000" bgcolor="#BFFFBF"
             type="rectangle" x="1177" y="702" width="46" height="17"/>
    </entry>
    <entry id="205" name="mmu:26556 mmu:26557 mmu:26558" type="gene"
        link="https://www.kegg.jp/dbget-bin/www_bget?mmu:26556+mmu:26557+mmu:26558">
        <graphics name="Homer1, PSD-Zip45, SYN47, Ves-1, homer-1, vesl-1..." fgcolor="#000000" bgcolor="#BFFFBF"
             type="rectangle" x="978" y="624" width="46" height="17"/>
    </entry>
    <entry id="206" name="mmu:26556 mmu:26557 mmu:26558" type="gene"
        link="https://www.kegg.jp/dbget-bin/www_bget?mmu:26556+mmu:26557+mmu:26558">
        <graphics name="Homer1, PSD-Zip45, SYN47, Ves-1, homer-1, vesl-1..." fgcolor="#000000" bgcolor="#BFFFBF"
             type="rectangle" x="1003" y="607" width="46" height="17"/>
    </entry>
    <entry id="209" name="mmu:13385" type="gene"
        link="https://www.kegg.jp/dbget-bin/www_bget?mmu:13385">
        <graphics name="Dlg4, Dlgh4, PSD-95, PSD95, SAP90, SAP90A" fgcolor="#000000" bgcolor="#BFFFBF"
             type="rectangle" x="842" y="554" width="46" height="17"/>
    </entry>
    <entry id="210" name="mmu:224997" type="gene"
        link="https://www.kegg.jp/dbget-bin/www_bget?mmu:224997">
        <graphics name="Dlgap1, 4933422O14Rik, 9630002F18, D17Bwg0511e, GKAP/SAPAP, GKPA/SAPAP, Gkap, Sapap1, mKIAA4162" fgcolor="#000000" bgcolor="#BFFFBF"
             type="rectangle" x="866" y="571" width="46" height="17"/>
    </entry>
    <entry id="211" name="mmu:210274 mmu:243961 mmu:58234" type="gene"
        link="https://www.kegg.jp/dbget-bin/www_bget?mmu:210274+mmu:243961+mmu:58234">
        <graphics name="Shank2, ProSAP1, mKIAA1022..." fgcolor="#000000" bgcolor="#BFFFBF"
             type="rectangle" x="879" y="588" width="46" height="17"/>
    </entry>
    <entry id="212" name="mmu:26556 mmu:26557 mmu:26558" type="gene"
        link="https://www.kegg.jp/dbget-bin/www_bget?mmu:26556+mmu:26557+mmu:26558">
        <graphics name="Homer1, PSD-Zip45, SYN47, Ves-1, homer-1, vesl-1..." fgcolor="#000000" bgcolor="#BFFFBF"
             type="rectangle" x="850" y="635" width="46" height="17"/>
    </entry>
    <entry id="213" name="mmu:26556 mmu:26557 mmu:26558" type="gene"
        link="https://www.kegg.jp/dbget-bin/www_bget?mmu:26556+mmu:26557+mmu:26558">
        <graphics name="Homer1, PSD-Zip45, SYN47, Ves-1, homer-1, vesl-1..." fgcolor="#000000" bgcolor="#BFFFBF"
             type="rectangle" x="868" y="618" width="46" height="17"/>
    </entry>
    <entry id="217" name="path:mmu04721" type="map"
        link="https://www.kegg.jp/dbget-bin/www_bget?mmu04721">
        <graphics name="Synaptic vesicle cycle" fgcolor="#000000" bgcolor="#FFFFFF"
             type="roundrectangle" x="440" y="627" width="100" height="34"/>
    </entry>
    <entry id="220" name="path:mmu04020" type="map"
        link="https://www.kegg.jp/dbget-bin/www_bget?mmu04020">
        <graphics name="Calcium signaling pathway" fgcolor="#000000" bgcolor="#FFFFFF"
             type="roundrectangle" x="1220" y="549" width="104" height="34"/>
    </entry>
    <entry id="227" name="mmu:241638" type="gene"
        link="https://www.kegg.jp/dbget-bin/www_bget?mmu:241638">
        <graphics name="Lzts3, Prosapip1" fgcolor="#000000" bgcolor="#BFFFBF"
             type="rectangle" x="929" y="567" width="46" height="17"/>
    </entry>
    <relation entry1="160" entry2="44" type="PCrel">
        <subtype name="activation" value="--&gt;"/>
    </relation>
    <relation entry1="160" entry2="193" type="PCrel">
        <subtype name="activation" value="--&gt;"/>
    </relation>
    <relation entry1="160" entry2="174" type="PCrel">
        <subtype name="activation" value="--&gt;"/>
    </relation>
    <relation entry1="160" entry2="45" type="PCrel">
        <subtype name="activation" value="--&gt;"/>
    </relation>
    <relation entry1="160" entry2="29" type="PCrel">
        <subtype name="activation" value="--&gt;"/>
    </relation>
    <relation entry1="160" entry2="30" type="PCrel">
        <subtype name="activation" value="--&gt;"/>
    </relation>
    <relation entry1="160" entry2="31" type="PCrel">
        <subtype name="activation" value="--&gt;"/>
    </relation>
    <relation entry1="160" entry2="32" type="PCrel">
        <subtype name="activation" value="--&gt;"/>
    </relation>
    <relation entry1="160" entry2="33" type="PCrel">
        <subtype name="activation" value="--&gt;"/>
    </relation>
    <relation entry1="160" entry2="34" type="PCrel">
        <subtype name="activation" value="--&gt;"/>
    </relation>
    <relation entry1="160" entry2="28" type="PCrel">
        <subtype name="activation" value="--&gt;"/>
    </relation>
    <relation entry1="45" entry2="90" type="PCrel">
        <subtype name="activation" value="--&gt;"/>
    </relation>
    <relation entry1="174" entry2="90" type="PCrel">
        <subtype name="activation" value="--&gt;"/>
    </relation>
    <relation entry1="172" entry2="90" type="PCrel">
        <subtype name="activation" value="--&gt;"/>
    </relation>
    <relation entry1="90" entry2="171" type="PCrel">
        <subtype name="activation" value="--&gt;"/>
    </relation>
    <relation entry1="46" entry2="92" type="PCrel">
        <subtype name="activation" value="--&gt;"/>
    </relation>
    <relation entry1="92" entry2="91" type="PCrel">
        <subtype name="activation" value="--&gt;"/>
    </relation>
    <relation entry1="45" entry2="108" type="PCrel">
        <subtype name="activation" value="--&gt;"/>
    </relation>
    <relation entry1="32" entry2="31" type="PCrel">
        <subtype name="activation" value="--&gt;"/>
    </relation>
    <relation entry1="32" entry2="83" type="PCrel">
        <subtype name="activation" value="--&gt;"/>
    </relation>
    <relation entry1="97" entry2="32" type="PCrel">
        <subtype name="activation" value="--&gt;"/>
    </relation>
    <relation entry1="32" entry2="64" type="PCrel">
        <subtype name="activation" value="--&gt;"/>
    </relation>
    <relation entry1="64" entry2="65" type="PCrel">
        <subtype name="activation" value="--&gt;"/>
    </relation>
    <relation entry1="65" entry2="74" type="PCrel">
        <subtype name="activation" value="--&gt;"/>
    </relation>
    <relation entry1="74" entry2="78" type="PCrel">
        <subtype name="activation" value="--&gt;"/>
    </relation>
    <relation entry1="65" entry2="75" type="PCrel">
        <subtype name="activation" value="--&gt;"/>
    </relation>
    <relation entry1="75" entry2="81" type="PCrel">
        <subtype name="activation" value="--&gt;"/>
    </relation>
    <relation entry1="80" entry2="81" type="PCrel">
        <subtype name="activation" value="--&gt;"/>
    </relation>
    <relation entry1="81" entry2="198" type="PCrel">
        <subtype name="activation" value="--&gt;"/>
    </relation>
    <relation entry1="81" entry2="199" type="PCrel">
        <subtype name="activation" value="--&gt;"/>
    </relation>
    <relation entry1="81" entry2="202" type="PCrel">
        <subtype name="activation" value="--&gt;"/>
    </relation>
    <relation entry1="32" entry2="61" type="PCrel">
        <subtype name="activation" value="--&gt;"/>
    </relation>
    <relation entry1="61" entry2="62" type="PCrel">
        <subtype name="activation" value="--&gt;"/>
    </relation>
    <relation entry1="62" entry2="67" type="PCrel">
        <subtype name="activation" value="--&gt;"/>
    </relation>
    <relation entry1="67" entry2="63" type="PCrel">
        <subtype name="activation" value="--&gt;"/>
    </relation>
    <relation entry1="33" entry2="158" type="PCrel">
        <subtype name="activation" value="--&gt;"/>
    </relation>
    <relation entry1="34" entry2="158" type="PCrel">
        <subtype name="activation" value="--&gt;"/>
    </relation>
    <relation entry1="28" entry2="158" type="PCrel">
        <subtype name="activation" value="--&gt;"/>
    </relation>
    <relation entry1="90" entry2="46" type="PCrel">
        <subtype name="inhibition" value="--|"/>
    </relation>
    <relation entry1="90" entry2="116" type="PCrel">
        <subtype name="inhibition" value="--|"/>
    </relation>
    <relation entry1="171" entry2="116" type="PCrel">
        <subtype name="inhibition" value="--|"/>
    </relation>
    <relation entry1="158" entry2="62" type="PCrel">
        <subtype name="inhibition" value="--|"/>
    </relation>
    <relation entry1="31" entry2="209" type="PCrel">
        <subtype name="binding/association" value="---"/>
    </relation>
    <relation entry1="209" entry2="210" type="PCrel">
        <subtype name="binding/association" value="---"/>
    </relation>
    <relation entry1="210" entry2="211" type="PCrel">
        <subtype name="binding/association" value="---"/>
    </relation>
    <relation entry1="211" entry2="213" type="PCrel">
        <subtype name="binding/association" value="---"/>
    </relation>
    <relation entry1="213" entry2="212" type="PCrel">
        <subtype name="binding/association" value="---"/>
    </relation>
    <relation entry1="212" entry2="32" type="PCrel">
        <subtype name="binding/association" value="---"/>
    </relation>
    <relation entry1="32" entry2="205" type="PCrel">
        <subtype name="binding/association" value="---"/>
    </relation>
    <relation entry1="205" entry2="206" type="PCrel">
        <subtype name="binding/association" value="---"/>
    </relation>
    <relation entry1="206" entry2="78" type="PCrel">
        <subtype name="binding/association" value="---"/>
    </relation>
    <relation entry1="227" entry2="211" type="PPrel">
        <subtype name="binding/association" value="---"/>
    </relation>
</pathway>
