<?xml version="1.0"?>
<!DOCTYPE pathway SYSTEM "https://www.kegg.jp/kegg/xml/KGML_v0.7.2_.dtd">
<!-- Creation date: Oct 23, 2015 10:36:17 +0900 (GMT+9) -->
<pathway name="path:mmu05032" org="mmu" number="05032"
         title="Morphine addiction"
         image="https://www.kegg.jp/kegg/pathway/mmu/mmu05032.png"
         link="https://www.kegg.jp/kegg-bin/show_pathway?mmu05032">
    <entry id="49" name="path:mmu05032" type="map"
        link="https://www.kegg.jp/dbget-bin/www_bget?mmu05032">
        <graphics name="TITLE:Morphine addiction" fgcolor="#000000" bgcolor="#FFFFFF"
             type="roundrectangle" x="137" y="58" width="194" height="25"/>
    </entry>
    <entry id="53" name="mmu:18390" type="gene"
        link="https://www.kegg.jp/dbget-bin/www_bget?mmu:18390">
        <graphics name="Oprm1, M-OR-1, MOP-R, MOR-1, MOR-1O, Oprm, mor, muOR" fgcolor="#000000" bgcolor="#BFFFBF"
             type="rectangle" x="364" y="114" width="46" height="17"/>
    </entry>
    <entry id="63" name="path:mmu04727" type="map"
        link="https://www.kegg.jp/dbget-bin/www_bget?mmu04727">
        <graphics name="GABAergic synapse" fgcolor="#000000" bgcolor="#FFFFFF"
             type="roundrectangle" x="185" y="253" width="106" height="34"/>
    </entry>
    <entry id="74" name="mmu:104110 mmu:104111 mmu:11512 mmu:11513 mmu:11514 mmu:11515 mmu:210044 mmu:224129 mmu:432530" type="gene"
        link="https://www.kegg.jp/dbget-bin/www_bget?mmu:104110+mmu:104111+mmu:11512+mmu:11513+mmu:11514+mmu:11515+mmu:210044+mmu:224129+mmu:432530">
        <graphics name="Adcy4, mKIAA4004..." fgcolor="#000000" bgcolor="#BFFFBF"
             type="rectangle" x="458" y="571" width="46" height="17"/>
    </entry>
    <entry id="76" name="cpd:C00575" type="compound"
        link="https://www.kegg.jp/dbget-bin/www_bget?C00575">
        <graphics name="C00575" fgcolor="#000000" bgcolor="#FFFFFF"
             type="circle" x="1170" y="564" width="8" height="8"/>
    </entry>
    <entry id="77" name="cpd:C00575" type="compound"
        link="https://www.kegg.jp/dbget-bin/www_bget?C00575">
        <graphics name="C00575" fgcolor="#000000" bgcolor="#FFFFFF"
             type="circle" x="403" y="575" width="8" height="8"/>
    </entry>
    <entry id="78" name="mmu:18390" type="gene"
        link="https://www.kegg.jp/dbget-bin/www_bget?mmu:18390">
        <graphics name="Oprm1, M-OR-1, MOP-R, MOR-1, MOR-1O, Oprm, mor, muOR" fgcolor="#000000" bgcolor="#BFFFBF"
             type="rectangle" x="365" y="474" width="46" height="17"/>
    </entry>
    <entry id="80" name="mmu:104110 mmu:104111 mmu:11512 mmu:11513 mmu:11514 mmu:11515 mmu:210044 mmu:224129 mmu:432530" type="gene"
        link="https://www.kegg.jp/dbget-bin/www_bget?mmu:104110+mmu:104111+mmu:11512+mmu:11513+mmu:11514+mmu:11515+mmu:210044+mmu:224129+mmu:432530">
        <graphics name="Adcy4, mKIAA4004..." fgcolor="#000000" bgcolor="#BFFFBF"
             type="rectangle" x="458" y="205" width="46" height="17"/>
    </entry>
    <entry id="87" name="cpd:C00334" type="compound"
        link="https://www.kegg.jp/dbget-bin/www_bget?C00334">
        <graphics name="C00334" fgcolor="#000000" bgcolor="#FFFFFF"
             type="circle" x="480" y="254" width="8" height="8"/>
    </entry>
    <entry id="91" name="cpd:C00334" type="compound"
        link="https://www.kegg.jp/dbget-bin/www_bget?C00334">
        <graphics name="C00334" fgcolor="#000000" bgcolor="#FFFFFF"
             type="circle" x="481" y="642" width="8" height="8"/>
    </entry>
    <entry id="94" name="cpd:C00334" type="compound"
        link="https://www.kegg.jp/dbget-bin/www_bget?C00334">
        <graphics name="C00334" fgcolor="#000000" bgcolor="#FFFFFF"
             type="circle" x="482" y="1025" width="8" height="8"/>
    </entry>
    <entry id="95" name="mmu:18390" type="gene"
        link="https://www.kegg.jp/dbget-bin/www_bget?mmu:18390">
        <graphics name="Oprm1, M-OR-1, MOP-R, MOR-1, MOR-1O, Oprm, mor, muOR" fgcolor="#000000" bgcolor="#BFFFBF"
             type="rectangle" x="358" y="830" width="46" height="17"/>
    </entry>
    <entry id="96" name="mmu:18747 mmu:18749" type="gene"
        link="https://www.kegg.jp/dbget-bin/www_bget?mmu:18747+mmu:18749">
        <graphics name="Prkaca, PKCD, Pkaca..." fgcolor="#000000" bgcolor="#BFFFBF"
             type="rectangle" x="1170" y="614" width="46" height="17"/>
    </entry>
    <entry id="97" name="mmu:104110 mmu:104111 mmu:11512 mmu:11513 mmu:11514 mmu:11515 mmu:210044 mmu:224129 mmu:432530" type="gene"
        link="https://www.kegg.jp/dbget-bin/www_bget?mmu:104110+mmu:104111+mmu:11512+mmu:11513+mmu:11514+mmu:11515+mmu:210044+mmu:224129+mmu:432530">
        <graphics name="Adcy4, mKIAA4004..." fgcolor="#000000" bgcolor="#BFFFBF"
             type="rectangle" x="1237" y="565" width="46" height="17"/>
    </entry>
    <entry id="127" name="dr:D00842 dr:D02271 dr:D08233 dr:D08234" type="compound"
        link="https://www.kegg.jp/dbget-bin/www_bget?D00842+D02271+D08233+D08234">
        <graphics name="D00842..." fgcolor="#000000" bgcolor="#FFFFFF"
             type="circle" x="326" y="428" width="8" height="8"/>
    </entry>
    <entry id="138" name="cpd:C00238" type="compound"
        link="https://www.kegg.jp/dbget-bin/www_bget?C00238">
        <graphics name="C00238" fgcolor="#000000" bgcolor="#FFFFFF"
             type="circle" x="366" y="355" width="8" height="8"/>
    </entry>
    <entry id="139" name="cpd:C00076" type="compound"
        link="https://www.kegg.jp/dbget-bin/www_bget?C00076">
        <graphics name="C00076" fgcolor="#000000" bgcolor="#FFFFFF"
             type="circle" x="424" y="436" width="8" height="8"/>
    </entry>
    <entry id="140" name="cpd:C00238" type="compound"
        link="https://www.kegg.jp/dbget-bin/www_bget?C00238">
        <graphics name="C00238" fgcolor="#000000" bgcolor="#FFFFFF"
             type="circle" x="376" y="718" width="8" height="8"/>
    </entry>
    <entry id="141" name="cpd:C00076" type="compound"
        link="https://www.kegg.jp/dbget-bin/www_bget?C00076">
        <graphics name="C00076" fgcolor="#000000" bgcolor="#FFFFFF"
             type="circle" x="425" y="795" width="8" height="8"/>
    </entry>
    <entry id="142" name="cpd:C00238" type="compound"
        link="https://www.kegg.jp/dbget-bin/www_bget?C00238">
        <graphics name="C00238" fgcolor="#000000" bgcolor="#FFFFFF"
             type="circle" x="359" y="1077" width="8" height="8"/>
    </entry>
    <entry id="143" name="cpd:C00076" type="compound"
        link="https://www.kegg.jp/dbget-bin/www_bget?C00076">
        <graphics name="C00076" fgcolor="#000000" bgcolor="#FFFFFF"
             type="circle" x="415" y="1157" width="8" height="8"/>
    </entry>
    <entry id="167" name="mmu:100503710 mmu:14677 mmu:14678 mmu:14679 mmu:14681 mmu:14688 mmu:14693 mmu:14695 mmu:14696 mmu:14697 mmu:14699 mmu:14700 mmu:14701 mmu:14702 mmu:14704 mmu:14706 mmu:14707 mmu:14708 mmu:14709 mmu:14710 mmu:64337 mmu:66066" type="gene"
        link="https://www.kegg.jp/dbget-bin/www_bget?mmu:100503710+mmu:14677+mmu:14678+mmu:14679+mmu:14681+mmu:14688+mmu:14693+mmu:14695+mmu:14696+mmu:14697+mmu:14699+mmu:14700+mmu:14701+mmu:14702+mmu:14704+mmu:14706+mmu:14707+mmu:14708+mmu:14709+mmu:14710+mmu:64337+mmu:66066">
        <graphics name="Gng14, EG436049, Gm5741..." fgcolor="#000000" bgcolor="#BFFFBF"
             type="rectangle" x="350" y="525" width="46" height="17"/>
    </entry>
    <entry id="182" name="mmu:18390" type="gene"
        link="https://www.kegg.jp/dbget-bin/www_bget?mmu:18390">
        <graphics name="Oprm1, M-OR-1, MOP-R, MOR-1, MOR-1O, Oprm, mor, muOR" fgcolor="#000000" bgcolor="#BFFFBF"
             type="rectangle" x="1145" y="830" width="46" height="17"/>
    </entry>
    <entry id="183" name="mmu:104110 mmu:104111 mmu:11512 mmu:11513 mmu:11514 mmu:11515 mmu:210044 mmu:224129 mmu:432530" type="gene"
        link="https://www.kegg.jp/dbget-bin/www_bget?mmu:104110+mmu:104111+mmu:11512+mmu:11513+mmu:11514+mmu:11515+mmu:210044+mmu:224129+mmu:432530">
        <graphics name="Adcy4, mKIAA4004..." fgcolor="#000000" bgcolor="#BFFFBF"
             type="rectangle" x="1237" y="901" width="46" height="17"/>
    </entry>
    <entry id="201" name="cpd:C00575" type="compound"
        link="https://www.kegg.jp/dbget-bin/www_bget?C00575">
        <graphics name="C00575" fgcolor="#000000" bgcolor="#FFFFFF"
             type="circle" x="1169" y="902" width="8" height="8"/>
    </entry>
    <entry id="202" name="cpd:C00334" type="compound"
        link="https://www.kegg.jp/dbget-bin/www_bget?C00334">
        <graphics name="C00334" fgcolor="#000000" bgcolor="#FFFFFF"
             type="circle" x="1264" y="1034" width="8" height="8"/>
    </entry>
    <entry id="205" name="cpd:C00020" type="compound"
        link="https://www.kegg.jp/dbget-bin/www_bget?C00020">
        <graphics name="C00020" fgcolor="#000000" bgcolor="#FFFFFF"
             type="circle" x="1346" y="941" width="8" height="8"/>
    </entry>
    <entry id="206" name="cpd:C00212" type="compound"
        link="https://www.kegg.jp/dbget-bin/www_bget?C00212">
        <graphics name="C00212" fgcolor="#000000" bgcolor="#FFFFFF"
             type="circle" x="1346" y="986" width="8" height="8"/>
    </entry>
    <entry id="208" name="mmu:110385 mmu:18573 mmu:18574 mmu:18575 mmu:18576 mmu:18577 mmu:18578 mmu:18583 mmu:18584 mmu:207728 mmu:218461 mmu:238871 mmu:23984 mmu:241489 mmu:29863 mmu:54611" type="gene"
        link="https://www.kegg.jp/dbget-bin/www_bget?mmu:110385+mmu:18573+mmu:18574+mmu:18575+mmu:18576+mmu:18577+mmu:18578+mmu:18583+mmu:18584+mmu:207728+mmu:218461+mmu:238871+mmu:23984+mmu:241489+mmu:29863+mmu:54611">
        <graphics name="Pde4c, Dpde1, E130301F19Rik, dunce..." fgcolor="#000000" bgcolor="#BFFFBF"
             type="rectangle" x="1310" y="959" width="46" height="17"/>
    </entry>
    <entry id="209" name="mmu:11539" type="gene"
        link="https://www.kegg.jp/dbget-bin/www_bget?mmu:11539">
        <graphics name="Adora1, A1-AR, A1AR, A1R, AA1R, ARA1, Ri" fgcolor="#000000" bgcolor="#BFFFBF"
             type="rectangle" x="1266" y="985" width="46" height="17"/>
    </entry>
    <entry id="214" name="mmu:110886 mmu:14394 mmu:14395 mmu:14396 mmu:14397 mmu:14399 mmu:14400 mmu:14401 mmu:14402 mmu:14403 mmu:14404 mmu:14405 mmu:14406 mmu:14407 mmu:14408 mmu:14409 mmu:216643 mmu:328699 mmu:57249" type="gene"
        link="https://www.kegg.jp/dbget-bin/www_bget?mmu:110886+mmu:14394+mmu:14395+mmu:14396+mmu:14397+mmu:14399+mmu:14400+mmu:14401+mmu:14402+mmu:14403+mmu:14404+mmu:14405+mmu:14406+mmu:14407+mmu:14408+mmu:14409+mmu:216643+mmu:328699+mmu:57249">
        <graphics name="Gabra5, A230018I05Rik..." fgcolor="#000000" bgcolor="#BFFFBF"
             type="rectangle" x="590" y="214" width="46" height="17"/>
    </entry>
    <entry id="215" name="mmu:110886 mmu:14394 mmu:14395 mmu:14396 mmu:14397 mmu:14399 mmu:14400 mmu:14401 mmu:14402 mmu:14403 mmu:14404 mmu:14405 mmu:14406 mmu:14407 mmu:14408 mmu:14409 mmu:216643 mmu:328699 mmu:57249" type="gene"
        link="https://www.kegg.jp/dbget-bin/www_bget?mmu:110886+mmu:14394+mmu:14395+mmu:14396+mmu:14397+mmu:14399+mmu:14400+mmu:14401+mmu:14402+mmu:14403+mmu:14404+mmu:14405+mmu:14406+mmu:14407+mmu:14408+mmu:14409+mmu:216643+mmu:328699+mmu:57249">
        <graphics name="Gabra5, A230018I05Rik..." fgcolor="#000000" bgcolor="#BFFFBF"
             type="rectangle" x="589" y="600" width="46" height="17"/>
    </entry>
    <entry id="216" name="mmu:110886 mmu:14394 mmu:14395 mmu:14396 mmu:14397 mmu:14399 mmu:14400 mmu:14401 mmu:14402 mmu:14403 mmu:14404 mmu:14405 mmu:14406 mmu:14407 mmu:14408 mmu:14409 mmu:216643 mmu:328699 mmu:57249" type="gene"
        link="https://www.kegg.jp/dbget-bin/www_bget?mmu:110886+mmu:14394+mmu:14395+mmu:14396+mmu:14397+mmu:14399+mmu:14400+mmu:14401+mmu:14402+mmu:14403+mmu:14404+mmu:14405+mmu:14406+mmu:14407+mmu:14408+mmu:14409+mmu:216643+mmu:328699+mmu:57249">
        <graphics name="Gabra5, A230018I05Rik..." fgcolor="#000000" bgcolor="#BFFFBF"
             type="rectangle" x="589" y="969" width="46" height="17"/>
    </entry>
    <entry id="217" name="mmu:110886 mmu:14394 mmu:14395 mmu:14396 mmu:14397 mmu:14399 mmu:14400 mmu:14401 mmu:14402 mmu:14403 mmu:14404 mmu:14405 mmu:14406 mmu:14407 mmu:14408 mmu:14409 mmu:216643 mmu:328699 mmu:57249" type="gene"
        link="https://www.kegg.jp/dbget-bin/www_bget?mmu:110886+mmu:14394+mmu:14395+mmu:14396+mmu:14397+mmu:14399+mmu:14400+mmu:14401+mmu:14402+mmu:14403+mmu:14404+mmu:14405+mmu:14406+mmu:14407+mmu:14408+mmu:14409+mmu:216643+mmu:328699+mmu:57249">
        <graphics name="Gabra5, A230018I05Rik..." fgcolor="#000000" bgcolor="#BFFFBF"
             type="rectangle" x="1377" y="1022" width="46" height="17"/>
    </entry>
    <entry id="265" name="mmu:16519 mmu:16521 mmu:16522 mmu:16524" type="gene"
        link="https://www.kegg.jp/dbget-bin/www_bget?mmu:16519+mmu:16521+mmu:16522+mmu:16524">
        <graphics name="Kcnj3, GIRK-1, GIRK1, Kcnf3, Kcnj1, Kir3.1..." fgcolor="#000000" bgcolor="#BFFFBF"
             type="rectangle" x="366" y="398" width="46" height="17"/>
    </entry>
    <entry id="266" name="mmu:12286 mmu:12287" type="gene"
        link="https://www.kegg.jp/dbget-bin/www_bget?mmu:12286+mmu:12287">
        <graphics name="Cacna1a, APCA, BI, Caca1a, Cacnl1a4, Cav2.1, Ccha1a, EA2, FHM, HPCA, MHP, MHP1, SCA6, alpha1A, la, nmf352, rkr, smrl, tg..." fgcolor="#000000" bgcolor="#BFFFBF"
             type="rectangle" x="425" y="398" width="46" height="17"/>
    </entry>
    <entry id="267" name="mmu:16519 mmu:16521 mmu:16522 mmu:16524" type="gene"
        link="https://www.kegg.jp/dbget-bin/www_bget?mmu:16519+mmu:16521+mmu:16522+mmu:16524">
        <graphics name="Kcnj3, GIRK-1, GIRK1, Kcnf3, Kcnj1, Kir3.1..." fgcolor="#000000" bgcolor="#BFFFBF"
             type="rectangle" x="373" y="757" width="46" height="17"/>
    </entry>
    <entry id="268" name="mmu:12286 mmu:12287" type="gene"
        link="https://www.kegg.jp/dbget-bin/www_bget?mmu:12286+mmu:12287">
        <graphics name="Cacna1a, APCA, BI, Caca1a, Cacnl1a4, Cav2.1, Ccha1a, EA2, FHM, HPCA, MHP, MHP1, SCA6, alpha1A, la, nmf352, rkr, smrl, tg..." fgcolor="#000000" bgcolor="#BFFFBF"
             type="rectangle" x="426" y="757" width="46" height="17"/>
    </entry>
    <entry id="269" name="mmu:16519 mmu:16521 mmu:16522 mmu:16524" type="gene"
        link="https://www.kegg.jp/dbget-bin/www_bget?mmu:16519+mmu:16521+mmu:16522+mmu:16524">
        <graphics name="Kcnj3, GIRK-1, GIRK1, Kcnf3, Kcnj1, Kir3.1..." fgcolor="#000000" bgcolor="#BFFFBF"
             type="rectangle" x="356" y="1114" width="46" height="17"/>
    </entry>
    <entry id="270" name="mmu:12286 mmu:12287" type="gene"
        link="https://www.kegg.jp/dbget-bin/www_bget?mmu:12286+mmu:12287">
        <graphics name="Cacna1a, APCA, BI, Caca1a, Cacnl1a4, Cav2.1, Ccha1a, EA2, FHM, HPCA, MHP, MHP1, SCA6, alpha1A, la, nmf352, rkr, smrl, tg..." fgcolor="#000000" bgcolor="#BFFFBF"
             type="rectangle" x="414" y="1114" width="46" height="17"/>
    </entry>
    <entry id="271" name="mmu:18390" type="gene"
        link="https://www.kegg.jp/dbget-bin/www_bget?mmu:18390">
        <graphics name="Oprm1, M-OR-1, MOP-R, MOR-1, MOR-1O, Oprm, mor, muOR" fgcolor="#000000" bgcolor="#BFFFBF"
             type="rectangle" x="1149" y="472" width="46" height="17"/>
    </entry>
    <entry id="272" name="mmu:16519 mmu:16521 mmu:16522 mmu:16524" type="gene"
        link="https://www.kegg.jp/dbget-bin/www_bget?mmu:16519+mmu:16521+mmu:16522+mmu:16524">
        <graphics name="Kcnj3, GIRK-1, GIRK1, Kcnf3, Kcnj1, Kir3.1..." fgcolor="#000000" bgcolor="#BFFFBF"
             type="rectangle" x="1158" y="756" width="46" height="17"/>
    </entry>
    <entry id="273" name="mmu:12286 mmu:12287" type="gene"
        link="https://www.kegg.jp/dbget-bin/www_bget?mmu:12286+mmu:12287">
        <graphics name="Cacna1a, APCA, BI, Caca1a, Cacnl1a4, Cav2.1, Ccha1a, EA2, FHM, HPCA, MHP, MHP1, SCA6, alpha1A, la, nmf352, rkr, smrl, tg..." fgcolor="#000000" bgcolor="#BFFFBF"
             type="rectangle" x="1210" y="756" width="46" height="17"/>
    </entry>
    <entry id="274" name="mmu:16519 mmu:16521 mmu:16522 mmu:16524" type="gene"
        link="https://www.kegg.jp/dbget-bin/www_bget?mmu:16519+mmu:16521+mmu:16522+mmu:16524">
        <graphics name="Kcnj3, GIRK-1, GIRK1, Kcnf3, Kcnj1, Kir3.1..." fgcolor="#000000" bgcolor="#BFFFBF"
             type="rectangle" x="1146" y="1112" width="46" height="17"/>
    </entry>
    <entry id="275" name="mmu:12286 mmu:12287" type="gene"
        link="https://www.kegg.jp/dbget-bin/www_bget?mmu:12286+mmu:12287">
        <graphics name="Cacna1a, APCA, BI, Caca1a, Cacnl1a4, Cav2.1, Ccha1a, EA2, FHM, HPCA, MHP, MHP1, SCA6, alpha1A, la, nmf352, rkr, smrl, tg..." fgcolor="#000000" bgcolor="#BFFFBF"
             type="rectangle" x="1201" y="1112" width="46" height="17"/>
    </entry>
    <entry id="278" name="dr:D00842 dr:D02271 dr:D08233 dr:D08234" type="compound"
        link="https://www.kegg.jp/dbget-bin/www_bget?D00842+D02271+D08233+D08234">
        <graphics name="D00842..." fgcolor="#000000" bgcolor="#FFFFFF"
             type="circle" x="321" y="783" width="8" height="8"/>
    </entry>
    <entry id="279" name="mmu:14683" type="gene"
        link="https://www.kegg.jp/dbget-bin/www_bget?mmu:14683">
        <graphics name="Gnas, 5530400H20Rik, A930027G11Rik, C130027O20Rik, GPSA, GSP, Galphas, Gnas1, Gnasxl, Gs-alpha, Gsa, Nesp, Nesp55, Nespl, Oed-Sml, Oedsml, P1, P2, P3, PHP1A, PHP1B, POH, SCG6" fgcolor="#000000" bgcolor="#BFFFBF"
             type="rectangle" x="418" y="524" width="46" height="17"/>
    </entry>
    <entry id="280" name="mmu:100503710 mmu:14677 mmu:14678 mmu:14679 mmu:14681 mmu:14688 mmu:14693 mmu:14695 mmu:14696 mmu:14697 mmu:14699 mmu:14700 mmu:14701 mmu:14702 mmu:14704 mmu:14706 mmu:14707 mmu:14708 mmu:14709 mmu:14710 mmu:64337 mmu:66066" type="gene"
        link="https://www.kegg.jp/dbget-bin/www_bget?mmu:100503710+mmu:14677+mmu:14678+mmu:14679+mmu:14681+mmu:14688+mmu:14693+mmu:14695+mmu:14696+mmu:14697+mmu:14699+mmu:14700+mmu:14701+mmu:14702+mmu:14704+mmu:14706+mmu:14707+mmu:14708+mmu:14709+mmu:14710+mmu:64337+mmu:66066">
        <graphics name="Gng14, EG436049, Gm5741..." fgcolor="#000000" bgcolor="#BFFFBF"
             type="rectangle" x="366" y="881" width="46" height="17"/>
    </entry>
    <entry id="281" name="mmu:14683" type="gene"
        link="https://www.kegg.jp/dbget-bin/www_bget?mmu:14683">
        <graphics name="Gnas, 5530400H20Rik, A930027G11Rik, C130027O20Rik, GPSA, GSP, Galphas, Gnas1, Gnasxl, Gs-alpha, Gsa, Nesp, Nesp55, Nespl, Oed-Sml, Oedsml, P1, P2, P3, PHP1A, PHP1B, POH, SCG6" fgcolor="#000000" bgcolor="#BFFFBF"
             type="rectangle" x="426" y="880" width="46" height="17"/>
    </entry>
    <entry id="282" name="mmu:18747 mmu:18749" type="gene"
        link="https://www.kegg.jp/dbget-bin/www_bget?mmu:18747+mmu:18749">
        <graphics name="Prkaca, PKCD, Pkaca..." fgcolor="#000000" bgcolor="#BFFFBF"
             type="rectangle" x="388" y="983" width="46" height="17"/>
    </entry>
    <entry id="283" name="mmu:104110 mmu:104111 mmu:11512 mmu:11513 mmu:11514 mmu:11515 mmu:210044 mmu:224129 mmu:432530" type="gene"
        link="https://www.kegg.jp/dbget-bin/www_bget?mmu:104110+mmu:104111+mmu:11512+mmu:11513+mmu:11514+mmu:11515+mmu:210044+mmu:224129+mmu:432530">
        <graphics name="Adcy4, mKIAA4004..." fgcolor="#000000" bgcolor="#BFFFBF"
             type="rectangle" x="453" y="926" width="46" height="17"/>
    </entry>
    <entry id="285" name="cpd:C00575" type="compound"
        link="https://www.kegg.jp/dbget-bin/www_bget?C00575">
        <graphics name="C00575" fgcolor="#000000" bgcolor="#FFFFFF"
             type="circle" x="422" y="952" width="8" height="8"/>
    </entry>
    <entry id="292" name="mmu:18750 mmu:18751 mmu:18752" type="gene"
        link="https://www.kegg.jp/dbget-bin/www_bget?mmu:18750+mmu:18751+mmu:18752">
        <graphics name="Prkca, Pkca..." fgcolor="#000000" bgcolor="#BFFFBF"
             type="rectangle" x="385" y="942" width="46" height="17"/>
    </entry>
    <entry id="294" name="cpd:C00334" type="compound"
        link="https://www.kegg.jp/dbget-bin/www_bget?C00334">
        <graphics name="C00334" fgcolor="#000000" bgcolor="#FFFFFF"
             type="circle" x="1270" y="657" width="8" height="8"/>
    </entry>
    <entry id="297" name="mmu:110886 mmu:14394 mmu:14395 mmu:14396 mmu:14397 mmu:14399 mmu:14400 mmu:14401 mmu:14402 mmu:14403 mmu:14404 mmu:14405 mmu:14406 mmu:14407 mmu:14408 mmu:14409 mmu:216643 mmu:328699 mmu:57249" type="gene"
        link="https://www.kegg.jp/dbget-bin/www_bget?mmu:110886+mmu:14394+mmu:14395+mmu:14396+mmu:14397+mmu:14399+mmu:14400+mmu:14401+mmu:14402+mmu:14403+mmu:14404+mmu:14405+mmu:14406+mmu:14407+mmu:14408+mmu:14409+mmu:216643+mmu:328699+mmu:57249">
        <graphics name="Gabra5, A230018I05Rik..." fgcolor="#000000" bgcolor="#BFFFBF"
             type="rectangle" x="1377" y="604" width="46" height="17"/>
    </entry>
    <entry id="299" name="cpd:C00698" type="compound"
        link="https://www.kegg.jp/dbget-bin/www_bget?C00698">
        <graphics name="C00698" fgcolor="#000000" bgcolor="#FFFFFF"
             type="circle" x="641" y="214" width="8" height="8"/>
    </entry>
    <entry id="300" name="cpd:C00698" type="compound"
        link="https://www.kegg.jp/dbget-bin/www_bget?C00698">
        <graphics name="C00698" fgcolor="#000000" bgcolor="#FFFFFF"
             type="circle" x="642" y="969" width="8" height="8"/>
    </entry>
    <entry id="301" name="cpd:C00698" type="compound"
        link="https://www.kegg.jp/dbget-bin/www_bget?C00698">
        <graphics name="C00698" fgcolor="#000000" bgcolor="#FFFFFF"
             type="circle" x="1428" y="604" width="8" height="8"/>
    </entry>
    <entry id="304" name="mmu:22348" type="gene"
        link="https://www.kegg.jp/dbget-bin/www_bget?mmu:22348">
        <graphics name="Slc32a1, VGAT, Viaat" fgcolor="#000000" bgcolor="#BFFFBF"
             type="rectangle" x="301" y="261" width="46" height="17"/>
    </entry>
    <entry id="305" name="mmu:22348" type="gene"
        link="https://www.kegg.jp/dbget-bin/www_bget?mmu:22348">
        <graphics name="Slc32a1, VGAT, Viaat" fgcolor="#000000" bgcolor="#BFFFBF"
             type="rectangle" x="303" y="639" width="46" height="17"/>
    </entry>
    <entry id="306" name="mmu:22348" type="gene"
        link="https://www.kegg.jp/dbget-bin/www_bget?mmu:22348">
        <graphics name="Slc32a1, VGAT, Viaat" fgcolor="#000000" bgcolor="#BFFFBF"
             type="rectangle" x="305" y="1022" width="46" height="17"/>
    </entry>
    <entry id="307" name="mmu:22348" type="gene"
        link="https://www.kegg.jp/dbget-bin/www_bget?mmu:22348">
        <graphics name="Slc32a1, VGAT, Viaat" fgcolor="#000000" bgcolor="#BFFFBF"
             type="rectangle" x="1088" y="659" width="46" height="17"/>
    </entry>
    <entry id="308" name="mmu:22348" type="gene"
        link="https://www.kegg.jp/dbget-bin/www_bget?mmu:22348">
        <graphics name="Slc32a1, VGAT, Viaat" fgcolor="#000000" bgcolor="#BFFFBF"
             type="rectangle" x="1091" y="1037" width="46" height="17"/>
    </entry>
    <entry id="309" name="cpd:C00334" type="compound"
        link="https://www.kegg.jp/dbget-bin/www_bget?C00334">
        <graphics name="C00334" fgcolor="#000000" bgcolor="#FFFFFF"
             type="circle" x="261" y="259" width="8" height="8"/>
    </entry>
    <entry id="310" name="cpd:C00334" type="compound"
        link="https://www.kegg.jp/dbget-bin/www_bget?C00334">
        <graphics name="C00334" fgcolor="#000000" bgcolor="#FFFFFF"
             type="circle" x="262" y="638" width="8" height="8"/>
    </entry>
    <entry id="311" name="cpd:C00334" type="compound"
        link="https://www.kegg.jp/dbget-bin/www_bget?C00334">
        <graphics name="C00334" fgcolor="#000000" bgcolor="#FFFFFF"
             type="circle" x="266" y="1023" width="8" height="8"/>
    </entry>
    <entry id="312" name="cpd:C00334" type="compound"
        link="https://www.kegg.jp/dbget-bin/www_bget?C00334">
        <graphics name="C00334" fgcolor="#000000" bgcolor="#FFFFFF"
             type="circle" x="1051" y="657" width="8" height="8"/>
    </entry>
    <entry id="313" name="cpd:C00334" type="compound"
        link="https://www.kegg.jp/dbget-bin/www_bget?C00334">
        <graphics name="C00334" fgcolor="#000000" bgcolor="#FFFFFF"
             type="circle" x="1050" y="1035" width="8" height="8"/>
    </entry>
    <entry id="318" name="path:mmu04728" type="map"
        link="https://www.kegg.jp/dbget-bin/www_bget?mmu04728">
        <graphics name="Dopaminergic synapse" fgcolor="#000000" bgcolor="#FFFFFF"
             type="roundrectangle" x="791" y="591" width="106" height="34"/>
    </entry>
    <entry id="319" name="path:mmu04727" type="map"
        link="https://www.kegg.jp/dbget-bin/www_bget?mmu04727">
        <graphics name="GABAergic synapse" fgcolor="#000000" bgcolor="#FFFFFF"
             type="roundrectangle" x="969" y="613" width="106" height="34"/>
    </entry>
    <entry id="320" name="path:mmu04728" type="map"
        link="https://www.kegg.jp/dbget-bin/www_bget?mmu04728">
        <graphics name="Dopaminergic synapse" fgcolor="#000000" bgcolor="#FFFFFF"
             type="roundrectangle" x="1571" y="998" width="106" height="34"/>
    </entry>
    <entry id="321" name="mmu:13488" type="gene"
        link="https://www.kegg.jp/dbget-bin/www_bget?mmu:13488">
        <graphics name="Drd1, C030036C15Rik, Drd-1, Drd1a, Gpcr15" fgcolor="#000000" bgcolor="#BFFFBF"
             type="rectangle" x="481" y="164" width="46" height="17"/>
    </entry>
    <entry id="322" name="mmu:13488" type="gene"
        link="https://www.kegg.jp/dbget-bin/www_bget?mmu:13488">
        <graphics name="Drd1, C030036C15Rik, Drd-1, Drd1a, Gpcr15" fgcolor="#000000" bgcolor="#BFFFBF"
             type="rectangle" x="481" y="525" width="46" height="17"/>
    </entry>
    <entry id="323" name="mmu:13488" type="gene"
        link="https://www.kegg.jp/dbget-bin/www_bget?mmu:13488">
        <graphics name="Drd1, C030036C15Rik, Drd-1, Drd1a, Gpcr15" fgcolor="#000000" bgcolor="#BFFFBF"
             type="rectangle" x="481" y="883" width="46" height="17"/>
    </entry>
    <entry id="324" name="mmu:13488" type="gene"
        link="https://www.kegg.jp/dbget-bin/www_bget?mmu:13488">
        <graphics name="Drd1, C030036C15Rik, Drd-1, Drd1a, Gpcr15" fgcolor="#000000" bgcolor="#BFFFBF"
             type="rectangle" x="1266" y="513" width="46" height="17"/>
    </entry>
    <entry id="325" name="mmu:13488" type="gene"
        link="https://www.kegg.jp/dbget-bin/www_bget?mmu:13488">
        <graphics name="Drd1, C030036C15Rik, Drd-1, Drd1a, Gpcr15" fgcolor="#000000" bgcolor="#BFFFBF"
             type="rectangle" x="1266" y="866" width="46" height="17"/>
    </entry>
    <entry id="326" name="mmu:14683" type="gene"
        link="https://www.kegg.jp/dbget-bin/www_bget?mmu:14683">
        <graphics name="Gnas, 5530400H20Rik, A930027G11Rik, C130027O20Rik, GPSA, GSP, Galphas, Gnas1, Gnasxl, Gs-alpha, Gsa, Nesp, Nesp55, Nespl, Oed-Sml, Oedsml, P1, P2, P3, PHP1A, PHP1B, POH, SCG6" fgcolor="#000000" bgcolor="#BFFFBF"
             type="rectangle" x="1187" y="866" width="46" height="17"/>
    </entry>
    <entry id="329" name="cpd:C03758" type="compound"
        link="https://www.kegg.jp/dbget-bin/www_bget?C03758">
        <graphics name="C03758" fgcolor="#000000" bgcolor="#FFFFFF"
             type="circle" x="1321" y="866" width="8" height="8"/>
    </entry>
    <entry id="332" name="mmu:242425 mmu:54393" type="gene"
        link="https://www.kegg.jp/dbget-bin/www_bget?mmu:242425+mmu:54393">
        <graphics name="Gabbr2, GABABR2, Gb2, Gm425, Gpr51..." fgcolor="#000000" bgcolor="#BFFFBF"
             type="rectangle" x="590" y="315" width="46" height="17"/>
    </entry>
    <entry id="333" name="mmu:100503710 mmu:14677 mmu:14678 mmu:14679 mmu:14681 mmu:14688 mmu:14693 mmu:14695 mmu:14696 mmu:14697 mmu:14699 mmu:14700 mmu:14701 mmu:14702 mmu:14704 mmu:14706 mmu:14707 mmu:14708 mmu:14709 mmu:14710 mmu:64337 mmu:66066" type="gene"
        link="https://www.kegg.jp/dbget-bin/www_bget?mmu:100503710+mmu:14677+mmu:14678+mmu:14679+mmu:14681+mmu:14688+mmu:14693+mmu:14695+mmu:14696+mmu:14697+mmu:14699+mmu:14700+mmu:14701+mmu:14702+mmu:14704+mmu:14706+mmu:14707+mmu:14708+mmu:14709+mmu:14710+mmu:64337+mmu:66066">
        <graphics name="Gng14, EG436049, Gm5741..." fgcolor="#000000" bgcolor="#BFFFBF"
             type="rectangle" x="663" y="295" width="46" height="17"/>
    </entry>
    <entry id="334" name="mmu:16522" type="gene"
        link="https://www.kegg.jp/dbget-bin/www_bget?mmu:16522">
        <graphics name="Kcnj6, BIR1, GIRK2, KATP2, KCNJ7, Kir3.2, weaver, wv" fgcolor="#000000" bgcolor="#BFFFBF"
             type="rectangle" x="589" y="273" width="46" height="17"/>
    </entry>
    <entry id="335" name="mmu:242425 mmu:54393" type="gene"
        link="https://www.kegg.jp/dbget-bin/www_bget?mmu:242425+mmu:54393">
        <graphics name="Gabbr2, GABABR2, Gb2, Gm425, Gpr51..." fgcolor="#000000" bgcolor="#BFFFBF"
             type="rectangle" x="589" y="691" width="46" height="17"/>
    </entry>
    <entry id="336" name="mmu:100503710 mmu:14677 mmu:14678 mmu:14679 mmu:14681 mmu:14688 mmu:14693 mmu:14695 mmu:14696 mmu:14697 mmu:14699 mmu:14700 mmu:14701 mmu:14702 mmu:14704 mmu:14706 mmu:14707 mmu:14708 mmu:14709 mmu:14710 mmu:64337 mmu:66066" type="gene"
        link="https://www.kegg.jp/dbget-bin/www_bget?mmu:100503710+mmu:14677+mmu:14678+mmu:14679+mmu:14681+mmu:14688+mmu:14693+mmu:14695+mmu:14696+mmu:14697+mmu:14699+mmu:14700+mmu:14701+mmu:14702+mmu:14704+mmu:14706+mmu:14707+mmu:14708+mmu:14709+mmu:14710+mmu:64337+mmu:66066">
        <graphics name="Gng14, EG436049, Gm5741..." fgcolor="#000000" bgcolor="#BFFFBF"
             type="rectangle" x="658" y="670" width="46" height="17"/>
    </entry>
    <entry id="337" name="mmu:16522" type="gene"
        link="https://www.kegg.jp/dbget-bin/www_bget?mmu:16522">
        <graphics name="Kcnj6, BIR1, GIRK2, KATP2, KCNJ7, Kir3.2, weaver, wv" fgcolor="#000000" bgcolor="#BFFFBF"
             type="rectangle" x="589" y="648" width="46" height="17"/>
    </entry>
    <entry id="338" name="mmu:16522" type="gene"
        link="https://www.kegg.jp/dbget-bin/www_bget?mmu:16522">
        <graphics name="Kcnj6, BIR1, GIRK2, KATP2, KCNJ7, Kir3.2, weaver, wv" fgcolor="#000000" bgcolor="#BFFFBF"
             type="rectangle" x="1377" y="663" width="46" height="17"/>
    </entry>
    <entry id="339" name="mmu:100503710 mmu:14677 mmu:14678 mmu:14679 mmu:14681 mmu:14688 mmu:14693 mmu:14695 mmu:14696 mmu:14697 mmu:14699 mmu:14700 mmu:14701 mmu:14702 mmu:14704 mmu:14706 mmu:14707 mmu:14708 mmu:14709 mmu:14710 mmu:64337 mmu:66066" type="gene"
        link="https://www.kegg.jp/dbget-bin/www_bget?mmu:100503710+mmu:14677+mmu:14678+mmu:14679+mmu:14681+mmu:14688+mmu:14693+mmu:14695+mmu:14696+mmu:14697+mmu:14699+mmu:14700+mmu:14701+mmu:14702+mmu:14704+mmu:14706+mmu:14707+mmu:14708+mmu:14709+mmu:14710+mmu:64337+mmu:66066">
        <graphics name="Gng14, EG436049, Gm5741..." fgcolor="#000000" bgcolor="#BFFFBF"
             type="rectangle" x="1452" y="686" width="46" height="17"/>
    </entry>
    <entry id="340" name="mmu:242425 mmu:54393" type="gene"
        link="https://www.kegg.jp/dbget-bin/www_bget?mmu:242425+mmu:54393">
        <graphics name="Gabbr2, GABABR2, Gb2, Gm425, Gpr51..." fgcolor="#000000" bgcolor="#BFFFBF"
             type="rectangle" x="1377" y="706" width="46" height="17"/>
    </entry>
    <entry id="341" name="mmu:16522" type="gene"
        link="https://www.kegg.jp/dbget-bin/www_bget?mmu:16522">
        <graphics name="Kcnj6, BIR1, GIRK2, KATP2, KCNJ7, Kir3.2, weaver, wv" fgcolor="#000000" bgcolor="#BFFFBF"
             type="rectangle" x="1377" y="1060" width="46" height="17"/>
    </entry>
    <entry id="342" name="mmu:100503710 mmu:14677 mmu:14678 mmu:14679 mmu:14681 mmu:14688 mmu:14693 mmu:14695 mmu:14696 mmu:14697 mmu:14699 mmu:14700 mmu:14701 mmu:14702 mmu:14704 mmu:14706 mmu:14707 mmu:14708 mmu:14709 mmu:14710 mmu:64337 mmu:66066" type="gene"
        link="https://www.kegg.jp/dbget-bin/www_bget?mmu:100503710+mmu:14677+mmu:14678+mmu:14679+mmu:14681+mmu:14688+mmu:14693+mmu:14695+mmu:14696+mmu:14697+mmu:14699+mmu:14700+mmu:14701+mmu:14702+mmu:14704+mmu:14706+mmu:14707+mmu:14708+mmu:14709+mmu:14710+mmu:64337+mmu:66066">
        <graphics name="Gng14, EG436049, Gm5741..." fgcolor="#000000" bgcolor="#BFFFBF"
             type="rectangle" x="1440" y="1075" width="46" height="17"/>
    </entry>
    <entry id="343" name="mmu:242425 mmu:54393" type="gene"
        link="https://www.kegg.jp/dbget-bin/www_bget?mmu:242425+mmu:54393">
        <graphics name="Gabbr2, GABABR2, Gb2, Gm425, Gpr51..." fgcolor="#000000" bgcolor="#BFFFBF"
             type="rectangle" x="1377" y="1095" width="46" height="17"/>
    </entry>
    <entry id="344" name="mmu:16522" type="gene"
        link="https://www.kegg.jp/dbget-bin/www_bget?mmu:16522">
        <graphics name="Kcnj6, BIR1, GIRK2, KATP2, KCNJ7, Kir3.2, weaver, wv" fgcolor="#000000" bgcolor="#BFFFBF"
             type="rectangle" x="589" y="1033" width="46" height="17"/>
    </entry>
    <entry id="345" name="mmu:100503710 mmu:14677 mmu:14678 mmu:14679 mmu:14681 mmu:14688 mmu:14693 mmu:14695 mmu:14696 mmu:14697 mmu:14699 mmu:14700 mmu:14701 mmu:14702 mmu:14704 mmu:14706 mmu:14707 mmu:14708 mmu:14709 mmu:14710 mmu:64337 mmu:66066" type="gene"
        link="https://www.kegg.jp/dbget-bin/www_bget?mmu:100503710+mmu:14677+mmu:14678+mmu:14679+mmu:14681+mmu:14688+mmu:14693+mmu:14695+mmu:14696+mmu:14697+mmu:14699+mmu:14700+mmu:14701+mmu:14702+mmu:14704+mmu:14706+mmu:14707+mmu:14708+mmu:14709+mmu:14710+mmu:64337+mmu:66066">
        <graphics name="Gng14, EG436049, Gm5741..." fgcolor="#000000" bgcolor="#BFFFBF"
             type="rectangle" x="664" y="1059" width="46" height="17"/>
    </entry>
    <entry id="346" name="mmu:242425 mmu:54393" type="gene"
        link="https://www.kegg.jp/dbget-bin/www_bget?mmu:242425+mmu:54393">
        <graphics name="Gabbr2, GABABR2, Gb2, Gm425, Gpr51..." fgcolor="#000000" bgcolor="#BFFFBF"
             type="rectangle" x="589" y="1076" width="46" height="17"/>
    </entry>
    <entry id="355" name="cpd:C00238" type="compound"
        link="https://www.kegg.jp/dbget-bin/www_bget?C00238">
        <graphics name="C00238" fgcolor="#000000" bgcolor="#FFFFFF"
             type="circle" x="633" y="272" width="8" height="8"/>
    </entry>
    <entry id="356" name="cpd:C00238" type="compound"
        link="https://www.kegg.jp/dbget-bin/www_bget?C00238">
        <graphics name="C00238" fgcolor="#000000" bgcolor="#FFFFFF"
             type="circle" x="634" y="1032" width="8" height="8"/>
    </entry>
    <entry id="357" name="cpd:C00238" type="compound"
        link="https://www.kegg.jp/dbget-bin/www_bget?C00238">
        <graphics name="C00238" fgcolor="#000000" bgcolor="#FFFFFF"
             type="circle" x="1419" y="662" width="8" height="8"/>
    </entry>
    <entry id="379" name="mmu:110355 mmu:14772 mmu:14773 mmu:26385 mmu:320129" type="gene"
        link="https://www.kegg.jp/dbget-bin/www_bget?mmu:110355+mmu:14772+mmu:14773+mmu:26385+mmu:320129">
        <graphics name="Grk2, Adrbk-1, Adrbk1, Bark-1, beta_ARK, betaARK1..." fgcolor="#000000" bgcolor="#BFFFBF"
             type="rectangle" x="291" y="897" width="46" height="17"/>
    </entry>
    <entry id="380" name="mmu:109689 mmu:216869" type="gene"
        link="https://www.kegg.jp/dbget-bin/www_bget?mmu:109689+mmu:216869">
        <graphics name="Arrb1, 1200006I17Rik, G430100A01Rik..." fgcolor="#000000" bgcolor="#BFFFBF"
             type="rectangle" x="265" y="924" width="46" height="17"/>
    </entry>
    <entry id="383" name="mmu:11539" type="gene"
        link="https://www.kegg.jp/dbget-bin/www_bget?mmu:11539">
        <graphics name="Adora1, A1-AR, A1AR, A1R, AA1R, ARA1, Ri" fgcolor="#000000" bgcolor="#BFFFBF"
             type="rectangle" x="481" y="1074" width="46" height="17"/>
    </entry>
    <entry id="384" name="mmu:11539" type="gene"
        link="https://www.kegg.jp/dbget-bin/www_bget?mmu:11539">
        <graphics name="Adora1, A1-AR, A1AR, A1R, AA1R, ARA1, Ri" fgcolor="#000000" bgcolor="#BFFFBF"
             type="rectangle" x="1266" y="609" width="46" height="17"/>
    </entry>
    <entry id="385" name="mmu:11539" type="gene"
        link="https://www.kegg.jp/dbget-bin/www_bget?mmu:11539">
        <graphics name="Adora1, A1-AR, A1AR, A1R, AA1R, ARA1, Ri" fgcolor="#000000" bgcolor="#BFFFBF"
             type="rectangle" x="481" y="697" width="46" height="17"/>
    </entry>
    <entry id="386" name="mmu:11539" type="gene"
        link="https://www.kegg.jp/dbget-bin/www_bget?mmu:11539">
        <graphics name="Adora1, A1-AR, A1AR, A1R, AA1R, ARA1, Ri" fgcolor="#000000" bgcolor="#BFFFBF"
             type="rectangle" x="481" y="327" width="46" height="17"/>
    </entry>
    <entry id="387" name="cpd:C00238" type="compound"
        link="https://www.kegg.jp/dbget-bin/www_bget?C00238">
        <graphics name="C00238" fgcolor="#000000" bgcolor="#FFFFFF"
             type="circle" x="1156" y="714" width="8" height="8"/>
    </entry>
    <entry id="388" name="cpd:C00076" type="compound"
        link="https://www.kegg.jp/dbget-bin/www_bget?C00076">
        <graphics name="C00076" fgcolor="#000000" bgcolor="#FFFFFF"
             type="circle" x="1210" y="792" width="8" height="8"/>
    </entry>
    <entry id="389" name="cpd:C00238" type="compound"
        link="https://www.kegg.jp/dbget-bin/www_bget?C00238">
        <graphics name="C00238" fgcolor="#000000" bgcolor="#FFFFFF"
             type="circle" x="1148" y="1073" width="8" height="8"/>
    </entry>
    <entry id="390" name="cpd:C00076" type="compound"
        link="https://www.kegg.jp/dbget-bin/www_bget?C00076">
        <graphics name="C00076" fgcolor="#000000" bgcolor="#FFFFFF"
             type="circle" x="1200" y="1149" width="8" height="8"/>
    </entry>
    <relation entry1="87" entry2="214" type="PCrel">
        <subtype name="activation" value="--&gt;"/>
    </relation>
    <relation entry1="87" entry2="332" type="PCrel">
        <subtype name="activation" value="--&gt;"/>
    </relation>
    <relation entry1="332" entry2="333" type="PPrel">
        <subtype name="activation" value="--&gt;"/>
    </relation>
    <relation entry1="333" entry2="334" type="PPrel">
        <subtype name="activation" value="--&gt;"/>
    </relation>
    <relation entry1="127" entry2="78" type="PCrel">
        <subtype name="activation" value="--&gt;"/>
    </relation>
    <relation entry1="78" entry2="167" type="PPrel">
        <subtype name="activation" value="--&gt;"/>
    </relation>
    <relation entry1="167" entry2="267" type="PPrel">
        <subtype name="activation" value="--&gt;"/>
    </relation>
    <relation entry1="278" entry2="95" type="PCrel">
        <subtype name="activation" value="--&gt;"/>
    </relation>
    <relation entry1="95" entry2="280" type="PPrel">
        <subtype name="activation" value="--&gt;"/>
    </relation>
    <relation entry1="95" entry2="281" type="PPrel">
        <subtype name="activation" value="--&gt;"/>
    </relation>
    <relation entry1="281" entry2="283" type="PPrel">
        <subtype name="activation" value="--&gt;"/>
    </relation>
    <relation entry1="280" entry2="283" type="PPrel">
        <subtype name="activation" value="--&gt;"/>
    </relation>
    <relation entry1="292" entry2="283" type="PPrel">
        <subtype name="activation" value="--&gt;"/>
    </relation>
    <relation entry1="283" entry2="285" type="PCrel">
        <subtype name="activation" value="--&gt;"/>
    </relation>
    <relation entry1="285" entry2="282" type="PCrel">
        <subtype name="activation" value="--&gt;"/>
    </relation>
    <relation entry1="94" entry2="216" type="PCrel">
        <subtype name="activation" value="--&gt;"/>
    </relation>
    <relation entry1="94" entry2="346" type="PCrel">
        <subtype name="activation" value="--&gt;"/>
    </relation>
    <relation entry1="346" entry2="345" type="PPrel">
        <subtype name="activation" value="--&gt;"/>
    </relation>
    <relation entry1="345" entry2="344" type="PPrel">
        <subtype name="activation" value="--&gt;"/>
    </relation>
    <relation entry1="97" entry2="76" type="PCrel">
        <subtype name="activation" value="--&gt;"/>
    </relation>
    <relation entry1="76" entry2="96" type="PCrel">
        <subtype name="activation" value="--&gt;"/>
    </relation>
    <relation entry1="294" entry2="297" type="PCrel">
        <subtype name="activation" value="--&gt;"/>
    </relation>
    <relation entry1="294" entry2="340" type="PCrel">
        <subtype name="activation" value="--&gt;"/>
    </relation>
    <relation entry1="340" entry2="339" type="PPrel">
        <subtype name="activation" value="--&gt;"/>
    </relation>
    <relation entry1="339" entry2="338" type="PPrel">
        <subtype name="activation" value="--&gt;"/>
    </relation>
    <relation entry1="329" entry2="325" type="PCrel">
        <subtype name="activation" value="--&gt;"/>
    </relation>
    <relation entry1="325" entry2="326" type="PPrel">
        <subtype name="activation" value="--&gt;"/>
    </relation>
    <relation entry1="326" entry2="183" type="PPrel">
        <subtype name="activation" value="--&gt;"/>
    </relation>
    <relation entry1="183" entry2="201" type="PCrel">
        <subtype name="activation" value="--&gt;"/>
    </relation>
    <relation entry1="282" entry2="280" type="PPrel">
        <subtype name="activation" value="--&gt;"/>
        <subtype name="phosphorylation" value="+p"/>
    </relation>
    <relation entry1="292" entry2="280" type="PPrel">
        <subtype name="activation" value="--&gt;"/>
        <subtype name="phosphorylation" value="+p"/>
    </relation>
    <relation entry1="167" entry2="74" type="PPrel">
        <subtype name="inhibition" value="--|"/>
    </relation>
    <relation entry1="167" entry2="268" type="PPrel">
        <subtype name="inhibition" value="--|"/>
    </relation>
    <relation entry1="379" entry2="95" type="PPrel">
        <subtype name="activation" value="--&gt;"/>
        <subtype name="phosphorylation" value="+p"/>
    </relation>
    <relation entry1="206" entry2="209" type="PCrel">
        <subtype name="activation" value="--&gt;"/>
    </relation>
    <relation entry1="380" entry2="95" type="PPrel">
        <subtype name="binding/association" value="---"/>
    </relation>
</pathway>
