<?xml version="1.0"?>
<!DOCTYPE pathway SYSTEM "https://www.kegg.jp/kegg/xml/KGML_v0.7.2_.dtd">
<!-- Creation date: Jul 30, 2021 18:21:57 +0900 (GMT+9) -->
<pathway name="path:mmu05208" org="mmu" number="05208"
         title="Chemical carcinogenesis - reactive oxygen species"
         image="https://www.kegg.jp/kegg/pathway/mmu/mmu05208.png"
         link="https://www.kegg.jp/kegg-bin/show_pathway?mmu05208">
    <entry id="54" name="path:mmu05208" type="map"
        link="https://www.kegg.jp/dbget-bin/www_bget?mmu05208">
        <graphics name="TITLE:Chemical carcinogenesis - reactive oxygen species" fgcolor="#000000" bgcolor="#FFFFFF"
             type="roundrectangle" x="268" y="58" width="456" height="25"/>
    </entry>
    <entry id="132" name="mmu:13077" type="gene"
        link="https://www.kegg.jp/dbget-bin/www_bget?mmu:13077">
        <graphics name="Cyp1a2, CP12, CYPIA2, P450-3" fgcolor="#000000" bgcolor="#BFFFBF"
             type="rectangle" x="364" y="804" width="46" height="17"/>
    </entry>
    <entry id="134" name="cpd:C10998" type="compound"
        link="https://www.kegg.jp/dbget-bin/www_bget?C10998">
        <graphics name="C10998" fgcolor="#000000" bgcolor="#FFFFFF"
             type="circle" x="169" y="803" width="8" height="8"/>
    </entry>
    <entry id="136" name="cpd:C03622" type="compound"
        link="https://www.kegg.jp/dbget-bin/www_bget?C03622">
        <graphics name="C03622" fgcolor="#000000" bgcolor="#FFFFFF"
             type="circle" x="438" y="803" width="8" height="8"/>
    </entry>
    <entry id="179" name="cpd:C06268" type="compound"
        link="https://www.kegg.jp/dbget-bin/www_bget?C06268">
        <graphics name="C06268" fgcolor="#000000" bgcolor="#FFFFFF"
             type="circle" x="342" y="567" width="8" height="8"/>
    </entry>
    <entry id="180" name="cpd:C06268" type="compound"
        link="https://www.kegg.jp/dbget-bin/www_bget?C06268">
        <graphics name="C06268" fgcolor="#000000" bgcolor="#FFFFFF"
             type="circle" x="448" y="567" width="8" height="8"/>
    </entry>
    <entry id="181" name="cpd:C06268" type="compound"
        link="https://www.kegg.jp/dbget-bin/www_bget?C06268">
        <graphics name="C06268" fgcolor="#000000" bgcolor="#FFFFFF"
             type="circle" x="509" y="567" width="8" height="8"/>
    </entry>
    <entry id="182" name="cpd:C06268" type="compound"
        link="https://www.kegg.jp/dbget-bin/www_bget?C06268">
        <graphics name="C06268" fgcolor="#000000" bgcolor="#FFFFFF"
             type="circle" x="571" y="567" width="8" height="8"/>
    </entry>
    <entry id="196" name="cpd:C06269" type="compound"
        link="https://www.kegg.jp/dbget-bin/www_bget?C06269">
        <graphics name="C06269" fgcolor="#000000" bgcolor="#FFFFFF"
             type="circle" x="341" y="266" width="8" height="8"/>
    </entry>
    <entry id="197" name="cpd:C06269" type="compound"
        link="https://www.kegg.jp/dbget-bin/www_bget?C06269">
        <graphics name="C06269" fgcolor="#000000" bgcolor="#FFFFFF"
             type="circle" x="435" y="266" width="8" height="8"/>
    </entry>
    <entry id="203" name="cpd:C07295" type="compound"
        link="https://www.kegg.jp/dbget-bin/www_bget?C07295">
        <graphics name="C07295" fgcolor="#000000" bgcolor="#FFFFFF"
             type="circle" x="652" y="266" width="8" height="8"/>
    </entry>
    <entry id="204" name="cpd:C20300" type="compound"
        link="https://www.kegg.jp/dbget-bin/www_bget?C20300">
        <graphics name="C20300" fgcolor="#000000" bgcolor="#FFFFFF"
             type="circle" x="772" y="406" width="8" height="8"/>
    </entry>
    <entry id="257" name="path:mmu05221" type="map"
        link="https://www.kegg.jp/dbget-bin/www_bget?mmu05221">
        <graphics name="Acute myeloid leukemia" fgcolor="#000000" bgcolor="#FFFFFF"
             type="roundrectangle" x="1055" y="1054" width="104" height="34"/>
    </entry>
    <entry id="259" name="path:mmu05219" type="map"
        link="https://www.kegg.jp/dbget-bin/www_bget?mmu05219">
        <graphics name="Bladder cancer" fgcolor="#000000" bgcolor="#FFFFFF"
             type="roundrectangle" x="1028" y="806" width="104" height="25"/>
    </entry>
    <entry id="268" name="path:mmu05223" type="map"
        link="https://www.kegg.jp/dbget-bin/www_bget?mmu05223">
        <graphics name="Non-small cell lung cancer" fgcolor="#000000" bgcolor="#FFFFFF"
             type="roundrectangle" x="1439" y="495" width="113" height="34"/>
    </entry>
    <entry id="269" name="path:mmu05222" type="map"
        link="https://www.kegg.jp/dbget-bin/www_bget?mmu05222">
        <graphics name="Small cell lung cancer" fgcolor="#000000" bgcolor="#FFFFFF"
             type="roundrectangle" x="1439" y="537" width="113" height="34"/>
    </entry>
    <entry id="276" name="cpd:C20319" type="compound"
        link="https://www.kegg.jp/dbget-bin/www_bget?C20319">
        <graphics name="C20319" fgcolor="#000000" bgcolor="#FFFFFF"
             type="circle" x="619" y="803" width="8" height="8"/>
    </entry>
    <entry id="277" name="cpd:C20316" type="compound"
        link="https://www.kegg.jp/dbget-bin/www_bget?C20316">
        <graphics name="C20316" fgcolor="#000000" bgcolor="#FFFFFF"
             type="circle" x="794" y="803" width="8" height="8"/>
    </entry>
    <entry id="362" name="mmu:15461 mmu:16653 mmu:18176" type="gene"
        link="https://www.kegg.jp/dbget-bin/www_bget?mmu:15461+mmu:16653+mmu:18176">
        <graphics name="Hras, H-ras, Ha-ras, Harvey-ras, Hras-1, Hras1, Kras2, c-H-ras, c-Ha-ras, c-rasHa, ras..." fgcolor="#000000" bgcolor="#BFFFBF"
             type="rectangle" x="542" y="1734" width="46" height="17"/>
    </entry>
    <entry id="363" name="mmu:13649" type="gene"
        link="https://www.kegg.jp/dbget-bin/www_bget?mmu:13649">
        <graphics name="Egfr, 9030024J15Rik, Erbb, Errb1, Errp, Wa5, wa-2, wa2" fgcolor="#000000" bgcolor="#BFFFBF"
             type="rectangle" x="259" y="1744" width="46" height="17"/>
    </entry>
    <entry id="364" name="mmu:13645" type="gene"
        link="https://www.kegg.jp/dbget-bin/www_bget?mmu:13645">
        <graphics name="Egf" fgcolor="#000000" bgcolor="#BFFFBF"
             type="rectangle" x="173" y="1744" width="46" height="17"/>
    </entry>
    <entry id="365" name="mmu:18607" type="gene"
        link="https://www.kegg.jp/dbget-bin/www_bget?mmu:18607">
        <graphics name="Pdpk1, Pdk1" fgcolor="#000000" bgcolor="#BFFFBF"
             type="rectangle" x="554" y="1807" width="46" height="17"/>
    </entry>
    <entry id="366" name="mmu:20662 mmu:20663" type="gene"
        link="https://www.kegg.jp/dbget-bin/www_bget?mmu:20662+mmu:20663">
        <graphics name="Sos1, 4430401P03Rik, 9630010N06..." fgcolor="#000000" bgcolor="#BFFFBF"
             type="rectangle" x="439" y="1734" width="46" height="17"/>
    </entry>
    <entry id="367" name="mmu:14784" type="gene"
        link="https://www.kegg.jp/dbget-bin/www_bget?mmu:14784">
        <graphics name="Grb2, Ash" fgcolor="#000000" bgcolor="#BFFFBF"
             type="rectangle" x="356" y="1734" width="46" height="17"/>
    </entry>
    <entry id="368" name="cpd:C05981" type="compound"
        link="https://www.kegg.jp/dbget-bin/www_bget?C05981">
        <graphics name="C05981" fgcolor="#000000" bgcolor="#FFFFFF"
             type="circle" x="507" y="1778" width="8" height="8"/>
    </entry>
    <entry id="369" name="mmu:11651 mmu:11652 mmu:23797" type="gene"
        link="https://www.kegg.jp/dbget-bin/www_bget?mmu:11651+mmu:11652+mmu:23797">
        <graphics name="Akt1, Akt, LTR-akt, PKB, PKB/Akt, PKBalpha, Rac..." fgcolor="#000000" bgcolor="#BFFFBF"
             type="rectangle" x="625" y="1776" width="46" height="17"/>
    </entry>
    <entry id="370" name="mmu:18706 mmu:18707 mmu:18708 mmu:18709 mmu:18710 mmu:74769" type="gene"
        link="https://www.kegg.jp/dbget-bin/www_bget?mmu:18706+mmu:18707+mmu:18708+mmu:18709+mmu:18710+mmu:74769">
        <graphics name="Pik3ca, 6330412C24Rik, caPI3K, p110, p110alpha..." fgcolor="#000000" bgcolor="#BFFFBF"
             type="rectangle" x="379" y="1776" width="46" height="17"/>
    </entry>
    <entry id="371" name="mmu:26413 mmu:26417" type="gene"
        link="https://www.kegg.jp/dbget-bin/www_bget?mmu:26413+mmu:26417">
        <graphics name="Mapk1, 9030612K14Rik, ERK, Erk2, MAPK2, PRKM2, Prkm1, p41mapk, p42mapk..." fgcolor="#000000" bgcolor="#BFFFBF"
             type="rectangle" x="791" y="1734" width="46" height="17"/>
    </entry>
    <entry id="372" name="mmu:26395 mmu:26396" type="gene"
        link="https://www.kegg.jp/dbget-bin/www_bget?mmu:26395+mmu:26396">
        <graphics name="Map2k1, MAPKK1, MEKK1, Mek1, Prkmk1..." fgcolor="#000000" bgcolor="#BFFFBF"
             type="rectangle" x="707" y="1734" width="46" height="17"/>
    </entry>
    <entry id="373" name="mmu:109880 mmu:110157 mmu:11836" type="gene"
        link="https://www.kegg.jp/dbget-bin/www_bget?mmu:109880+mmu:110157+mmu:11836">
        <graphics name="Braf, 9930012E13Rik, B-raf, Braf-2, Braf2, C230098H17, D6Ertd631e..." fgcolor="#000000" bgcolor="#BFFFBF"
             type="rectangle" x="625" y="1734" width="46" height="17"/>
    </entry>
    <entry id="375" name="path:mmu04010" type="map"
        link="https://www.kegg.jp/dbget-bin/www_bget?mmu04010">
        <graphics name="MAPK signaling pathway" fgcolor="#000000" bgcolor="#FFFFFF"
             type="roundrectangle" x="882" y="1747" width="104" height="34"/>
    </entry>
    <entry id="392" name="path:mmu04151" type="map"
        link="https://www.kegg.jp/dbget-bin/www_bget?mmu04151">
        <graphics name="PI3K-Akt signaling pathway" fgcolor="#000000" bgcolor="#FFFFFF"
             type="roundrectangle" x="660" y="1812" width="104" height="34"/>
    </entry>
    <entry id="397" name="mmu:17295" type="gene"
        link="https://www.kegg.jp/dbget-bin/www_bget?mmu:17295">
        <graphics name="Met, HGF, HGFR, Par4, c-Met" fgcolor="#000000" bgcolor="#BFFFBF"
             type="rectangle" x="259" y="1767" width="46" height="17"/>
    </entry>
    <entry id="398" name="mmu:15234" type="gene"
        link="https://www.kegg.jp/dbget-bin/www_bget?mmu:15234">
        <graphics name="Hgf, C230052L06Rik, HGF/SF, NK1, NK2, SF, SF/HGF" fgcolor="#000000" bgcolor="#BFFFBF"
             type="rectangle" x="173" y="1767" width="46" height="17"/>
    </entry>
    <entry id="403" name="mmu:13057" type="gene"
        link="https://www.kegg.jp/dbget-bin/www_bget?mmu:13057">
        <graphics name="Cyba, b558, nmf333, p22-phox, p22phox" fgcolor="#000000" bgcolor="#BFFFBF"
             type="rectangle" x="259" y="1588" width="46" height="17"/>
    </entry>
    <entry id="404" name="mmu:17969" type="gene"
        link="https://www.kegg.jp/dbget-bin/www_bget?mmu:17969">
        <graphics name="Ncf1, NCF-47K, NOXO2, Ncf-1, p47-phox, p47&lt;phox&gt;, p47phox" fgcolor="#000000" bgcolor="#BFFFBF"
             type="rectangle" x="305" y="1571" width="46" height="17"/>
    </entry>
    <entry id="405" name="mmu:17970" type="gene"
        link="https://www.kegg.jp/dbget-bin/www_bget?mmu:17970">
        <graphics name="Ncf2, NOXA2, Ncf-2, p67phox" fgcolor="#000000" bgcolor="#BFFFBF"
             type="rectangle" x="305" y="1588" width="46" height="17"/>
    </entry>
    <entry id="408" name="mmu:100041273 mmu:100042503 mmu:104130 mmu:17716 mmu:17717 mmu:17718 mmu:17719 mmu:17720 mmu:17721 mmu:17722 mmu:17991 mmu:17992 mmu:17993 mmu:17995 mmu:225887 mmu:226646 mmu:227197 mmu:230075 mmu:407785 mmu:407790 mmu:54405 mmu:595136 mmu:66046 mmu:66091 mmu:66108 mmu:66218 mmu:66377 mmu:66414 mmu:66416 mmu:66495 mmu:66916 mmu:67130 mmu:67184 mmu:67264 mmu:67273 mmu:68194 mmu:68197 mmu:68198 mmu:68202 mmu:68342 mmu:68349 mmu:68375 mmu:69875 mmu:70316 mmu:72900 mmu:75406 mmu:78330" type="gene"
        link="https://www.kegg.jp/dbget-bin/www_bget?mmu:100041273+mmu:100042503+mmu:104130+mmu:17716+mmu:17717+mmu:17718+mmu:17719+mmu:17720+mmu:17721+mmu:17722+mmu:17991+mmu:17992+mmu:17993+mmu:17995+mmu:225887+mmu:226646+mmu:227197+mmu:230075+mmu:407785+mmu:407790+mmu:54405+mmu:595136+mmu:66046+mmu:66091+mmu:66108+mmu:66218+mmu:66377+mmu:66414+mmu:66416+mmu:66495+mmu:66916+mmu:67130+mmu:67184+mmu:67264+mmu:67273+mmu:68194+mmu:68197+mmu:68198+mmu:68202+mmu:68342+mmu:68349+mmu:68375+mmu:69875+mmu:70316+mmu:72900+mmu:75406+mmu:78330">
        <graphics name="Ndufb4c, Gm3244..." fgcolor="#000000" bgcolor="#BFFFBF"
             type="rectangle" x="885" y="298" width="46" height="17"/>
    </entry>
    <entry id="409" name="mmu:66052 mmu:66925 mmu:66945 mmu:67680" type="gene"
        link="https://www.kegg.jp/dbget-bin/www_bget?mmu:66052+mmu:66925+mmu:66945+mmu:67680">
        <graphics name="Sdhc, 0610010E03Rik..." fgcolor="#000000" bgcolor="#BFFFBF"
             type="rectangle" x="885" y="327" width="46" height="17"/>
    </entry>
    <entry id="410" name="mmu:17711 mmu:22272 mmu:22273 mmu:66152 mmu:66445 mmu:66576 mmu:66594 mmu:66694 mmu:67003 mmu:67530" type="gene"
        link="https://www.kegg.jp/dbget-bin/www_bget?mmu:17711+mmu:22272+mmu:22273+mmu:66152+mmu:66445+mmu:66576+mmu:66594+mmu:66694+mmu:67003+mmu:67530">
        <graphics name="CYTB..." fgcolor="#000000" bgcolor="#BFFFBF"
             type="rectangle" x="885" y="356" width="46" height="17"/>
    </entry>
    <entry id="411" name="mmu:11946 mmu:11947 mmu:11949 mmu:11950 mmu:11951 mmu:11957 mmu:17705 mmu:17706 mmu:228033 mmu:28080 mmu:66043 mmu:67126 mmu:67942 mmu:71679" type="gene"
        link="https://www.kegg.jp/dbget-bin/www_bget?mmu:11946+mmu:11947+mmu:11949+mmu:11950+mmu:11951+mmu:11957+mmu:17705+mmu:17706+mmu:228033+mmu:28080+mmu:66043+mmu:67126+mmu:67942+mmu:71679">
        <graphics name="Atp5f1a, Atp5a1, Atpm, D18Ertd206e, Mom2..." fgcolor="#000000" bgcolor="#BFFFBF"
             type="rectangle" x="885" y="414" width="46" height="17"/>
    </entry>
    <entry id="412" name="mmu:110323 mmu:12857 mmu:12858 mmu:12859 mmu:12861 mmu:12862 mmu:12864 mmu:12865 mmu:12866 mmu:12867 mmu:12868 mmu:12869 mmu:17708 mmu:17709 mmu:17710 mmu:20463 mmu:333182 mmu:66142 mmu:75483 mmu:78174 mmu:84682" type="gene"
        link="https://www.kegg.jp/dbget-bin/www_bget?mmu:110323+mmu:12857+mmu:12858+mmu:12859+mmu:12861+mmu:12862+mmu:12864+mmu:12865+mmu:12866+mmu:12867+mmu:12868+mmu:12869+mmu:17708+mmu:17709+mmu:17710+mmu:20463+mmu:333182+mmu:66142+mmu:75483+mmu:78174+mmu:84682">
        <graphics name="Cox6b1, 2010000G05Rik, COX_VIb-1, Cox6b..." fgcolor="#000000" bgcolor="#BFFFBF"
             type="rectangle" x="885" y="385" width="46" height="17"/>
    </entry>
    <entry id="413" name="path:mmu00190" type="map"
        link="https://www.kegg.jp/dbget-bin/www_bget?mmu00190">
        <graphics name="Oxidative phosphorylation" fgcolor="#000000" bgcolor="#FFFFFF"
             type="roundrectangle" x="1067" y="321" width="113" height="34"/>
    </entry>
    <entry id="414" name="mmu:26414 mmu:26419 mmu:26420" type="gene"
        link="https://www.kegg.jp/dbget-bin/www_bget?mmu:26414+mmu:26419+mmu:26420">
        <graphics name="Mapk10, C230008H04Rik, JNK3, JNK3B1, JNK3B2, SAPK(beta), Serk2, p493F12, p54bSAPK..." fgcolor="#000000" bgcolor="#BFFFBF"
             type="rectangle" x="791" y="1659" width="46" height="17"/>
    </entry>
    <entry id="415" name="mmu:19211" type="gene"
        link="https://www.kegg.jp/dbget-bin/www_bget?mmu:19211">
        <graphics name="Pten, 2310035O07Rik, A130070J02Rik, B430203M17Rik, MMAC1, PTENbeta, TEP1" fgcolor="#000000" bgcolor="#BFFFBF"
             type="rectangle" x="477" y="1818" width="46" height="17"/>
    </entry>
    <entry id="420" name="cpd:C00023" type="compound"
        link="https://www.kegg.jp/dbget-bin/www_bget?C00023">
        <graphics name="C00023" fgcolor="#000000" bgcolor="#FFFFFF"
             type="circle" x="1326" y="354" width="8" height="8"/>
    </entry>
    <entry id="421" name="cpd:C00023" type="compound"
        link="https://www.kegg.jp/dbget-bin/www_bget?C00023">
        <graphics name="C00023" fgcolor="#000000" bgcolor="#FFFFFF"
             type="circle" x="1264" y="354" width="8" height="8"/>
    </entry>
    <entry id="424" name="cpd:C18205" type="compound"
        link="https://www.kegg.jp/dbget-bin/www_bget?C18205">
        <graphics name="C18205" fgcolor="#000000" bgcolor="#FFFFFF"
             type="circle" x="168" y="1497" width="8" height="8"/>
    </entry>
    <entry id="427" name="cpd:C06269" type="compound"
        link="https://www.kegg.jp/dbget-bin/www_bget?C06269">
        <graphics name="C06269" fgcolor="#000000" bgcolor="#FFFFFF"
             type="circle" x="169" y="266" width="8" height="8"/>
    </entry>
    <entry id="441" name="cpd:C22355" type="compound"
        link="https://www.kegg.jp/dbget-bin/www_bget?C22355">
        <graphics name="C22355" fgcolor="#000000" bgcolor="#FFFFFF"
             type="circle" x="661" y="1160" width="8" height="8"/>
    </entry>
    <entry id="442" name="cpd:C22356" type="compound"
        link="https://www.kegg.jp/dbget-bin/www_bget?C22356">
        <graphics name="C22356" fgcolor="#000000" bgcolor="#FFFFFF"
             type="circle" x="959" y="1160" width="8" height="8"/>
    </entry>
    <entry id="443" name="mmu:58810 mmu:77337" type="gene"
        link="https://www.kegg.jp/dbget-bin/www_bget?mmu:58810+mmu:77337">
        <graphics name="Akr1a1, 2610201A18Rik, Akr1a4..." fgcolor="#000000" bgcolor="#BFFFBF"
             type="rectangle" x="589" y="1161" width="46" height="17"/>
    </entry>
    <entry id="446" name="cpd:C00007" type="compound"
        link="https://www.kegg.jp/dbget-bin/www_bget?C00007">
        <graphics name="C00007" fgcolor="#000000" bgcolor="#FFFFFF"
             type="circle" x="815" y="1135" width="8" height="8"/>
    </entry>
    <entry id="449" name="mmu:18104" type="gene"
        link="https://www.kegg.jp/dbget-bin/www_bget?mmu:18104">
        <graphics name="Nqo1, Dia4, Dtd, Nmo-1, Nmo1, Nmor1, Ox-1, Ox1, Qr1" fgcolor="#000000" bgcolor="#BFFFBF"
             type="rectangle" x="859" y="1193" width="46" height="17"/>
    </entry>
    <entry id="450" name="mmu:58810 mmu:77337" type="gene"
        link="https://www.kegg.jp/dbget-bin/www_bget?mmu:58810+mmu:77337">
        <graphics name="Akr1a1, 2610201A18Rik, Akr1a4..." fgcolor="#000000" bgcolor="#BFFFBF"
             type="rectangle" x="859" y="1213" width="46" height="17"/>
    </entry>
    <entry id="451" name="mmu:12408" type="gene"
        link="https://www.kegg.jp/dbget-bin/www_bget?mmu:12408">
        <graphics name="Cbr1, CR, Cbr, PG-9-KR" fgcolor="#000000" bgcolor="#BFFFBF"
             type="rectangle" x="859" y="1233" width="46" height="17"/>
    </entry>
    <entry id="452" name="cpd:C00005" type="compound"
        link="https://www.kegg.jp/dbget-bin/www_bget?C00005">
        <graphics name="C00005" fgcolor="#000000" bgcolor="#FFFFFF"
             type="circle" x="914" y="1254" width="8" height="8"/>
    </entry>
    <entry id="453" name="cpd:C00006" type="compound"
        link="https://www.kegg.jp/dbget-bin/www_bget?C00006">
        <graphics name="C00006" fgcolor="#000000" bgcolor="#FFFFFF"
             type="circle" x="799" y="1254" width="8" height="8"/>
    </entry>
    <entry id="460" name="path:mmu05207" type="map"
        link="https://www.kegg.jp/dbget-bin/www_bget?mmu05207">
        <graphics name="Chemical carcinogenesis - receptor activation" fgcolor="#000000" bgcolor="#FFFFFF"
             type="roundrectangle" x="532" y="1238" width="150" height="34"/>
    </entry>
    <entry id="461" name="cpd:C00469" type="compound"
        link="https://www.kegg.jp/dbget-bin/www_bget?C00469">
        <graphics name="C00469" fgcolor="#000000" bgcolor="#FFFFFF"
             type="circle" x="167" y="1420" width="8" height="8"/>
    </entry>
    <entry id="462" name="cpd:C00084" type="compound"
        link="https://www.kegg.jp/dbget-bin/www_bget?C00084">
        <graphics name="C00084" fgcolor="#000000" bgcolor="#FFFFFF"
             type="circle" x="479" y="1424" width="8" height="8"/>
    </entry>
    <entry id="464" name="cpd:C00005" type="compound"
        link="https://www.kegg.jp/dbget-bin/www_bget?C00005">
        <graphics name="C00005" fgcolor="#000000" bgcolor="#FFFFFF"
             type="circle" x="310" y="1458" width="8" height="8"/>
    </entry>
    <entry id="465" name="cpd:C00006" type="compound"
        link="https://www.kegg.jp/dbget-bin/www_bget?C00006">
        <graphics name="C00006" fgcolor="#000000" bgcolor="#FFFFFF"
             type="circle" x="449" y="1450" width="8" height="8"/>
    </entry>
    <entry id="467" name="mmu:13106" type="gene"
        link="https://www.kegg.jp/dbget-bin/www_bget?mmu:13106">
        <graphics name="Cyp2e1, CYPIIE1, Cyp2e" fgcolor="#000000" bgcolor="#BFFFBF"
             type="rectangle" x="364" y="1424" width="46" height="17"/>
    </entry>
    <entry id="469" name="cpd:C16844" type="compound"
        link="https://www.kegg.jp/dbget-bin/www_bget?C16844">
        <graphics name="C16844" fgcolor="#000000" bgcolor="#FFFFFF"
             type="circle" x="488" y="1492" width="8" height="8"/>
    </entry>
    <entry id="470" name="cpd:C00027" type="compound"
        link="https://www.kegg.jp/dbget-bin/www_bget?C00027">
        <graphics name="C00027" fgcolor="#000000" bgcolor="#FFFFFF"
             type="circle" x="450" y="1510" width="8" height="8"/>
    </entry>
    <entry id="477" name="cpd:C00530" type="compound"
        link="https://www.kegg.jp/dbget-bin/www_bget?C00530">
        <graphics name="C00530" fgcolor="#000000" bgcolor="#FFFFFF"
             type="circle" x="661" y="1054" width="8" height="8"/>
    </entry>
    <entry id="478" name="cpd:C01407" type="compound"
        link="https://www.kegg.jp/dbget-bin/www_bget?C01407">
        <graphics name="C01407" fgcolor="#000000" bgcolor="#FFFFFF"
             type="circle" x="169" y="1054" width="8" height="8"/>
    </entry>
    <entry id="479" name="cpd:C00146" type="compound"
        link="https://www.kegg.jp/dbget-bin/www_bget?C00146">
        <graphics name="C00146" fgcolor="#000000" bgcolor="#FFFFFF"
             type="circle" x="524" y="1054" width="8" height="8"/>
    </entry>
    <entry id="481" name="cpd:C02814" type="compound"
        link="https://www.kegg.jp/dbget-bin/www_bget?C02814">
        <graphics name="C02814" fgcolor="#000000" bgcolor="#FFFFFF"
             type="circle" x="733" y="1104" width="8" height="8"/>
    </entry>
    <entry id="482" name="cpd:C02389" type="compound"
        link="https://www.kegg.jp/dbget-bin/www_bget?C02389">
        <graphics name="C02389" fgcolor="#000000" bgcolor="#FFFFFF"
             type="circle" x="794" y="1054" width="8" height="8"/>
    </entry>
    <entry id="483" name="cpd:C00472" type="compound"
        link="https://www.kegg.jp/dbget-bin/www_bget?C00472">
        <graphics name="C00472" fgcolor="#000000" bgcolor="#FFFFFF"
             type="circle" x="958" y="1054" width="8" height="8"/>
    </entry>
    <entry id="485" name="cpd:C01782" type="compound"
        link="https://www.kegg.jp/dbget-bin/www_bget?C01782">
        <graphics name="C01782" fgcolor="#000000" bgcolor="#FFFFFF"
             type="circle" x="426" y="1054" width="8" height="8"/>
    </entry>
    <entry id="486" name="mmu:13106" type="gene"
        link="https://www.kegg.jp/dbget-bin/www_bget?mmu:13106">
        <graphics name="Cyp2e1, CYPIIE1, Cyp2e" fgcolor="#000000" bgcolor="#BFFFBF"
             type="rectangle" x="364" y="1042" width="46" height="17"/>
    </entry>
    <entry id="487" name="mmu:13107" type="gene"
        link="https://www.kegg.jp/dbget-bin/www_bget?mmu:13107">
        <graphics name="Cyp2f2, Cyp2f" fgcolor="#000000" bgcolor="#BFFFBF"
             type="rectangle" x="364" y="1067" width="46" height="17"/>
    </entry>
    <entry id="489" name="mmu:13106" type="gene"
        link="https://www.kegg.jp/dbget-bin/www_bget?mmu:13106">
        <graphics name="Cyp2e1, CYPIIE1, Cyp2e" fgcolor="#000000" bgcolor="#BFFFBF"
             type="rectangle" x="589" y="1056" width="46" height="17"/>
    </entry>
    <entry id="495" name="cpd:C00007" type="compound"
        link="https://www.kegg.jp/dbget-bin/www_bget?C00007">
        <graphics name="C00007" fgcolor="#000000" bgcolor="#FFFFFF"
             type="circle" x="816" y="1075" width="8" height="8"/>
    </entry>
    <entry id="496" name="cpd:C00704" type="compound"
        link="https://www.kegg.jp/dbget-bin/www_bget?C00704">
        <graphics name="C00704" fgcolor="#000000" bgcolor="#FFFFFF"
             type="circle" x="905" y="1081" width="8" height="8"/>
    </entry>
    <entry id="500" name="cpd:C00007" type="compound"
        link="https://www.kegg.jp/dbget-bin/www_bget?C00007">
        <graphics name="C00007" fgcolor="#000000" bgcolor="#FFFFFF"
             type="circle" x="677" y="836" width="8" height="8"/>
    </entry>
    <entry id="501" name="cpd:C00704" type="compound"
        link="https://www.kegg.jp/dbget-bin/www_bget?C00704">
        <graphics name="C00704" fgcolor="#000000" bgcolor="#FFFFFF"
             type="circle" x="776" y="861" width="8" height="8"/>
    </entry>
    <entry id="503" name="cpd:C00070" type="compound"
        link="https://www.kegg.jp/dbget-bin/www_bget?C00070">
        <graphics name="C00070" fgcolor="#000000" bgcolor="#FFFFFF"
             type="circle" x="473" y="778" width="8" height="8"/>
    </entry>
    <entry id="504" name="cpd:C00070" type="compound"
        link="https://www.kegg.jp/dbget-bin/www_bget?C00070">
        <graphics name="C00070" fgcolor="#000000" bgcolor="#FFFFFF"
             type="circle" x="573" y="778" width="8" height="8"/>
    </entry>
    <entry id="508" name="cpd:C00007" type="compound"
        link="https://www.kegg.jp/dbget-bin/www_bget?C00007">
        <graphics name="C00007" fgcolor="#000000" bgcolor="#FFFFFF"
             type="circle" x="572" y="734" width="8" height="8"/>
    </entry>
    <entry id="509" name="cpd:C00704" type="compound"
        link="https://www.kegg.jp/dbget-bin/www_bget?C00704">
        <graphics name="C00704" fgcolor="#000000" bgcolor="#FFFFFF"
             type="circle" x="469" y="719" width="8" height="8"/>
    </entry>
    <entry id="512" name="cpd:C00005" type="compound"
        link="https://www.kegg.jp/dbget-bin/www_bget?C00005">
        <graphics name="C00005" fgcolor="#000000" bgcolor="#FFFFFF"
             type="circle" x="775" y="778" width="8" height="8"/>
    </entry>
    <entry id="515" name="cpd:C00003" type="compound"
        link="https://www.kegg.jp/dbget-bin/www_bget?C00003">
        <graphics name="C00003" fgcolor="#000000" bgcolor="#FFFFFF"
             type="circle" x="775" y="760" width="8" height="8"/>
    </entry>
    <entry id="517" name="cpd:C00007" type="compound"
        link="https://www.kegg.jp/dbget-bin/www_bget?C00007">
        <graphics name="C00007" fgcolor="#000000" bgcolor="#FFFFFF"
             type="circle" x="676" y="732" width="8" height="8"/>
    </entry>
    <entry id="518" name="cpd:C00704" type="compound"
        link="https://www.kegg.jp/dbget-bin/www_bget?C00704">
        <graphics name="C00704" fgcolor="#000000" bgcolor="#FFFFFF"
             type="circle" x="777" y="717" width="8" height="8"/>
    </entry>
    <entry id="520" name="cpd:C16844" type="compound"
        link="https://www.kegg.jp/dbget-bin/www_bget?C16844">
        <graphics name="C16844" fgcolor="#000000" bgcolor="#FFFFFF"
             type="circle" x="378" y="663" width="8" height="8"/>
    </entry>
    <entry id="521" name="cpd:C00027" type="compound"
        link="https://www.kegg.jp/dbget-bin/www_bget?C00027">
        <graphics name="C00027" fgcolor="#000000" bgcolor="#FFFFFF"
             type="circle" x="404" y="638" width="8" height="8"/>
    </entry>
    <entry id="528" name="cpd:C06268" type="compound"
        link="https://www.kegg.jp/dbget-bin/www_bget?C06268">
        <graphics name="C06268" fgcolor="#000000" bgcolor="#FFFFFF"
             type="circle" x="169" y="567" width="8" height="8"/>
    </entry>
    <entry id="530" name="mmu:13521 mmu:171429 mmu:231583 mmu:320718" type="gene"
        link="https://www.kegg.jp/dbget-bin/www_bget?mmu:13521+mmu:171429+mmu:231583+mmu:320718">
        <graphics name="Slc26a2, Dtd, ST-OB..." fgcolor="#000000" bgcolor="#BFFFBF"
             type="rectangle" x="259" y="569" width="46" height="17"/>
    </entry>
    <entry id="531" name="cpd:C19171" type="compound"
        link="https://www.kegg.jp/dbget-bin/www_bget?C19171">
        <graphics name="C19171" fgcolor="#000000" bgcolor="#FFFFFF"
             type="circle" x="169" y="448" width="8" height="8"/>
    </entry>
    <entry id="532" name="cpd:C19171" type="compound"
        link="https://www.kegg.jp/dbget-bin/www_bget?C19171">
        <graphics name="C19171" fgcolor="#000000" bgcolor="#FFFFFF"
             type="circle" x="342" y="448" width="8" height="8"/>
    </entry>
    <entry id="533" name="cpd:C19171" type="compound"
        link="https://www.kegg.jp/dbget-bin/www_bget?C19171">
        <graphics name="C19171" fgcolor="#000000" bgcolor="#FFFFFF"
             type="circle" x="409" y="448" width="8" height="8"/>
    </entry>
    <entry id="534" name="cpd:C19171" type="compound"
        link="https://www.kegg.jp/dbget-bin/www_bget?C19171">
        <graphics name="C19171" fgcolor="#000000" bgcolor="#FFFFFF"
             type="circle" x="473" y="448" width="8" height="8"/>
    </entry>
    <entry id="554" name="mmu:105675 mmu:11739 mmu:11740 mmu:22333 mmu:22334 mmu:22335 mmu:73333" type="gene"
        link="https://www.kegg.jp/dbget-bin/www_bget?mmu:105675+mmu:11739+mmu:11740+mmu:22333+mmu:22334+mmu:22335+mmu:73333">
        <graphics name="Ppif, CyP-D, CyP-F, CypD, PPIase..." fgcolor="#000000" bgcolor="#BFFFBF"
             type="rectangle" x="968" y="460" width="46" height="17"/>
    </entry>
    <entry id="555" name="cpd:C00704" type="compound"
        link="https://www.kegg.jp/dbget-bin/www_bget?C00704">
        <graphics name="C00704" fgcolor="#000000" bgcolor="#FFFFFF"
             type="circle" x="968" y="505" width="8" height="8"/>
    </entry>
    <entry id="556" name="cpd:C00704" type="compound"
        link="https://www.kegg.jp/dbget-bin/www_bget?C00704">
        <graphics name="C00704" fgcolor="#000000" bgcolor="#FFFFFF"
             type="circle" x="968" y="336" width="8" height="8"/>
    </entry>
    <entry id="560" name="mmu:20655" type="gene"
        link="https://www.kegg.jp/dbget-bin/www_bget?mmu:20655">
        <graphics name="Sod1, B430204E11Rik, Cu/Zn-SOD, CuZnSOD, Ipo-1, Ipo1, SODC, Sod-1" fgcolor="#000000" bgcolor="#BFFFBF"
             type="rectangle" x="968" y="531" width="46" height="17"/>
    </entry>
    <entry id="561" name="cpd:C00027" type="compound"
        link="https://www.kegg.jp/dbget-bin/www_bget?C00027">
        <graphics name="C00027" fgcolor="#000000" bgcolor="#FFFFFF"
             type="circle" x="968" y="569" width="8" height="8"/>
    </entry>
    <entry id="564" name="mmu:56484" type="gene"
        link="https://www.kegg.jp/dbget-bin/www_bget?mmu:56484">
        <graphics name="Foxo3, 1110048B16Rik, 2010203A17Rik, FKHRL1, Fkhr2, Foxo3a" fgcolor="#000000" bgcolor="#BFFFBF"
             type="rectangle" x="877" y="1780" width="46" height="17"/>
    </entry>
    <entry id="565" name="mmu:18033 mmu:19697" type="gene"
        link="https://www.kegg.jp/dbget-bin/www_bget?mmu:18033+mmu:19697">
        <graphics name="Nfkb1, NF-KB1, NF-kappaB, NF-kappaB1, p105, p50, p50/p105..." fgcolor="#000000" bgcolor="#BFFFBF"
             type="rectangle" x="877" y="1904" width="46" height="17"/>
    </entry>
    <entry id="567" name="mmu:53859" type="gene"
        link="https://www.kegg.jp/dbget-bin/www_bget?mmu:53859">
        <graphics name="Map3k14, Nik, aly" fgcolor="#000000" bgcolor="#BFFFBF"
             type="rectangle" x="681" y="2051" width="46" height="17"/>
    </entry>
    <entry id="569" name="mmu:101540 mmu:18760 mmu:75292" type="gene"
        link="https://www.kegg.jp/dbget-bin/www_bget?mmu:101540+mmu:18760+mmu:75292">
        <graphics name="Prkd2, PKD2..." fgcolor="#000000" bgcolor="#BFFFBF"
             type="rectangle" x="753" y="1937" width="46" height="17"/>
    </entry>
    <entry id="570" name="mmu:18753" type="gene"
        link="https://www.kegg.jp/dbget-bin/www_bget?mmu:18753">
        <graphics name="Prkcd, D14Ertd420e, PKC[d], PKCdelta, Pkcd" fgcolor="#000000" bgcolor="#BFFFBF"
             type="rectangle" x="645" y="1900" width="46" height="17"/>
    </entry>
    <entry id="571" name="mmu:11350 mmu:11352" type="gene"
        link="https://www.kegg.jp/dbget-bin/www_bget?mmu:11350+mmu:11352">
        <graphics name="Abl1, Abl, E430008G22Rik, c-Abl..." fgcolor="#000000" bgcolor="#BFFFBF"
             type="rectangle" x="645" y="1937" width="46" height="17"/>
    </entry>
    <entry id="572" name="mmu:11431 mmu:19247 mmu:19271" type="gene"
        link="https://www.kegg.jp/dbget-bin/www_bget?mmu:11431+mmu:19247+mmu:19271">
        <graphics name="Acp1, 4632432E04Rik, Acp-1, LMW-PTP, Lmptp..." fgcolor="#000000" bgcolor="#BFFFBF"
             type="rectangle" x="474" y="1937" width="46" height="17"/>
    </entry>
    <entry id="573" name="mmu:20779" type="gene"
        link="https://www.kegg.jp/dbget-bin/www_bget?mmu:20779">
        <graphics name="Src, pp60c-src" fgcolor="#000000" bgcolor="#BFFFBF"
             type="rectangle" x="556" y="1937" width="46" height="17"/>
    </entry>
    <entry id="574" name="mmu:18805 mmu:18806" type="gene"
        link="https://www.kegg.jp/dbget-bin/www_bget?mmu:18805+mmu:18806">
        <graphics name="Pld1, Pld1a, Pld1b, mPLD1..." fgcolor="#000000" bgcolor="#BFFFBF"
             type="rectangle" x="681" y="2017" width="46" height="17"/>
    </entry>
    <entry id="581" name="mmu:14083" type="gene"
        link="https://www.kegg.jp/dbget-bin/www_bget?mmu:14083">
        <graphics name="Ptk2, FADK_1, FAK, FRNK, Fadk, p125FAK" fgcolor="#000000" bgcolor="#BFFFBF"
             type="rectangle" x="681" y="1981" width="46" height="17"/>
    </entry>
    <entry id="584" name="path:mmu05225" type="map"
        link="https://www.kegg.jp/dbget-bin/www_bget?mmu05225">
        <graphics name="Hepatocellular carcinoma" fgcolor="#000000" bgcolor="#FFFFFF"
             type="roundrectangle" x="683" y="1440" width="158" height="25"/>
    </entry>
    <entry id="594" name="mmu:26408" type="gene"
        link="https://www.kegg.jp/dbget-bin/www_bget?mmu:26408">
        <graphics name="Map3k5, 7420452D20Rik, ASK, ASK1, MAPKKK5, Mekk5" fgcolor="#000000" bgcolor="#BFFFBF"
             type="rectangle" x="625" y="1678" width="46" height="17"/>
    </entry>
    <entry id="595" name="mmu:14281 mmu:16476" type="gene"
        link="https://www.kegg.jp/dbget-bin/www_bget?mmu:14281+mmu:16476">
        <graphics name="Fos, D12Rfj1, c-fos, cFos..." fgcolor="#000000" bgcolor="#BFFFBF"
             type="rectangle" x="877" y="1714" width="46" height="17"/>
    </entry>
    <entry id="596" name="mmu:19094 mmu:26415 mmu:26416 mmu:29857" type="gene"
        link="https://www.kegg.jp/dbget-bin/www_bget?mmu:19094+mmu:26415+mmu:26416+mmu:29857">
        <graphics name="Mapk11, P38b, Prkm11, Sapk2, Sapk2b, p38-2, p38beta, p38beta2..." fgcolor="#000000" bgcolor="#BFFFBF"
             type="rectangle" x="707" y="1696" width="46" height="17"/>
    </entry>
    <entry id="602" name="mmu:26398 mmu:26400" type="gene"
        link="https://www.kegg.jp/dbget-bin/www_bget?mmu:26398+mmu:26400">
        <graphics name="Map2k4, JNKK1, MAPKK_4, MEK4, MKK4, PRKMK4, Sek1, Serk1..." fgcolor="#000000" bgcolor="#BFFFBF"
             type="rectangle" x="707" y="1659" width="46" height="17"/>
    </entry>
    <entry id="607" name="mmu:18024" type="gene"
        link="https://www.kegg.jp/dbget-bin/www_bget?mmu:18024">
        <graphics name="Nfe2l2, Nrf2" fgcolor="#000000" bgcolor="#BFFFBF"
             type="rectangle" x="681" y="2119" width="46" height="17"/>
    </entry>
    <entry id="610" name="cpd:C00027" type="compound"
        link="https://www.kegg.jp/dbget-bin/www_bget?C00027">
        <graphics name="C00027" fgcolor="#000000" bgcolor="#FFFFFF"
             type="circle" x="507" y="1559" width="8" height="8"/>
    </entry>
    <entry id="611" name="cpd:C00704" type="compound"
        link="https://www.kegg.jp/dbget-bin/www_bget?C00704">
        <graphics name="C00704" fgcolor="#000000" bgcolor="#FFFFFF"
             type="circle" x="450" y="1559" width="8" height="8"/>
    </entry>
    <entry id="614" name="mmu:18035" type="gene"
        link="https://www.kegg.jp/dbget-bin/www_bget?mmu:18035">
        <graphics name="Nfkbia, Nfkbi" fgcolor="#000000" bgcolor="#BFFFBF"
             type="rectangle" x="877" y="1870" width="46" height="17"/>
    </entry>
    <entry id="617" name="mmu:12675 mmu:16150 mmu:16151" type="gene"
        link="https://www.kegg.jp/dbget-bin/www_bget?mmu:12675+mmu:16150+mmu:16151">
        <graphics name="Chuk, Chuk1, Fbx24, Fbxo24, IKBKA, IKK_alpha, IKK1, Ikka, NFKBIKA..." fgcolor="#000000" bgcolor="#BFFFBF"
             type="rectangle" x="791" y="1870" width="46" height="17"/>
    </entry>
    <entry id="637" name="mmu:19353" type="gene"
        link="https://www.kegg.jp/dbget-bin/www_bget?mmu:19353">
        <graphics name="Rac1, D5Ertd559e" fgcolor="#000000" bgcolor="#BFFFBF"
             type="rectangle" x="409" y="1678" width="46" height="17"/>
    </entry>
    <entry id="649" name="mmu:15251" type="gene"
        link="https://www.kegg.jp/dbget-bin/www_bget?mmu:15251">
        <graphics name="Hif1a, HIF-1-alpha, HIF1-alpha, HIF1alpha, MOP1, bHLHe78" fgcolor="#000000" bgcolor="#BFFFBF"
             type="rectangle" x="681" y="2081" width="46" height="17"/>
    </entry>
    <entry id="658" name="mmu:22339" type="gene"
        link="https://www.kegg.jp/dbget-bin/www_bget?mmu:22339">
        <graphics name="Vegfa, L-VEGF, Vegf, Vpf" fgcolor="#000000" bgcolor="#BFFFBF"
             type="rectangle" x="1140" y="2081" width="46" height="17"/>
    </entry>
    <entry id="662" name="mmu:18104" type="gene"
        link="https://www.kegg.jp/dbget-bin/www_bget?mmu:18104">
        <graphics name="Nqo1, Dia4, Dtd, Nmo-1, Nmo1, Nmor1, Ox-1, Ox1, Qr1" fgcolor="#000000" bgcolor="#BFFFBF"
             type="rectangle" x="1140" y="2110" width="46" height="17"/>
    </entry>
    <entry id="663" name="mmu:58810 mmu:77337" type="gene"
        link="https://www.kegg.jp/dbget-bin/www_bget?mmu:58810+mmu:77337">
        <graphics name="Akr1a1, 2610201A18Rik, Akr1a4..." fgcolor="#000000" bgcolor="#BFFFBF"
             type="rectangle" x="1140" y="2132" width="46" height="17"/>
    </entry>
    <entry id="666" name="mmu:50868" type="gene"
        link="https://www.kegg.jp/dbget-bin/www_bget?mmu:50868">
        <graphics name="Keap1, INRF2, mKIAA0132" fgcolor="#000000" bgcolor="#BFFFBF"
             type="rectangle" x="577" y="2119" width="46" height="17"/>
    </entry>
    <entry id="669" name="mmu:19246" type="gene"
        link="https://www.kegg.jp/dbget-bin/www_bget?mmu:19246">
        <graphics name="Ptpn1, PTP-1B, PTP-HA2, PTP1B" fgcolor="#000000" bgcolor="#BFFFBF"
             type="rectangle" x="323" y="1806" width="46" height="17"/>
    </entry>
    <entry id="673" name="cpd:C01413" type="compound"
        link="https://www.kegg.jp/dbget-bin/www_bget?C01413">
        <graphics name="C01413" fgcolor="#000000" bgcolor="#FFFFFF"
             type="circle" x="732" y="498" width="8" height="8"/>
    </entry>
    <entry id="678" name="cpd:C16453" type="compound"
        link="https://www.kegg.jp/dbget-bin/www_bget?C16453">
        <graphics name="C16453" fgcolor="#000000" bgcolor="#FFFFFF"
             type="circle" x="139" y="1650" width="8" height="8"/>
    </entry>
    <entry id="680" name="cpd:C07557" type="compound"
        link="https://www.kegg.jp/dbget-bin/www_bget?C07557">
        <graphics name="C07557" fgcolor="#000000" bgcolor="#FFFFFF"
             type="circle" x="168" y="1266" width="8" height="8"/>
    </entry>
    <entry id="683" name="cpd:C00951" type="compound"
        link="https://www.kegg.jp/dbget-bin/www_bget?C00951">
        <graphics name="C00951" fgcolor="#000000" bgcolor="#FFFFFF"
             type="circle" x="167" y="1333" width="8" height="8"/>
    </entry>
    <entry id="684" name="cpd:C05301" type="compound"
        link="https://www.kegg.jp/dbget-bin/www_bget?C05301">
        <graphics name="C05301" fgcolor="#000000" bgcolor="#FFFFFF"
             type="circle" x="660" y="1298" width="8" height="8"/>
    </entry>
    <entry id="685" name="cpd:C14209" type="compound"
        link="https://www.kegg.jp/dbget-bin/www_bget?C14209">
        <graphics name="C14209" fgcolor="#000000" bgcolor="#FFFFFF"
             type="circle" x="660" y="1388" width="8" height="8"/>
    </entry>
    <entry id="686" name="cpd:C05309" type="compound"
        link="https://www.kegg.jp/dbget-bin/www_bget?C05309">
        <graphics name="C05309" fgcolor="#000000" bgcolor="#FFFFFF"
             type="circle" x="795" y="1298" width="8" height="8"/>
    </entry>
    <entry id="687" name="cpd:C05309" type="compound"
        link="https://www.kegg.jp/dbget-bin/www_bget?C05309">
        <graphics name="C05309" fgcolor="#000000" bgcolor="#FFFFFF"
             type="circle" x="795" y="1387" width="8" height="8"/>
    </entry>
    <entry id="688" name="cpd:C22357" type="compound"
        link="https://www.kegg.jp/dbget-bin/www_bget?C22357">
        <graphics name="C22357" fgcolor="#000000" bgcolor="#FFFFFF"
             type="circle" x="959" y="1297" width="8" height="8"/>
    </entry>
    <entry id="689" name="cpd:C05309" type="compound"
        link="https://www.kegg.jp/dbget-bin/www_bget?C05309">
        <graphics name="C05309" fgcolor="#000000" bgcolor="#FFFFFF"
             type="circle" x="959" y="1387" width="8" height="8"/>
    </entry>
    <entry id="704" name="mmu:13076" type="gene"
        link="https://www.kegg.jp/dbget-bin/www_bget?mmu:13076">
        <graphics name="Cyp1a1, AHH, AHRR, CP11, CYPIA1, P450-1" fgcolor="#000000" bgcolor="#BFFFBF"
             type="rectangle" x="589" y="1307" width="46" height="17"/>
    </entry>
    <entry id="705" name="mmu:13078" type="gene"
        link="https://www.kegg.jp/dbget-bin/www_bget?mmu:13078">
        <graphics name="Cyp1b1, CP1B, CYPIB1, P4501b1" fgcolor="#000000" bgcolor="#BFFFBF"
             type="rectangle" x="589" y="1374" width="46" height="17"/>
    </entry>
    <entry id="708" name="cpd:C02575" type="compound"
        link="https://www.kegg.jp/dbget-bin/www_bget?C02575">
        <graphics name="C02575" fgcolor="#000000" bgcolor="#FFFFFF"
             type="circle" x="169" y="930" width="8" height="8"/>
    </entry>
    <entry id="709" name="cpd:C03434" type="compound"
        link="https://www.kegg.jp/dbget-bin/www_bget?C03434">
        <graphics name="C03434" fgcolor="#000000" bgcolor="#FFFFFF"
             type="circle" x="619" y="929" width="8" height="8"/>
    </entry>
    <entry id="710" name="cpd:C05309" type="compound"
        link="https://www.kegg.jp/dbget-bin/www_bget?C05309">
        <graphics name="C05309" fgcolor="#000000" bgcolor="#FFFFFF"
             type="circle" x="794" y="930" width="8" height="8"/>
    </entry>
    <entry id="711" name="cpd:C18933" type="compound"
        link="https://www.kegg.jp/dbget-bin/www_bget?C18933">
        <graphics name="C18933" fgcolor="#000000" bgcolor="#FFFFFF"
             type="circle" x="957" y="930" width="8" height="8"/>
    </entry>
    <entry id="715" name="cpd:C00007" type="compound"
        link="https://www.kegg.jp/dbget-bin/www_bget?C00007">
        <graphics name="C00007" fgcolor="#000000" bgcolor="#FFFFFF"
             type="circle" x="678" y="910" width="8" height="8"/>
    </entry>
    <entry id="716" name="cpd:C00704" type="compound"
        link="https://www.kegg.jp/dbget-bin/www_bget?C00704">
        <graphics name="C00704" fgcolor="#000000" bgcolor="#FFFFFF"
             type="circle" x="776" y="898" width="8" height="8"/>
    </entry>
    <entry id="723" name="mmu:13077" type="gene"
        link="https://www.kegg.jp/dbget-bin/www_bget?mmu:13077">
        <graphics name="Cyp1a2, CP12, CYPIA2, P450-3" fgcolor="#000000" bgcolor="#BFFFBF"
             type="rectangle" x="364" y="931" width="46" height="17"/>
    </entry>
    <entry id="728" name="cpd:C00291" type="compound"
        link="https://www.kegg.jp/dbget-bin/www_bget?C00291">
        <graphics name="C00291" fgcolor="#000000" bgcolor="#FFFFFF"
             type="circle" x="1372" y="310" width="8" height="8"/>
    </entry>
    <entry id="729" name="cpd:C00291" type="compound"
        link="https://www.kegg.jp/dbget-bin/www_bget?C00291">
        <graphics name="C00291" fgcolor="#000000" bgcolor="#FFFFFF"
             type="circle" x="1432" y="310" width="8" height="8"/>
    </entry>
    <entry id="734" name="cpd:C00051" type="compound"
        link="https://www.kegg.jp/dbget-bin/www_bget?C00051">
        <graphics name="C00051" fgcolor="#000000" bgcolor="#FFFFFF"
             type="circle" x="355" y="543" width="8" height="8"/>
    </entry>
    <entry id="737" name="cpd:C16844" type="compound"
        link="https://www.kegg.jp/dbget-bin/www_bget?C16844">
        <graphics name="C16844" fgcolor="#000000" bgcolor="#FFFFFF"
             type="circle" x="467" y="663" width="8" height="8"/>
    </entry>
    <entry id="738" name="cpd:C00027" type="compound"
        link="https://www.kegg.jp/dbget-bin/www_bget?C00027">
        <graphics name="C00027" fgcolor="#000000" bgcolor="#FFFFFF"
             type="circle" x="493" y="638" width="8" height="8"/>
    </entry>
    <entry id="740" name="cpd:C16844" type="compound"
        link="https://www.kegg.jp/dbget-bin/www_bget?C16844">
        <graphics name="C16844" fgcolor="#000000" bgcolor="#FFFFFF"
             type="circle" x="533" y="664" width="8" height="8"/>
    </entry>
    <entry id="741" name="cpd:C00027" type="compound"
        link="https://www.kegg.jp/dbget-bin/www_bget?C00027">
        <graphics name="C00027" fgcolor="#000000" bgcolor="#FFFFFF"
             type="circle" x="556" y="638" width="8" height="8"/>
    </entry>
    <entry id="743" name="cpd:C16844" type="compound"
        link="https://www.kegg.jp/dbget-bin/www_bget?C16844">
        <graphics name="C16844" fgcolor="#000000" bgcolor="#FFFFFF"
             type="circle" x="377" y="352" width="8" height="8"/>
    </entry>
    <entry id="744" name="cpd:C00027" type="compound"
        link="https://www.kegg.jp/dbget-bin/www_bget?C00027">
        <graphics name="C00027" fgcolor="#000000" bgcolor="#FFFFFF"
             type="circle" x="402" y="328" width="8" height="8"/>
    </entry>
    <entry id="746" name="cpd:C16844" type="compound"
        link="https://www.kegg.jp/dbget-bin/www_bget?C16844">
        <graphics name="C16844" fgcolor="#000000" bgcolor="#FFFFFF"
             type="circle" x="1281" y="450" width="8" height="8"/>
    </entry>
    <entry id="747" name="cpd:C00027" type="compound"
        link="https://www.kegg.jp/dbget-bin/www_bget?C00027">
        <graphics name="C00027" fgcolor="#000000" bgcolor="#FFFFFF"
             type="circle" x="1307" y="425" width="8" height="8"/>
    </entry>
    <entry id="749" name="cpd:C16844" type="compound"
        link="https://www.kegg.jp/dbget-bin/www_bget?C16844">
        <graphics name="C16844" fgcolor="#000000" bgcolor="#FFFFFF"
             type="circle" x="1386" y="406" width="8" height="8"/>
    </entry>
    <entry id="750" name="cpd:C00027" type="compound"
        link="https://www.kegg.jp/dbget-bin/www_bget?C00027">
        <graphics name="C00027" fgcolor="#000000" bgcolor="#FFFFFF"
             type="circle" x="1412" y="381" width="8" height="8"/>
    </entry>
    <entry id="751" name="cpd:C07294" type="compound"
        link="https://www.kegg.jp/dbget-bin/www_bget?C07294">
        <graphics name="C07294" fgcolor="#000000" bgcolor="#FFFFFF"
             type="circle" x="542" y="266" width="8" height="8"/>
    </entry>
    <entry id="752" name="cpd:C07308" type="compound"
        link="https://www.kegg.jp/dbget-bin/www_bget?C07308">
        <graphics name="C07308" fgcolor="#000000" bgcolor="#FFFFFF"
             type="circle" x="717" y="343" width="8" height="8"/>
    </entry>
    <entry id="757" name="mmu:57344" type="gene"
        link="https://www.kegg.jp/dbget-bin/www_bget?mmu:57344">
        <graphics name="As3mt, 2310045H08Rik, Cyt19" fgcolor="#000000" bgcolor="#BFFFBF"
             type="rectangle" x="683" y="311" width="46" height="17"/>
    </entry>
    <entry id="759" name="cpd:C00051" type="compound"
        link="https://www.kegg.jp/dbget-bin/www_bget?C00051">
        <graphics name="C00051" fgcolor="#000000" bgcolor="#FFFFFF"
             type="circle" x="346" y="240" width="8" height="8"/>
    </entry>
    <entry id="760" name="cpd:C00127" type="compound"
        link="https://www.kegg.jp/dbget-bin/www_bget?C00127">
        <graphics name="C00127" fgcolor="#000000" bgcolor="#FFFFFF"
             type="circle" x="429" y="240" width="8" height="8"/>
    </entry>
    <entry id="761" name="cpd:C00051" type="compound"
        link="https://www.kegg.jp/dbget-bin/www_bget?C00051">
        <graphics name="C00051" fgcolor="#000000" bgcolor="#FFFFFF"
             type="circle" x="707" y="363" width="8" height="8"/>
    </entry>
    <entry id="762" name="cpd:C00127" type="compound"
        link="https://www.kegg.jp/dbget-bin/www_bget?C00127">
        <graphics name="C00127" fgcolor="#000000" bgcolor="#FFFFFF"
             type="circle" x="731" y="416" width="8" height="8"/>
    </entry>
    <entry id="764" name="cpd:C00019" type="compound"
        link="https://www.kegg.jp/dbget-bin/www_bget?C00019">
        <graphics name="C00019" fgcolor="#000000" bgcolor="#FFFFFF"
             type="circle" x="640" y="295" width="8" height="8"/>
    </entry>
    <entry id="765" name="cpd:C00021" type="compound"
        link="https://www.kegg.jp/dbget-bin/www_bget?C00021">
        <graphics name="C00021" fgcolor="#000000" bgcolor="#FFFFFF"
             type="circle" x="665" y="350" width="8" height="8"/>
    </entry>
    <entry id="766" name="cpd:C00291" type="compound"
        link="https://www.kegg.jp/dbget-bin/www_bget?C00291">
        <graphics name="C00291" fgcolor="#000000" bgcolor="#FFFFFF"
             type="circle" x="1372" y="165" width="8" height="8"/>
    </entry>
    <entry id="768" name="cpd:C06696" type="compound"
        link="https://www.kegg.jp/dbget-bin/www_bget?C06696">
        <graphics name="C06696" fgcolor="#000000" bgcolor="#FFFFFF"
             type="circle" x="1215" y="110" width="8" height="8"/>
    </entry>
    <entry id="770" name="cpd:C06696" type="compound"
        link="https://www.kegg.jp/dbget-bin/www_bget?C06696">
        <graphics name="C06696" fgcolor="#000000" bgcolor="#FFFFFF"
             type="circle" x="1215" y="506" width="8" height="8"/>
    </entry>
    <entry id="771" name="cpd:C00023" type="compound"
        link="https://www.kegg.jp/dbget-bin/www_bget?C00023">
        <graphics name="C00023" fgcolor="#000000" bgcolor="#FFFFFF"
             type="circle" x="1264" y="145" width="8" height="8"/>
    </entry>
    <entry id="775" name="cpd:C04623" type="compound"
        link="https://www.kegg.jp/dbget-bin/www_bget?C04623">
        <graphics name="C04623" fgcolor="#000000" bgcolor="#FFFFFF"
             type="circle" x="1182" y="479" width="8" height="8"/>
    </entry>
    <entry id="776" name="cpd:C04623" type="compound"
        link="https://www.kegg.jp/dbget-bin/www_bget?C04623">
        <graphics name="C04623" fgcolor="#000000" bgcolor="#FFFFFF"
             type="circle" x="1182" y="164" width="8" height="8"/>
    </entry>
    <entry id="779" name="mmu:12359" type="gene"
        link="https://www.kegg.jp/dbget-bin/www_bget?mmu:12359">
        <graphics name="Cat, 2210418N07, Cas-1, Cas1, Cs-1" fgcolor="#000000" bgcolor="#BFFFBF"
             type="rectangle" x="968" y="603" width="46" height="17"/>
    </entry>
    <entry id="780" name="cpd:C00001" type="compound"
        link="https://www.kegg.jp/dbget-bin/www_bget?C00001">
        <graphics name="C00001" fgcolor="#000000" bgcolor="#FFFFFF"
             type="circle" x="968" y="636" width="8" height="8"/>
    </entry>
    <entry id="783" name="cpd:C00027" type="compound"
        link="https://www.kegg.jp/dbget-bin/www_bget?C00027">
        <graphics name="C00027" fgcolor="#000000" bgcolor="#FFFFFF"
             type="circle" x="1025" y="407" width="8" height="8"/>
    </entry>
    <entry id="563" name="mmu:20656" type="gene"
        link="https://www.kegg.jp/dbget-bin/www_bget?mmu:20656">
        <graphics name="Sod2, MnSOD, Sod-2" fgcolor="#000000" bgcolor="#BFFFBF"
             type="rectangle" x="1006" y="370" width="46" height="17"/>
    </entry>
    <entry id="785" name="cpd:C14852" type="compound"
        link="https://www.kegg.jp/dbget-bin/www_bget?C14852">
        <graphics name="C14852" fgcolor="#000000" bgcolor="#FFFFFF"
             type="circle" x="524" y="1160" width="8" height="8"/>
    </entry>
    <entry id="787" name="mmu:12015" type="gene"
        link="https://www.kegg.jp/dbget-bin/www_bget?mmu:12015">
        <graphics name="Bad, Bbc2" fgcolor="#000000" bgcolor="#BFFFBF"
             type="rectangle" x="877" y="1808" width="46" height="17"/>
    </entry>
    <entry id="791" name="mmu:237038" type="gene"
        link="https://www.kegg.jp/dbget-bin/www_bget?mmu:237038">
        <graphics name="Nox1, GP91-2, MOX1, NOH-1, NOH1, NOX1a, NOX1alpha, Nox-1" fgcolor="#000000" bgcolor="#BFFFBF"
             type="rectangle" x="259" y="1571" width="46" height="17"/>
    </entry>
    <entry id="792" name="cpd:C07535" type="compound"
        link="https://www.kegg.jp/dbget-bin/www_bget?C07535">
        <graphics name="C07535" fgcolor="#000000" bgcolor="#FFFFFF"
             type="circle" x="176" y="1650" width="8" height="8"/>
    </entry>
    <entry id="793" name="cpd:C16038" type="compound"
        link="https://www.kegg.jp/dbget-bin/www_bget?C16038">
        <graphics name="C16038" fgcolor="#000000" bgcolor="#FFFFFF"
             type="circle" x="176" y="1688" width="8" height="8"/>
    </entry>
    <entry id="794" name="mmu:50490" type="gene"
        link="https://www.kegg.jp/dbget-bin/www_bget?mmu:50490">
        <graphics name="Nox4" fgcolor="#000000" bgcolor="#BFFFBF"
             type="rectangle" x="259" y="1524" width="46" height="17"/>
    </entry>
    <entry id="795" name="mmu:13057" type="gene"
        link="https://www.kegg.jp/dbget-bin/www_bget?mmu:13057">
        <graphics name="Cyba, b558, nmf333, p22-phox, p22phox" fgcolor="#000000" bgcolor="#BFFFBF"
             type="rectangle" x="259" y="1541" width="46" height="17"/>
    </entry>
    <entry id="797" name="cpd:C07535" type="compound"
        link="https://www.kegg.jp/dbget-bin/www_bget?C07535">
        <graphics name="C07535" fgcolor="#000000" bgcolor="#FFFFFF"
             type="circle" x="167" y="1160" width="8" height="8"/>
    </entry>
    <entry id="798" name="cpd:C14850" type="compound"
        link="https://www.kegg.jp/dbget-bin/www_bget?C14850">
        <graphics name="C14850" fgcolor="#000000" bgcolor="#FFFFFF"
             type="circle" x="426" y="1160" width="8" height="8"/>
    </entry>
    <entry id="799" name="mmu:13849 mmu:13850 mmu:384214 mmu:71932" type="gene"
        link="https://www.kegg.jp/dbget-bin/www_bget?mmu:13849+mmu:13850+mmu:384214+mmu:71932">
        <graphics name="Ephx1, EH, Eph-1, Eph1, Epxh1, mEH..." fgcolor="#000000" bgcolor="#BFFFBF"
             type="rectangle" x="468" y="1161" width="46" height="17"/>
    </entry>
    <entry id="800" name="mmu:11622" type="gene"
        link="https://www.kegg.jp/dbget-bin/www_bget?mmu:11622">
        <graphics name="Ahr, Ah, Ahh, Ahre, In, bHLHe76" fgcolor="#000000" bgcolor="#BFFFBF"
             type="rectangle" x="392" y="1268" width="46" height="17"/>
    </entry>
    <entry id="801" name="mmu:11622" type="gene"
        link="https://www.kegg.jp/dbget-bin/www_bget?mmu:11622">
        <graphics name="Ahr, Ah, Ahh, Ahre, In, bHLHe76" fgcolor="#000000" bgcolor="#BFFFBF"
             type="rectangle" x="392" y="1224" width="46" height="17"/>
    </entry>
    <entry id="804" name="cpd:C00027" type="compound"
        link="https://www.kegg.jp/dbget-bin/www_bget?C00027">
        <graphics name="C00027" fgcolor="#000000" bgcolor="#FFFFFF"
             type="circle" x="425" y="478" width="8" height="8"/>
    </entry>
    <entry id="805" name="cpd:C16844" type="compound"
        link="https://www.kegg.jp/dbget-bin/www_bget?C16844">
        <graphics name="C16844" fgcolor="#000000" bgcolor="#FFFFFF"
             type="circle" x="450" y="498" width="8" height="8"/>
    </entry>
    <entry id="807" name="cpd:C16844" type="compound"
        link="https://www.kegg.jp/dbget-bin/www_bget?C16844">
        <graphics name="C16844" fgcolor="#000000" bgcolor="#FFFFFF"
             type="circle" x="384" y="498" width="8" height="8"/>
    </entry>
    <entry id="808" name="cpd:C00027" type="compound"
        link="https://www.kegg.jp/dbget-bin/www_bget?C00027">
        <graphics name="C00027" fgcolor="#000000" bgcolor="#FFFFFF"
             type="circle" x="359" y="478" width="8" height="8"/>
    </entry>
    <entry id="810" name="cpd:C00007" type="compound"
        link="https://www.kegg.jp/dbget-bin/www_bget?C00007">
        <graphics name="C00007" fgcolor="#000000" bgcolor="#FFFFFF"
             type="circle" x="816" y="906" width="8" height="8"/>
    </entry>
    <entry id="811" name="cpd:C00704" type="compound"
        link="https://www.kegg.jp/dbget-bin/www_bget?C00704">
        <graphics name="C00704" fgcolor="#000000" bgcolor="#FFFFFF"
             type="circle" x="906" y="897" width="8" height="8"/>
    </entry>
    <entry id="814" name="cpd:C00007" type="compound"
        link="https://www.kegg.jp/dbget-bin/www_bget?C00007">
        <graphics name="C00007" fgcolor="#000000" bgcolor="#FFFFFF"
             type="circle" x="815" y="1362" width="8" height="8"/>
    </entry>
    <entry id="816" name="cpd:C00007" type="compound"
        link="https://www.kegg.jp/dbget-bin/www_bget?C00007">
        <graphics name="C00007" fgcolor="#000000" bgcolor="#FFFFFF"
             type="circle" x="815" y="1320" width="8" height="8"/>
    </entry>
    <entry id="817" name="cpd:C00704" type="compound"
        link="https://www.kegg.jp/dbget-bin/www_bget?C00704">
        <graphics name="C00704" fgcolor="#000000" bgcolor="#FFFFFF"
             type="circle" x="905" y="1325" width="8" height="8"/>
    </entry>
    <entry id="819" name="mmu:13076" type="gene"
        link="https://www.kegg.jp/dbget-bin/www_bget?mmu:13076">
        <graphics name="Cyp1a1, AHH, AHRR, CP11, CYPIA1, P450-1" fgcolor="#000000" bgcolor="#BFFFBF"
             type="rectangle" x="364" y="1146" width="46" height="17"/>
    </entry>
    <entry id="820" name="mmu:13078" type="gene"
        link="https://www.kegg.jp/dbget-bin/www_bget?mmu:13078">
        <graphics name="Cyp1b1, CP1B, CYPIB1, P4501b1" fgcolor="#000000" bgcolor="#BFFFBF"
             type="rectangle" x="364" y="1173" width="46" height="17"/>
    </entry>
    <entry id="822" name="path:mmu05224" type="map"
        link="https://www.kegg.jp/dbget-bin/www_bget?mmu05224">
        <graphics name="Breast cancer" fgcolor="#000000" bgcolor="#FFFFFF"
             type="roundrectangle" x="662" y="1619" width="104" height="25"/>
    </entry>
    <entry id="823" name="mmu:76113" type="gene"
        link="https://www.kegg.jp/dbget-bin/www_bget?mmu:76113">
        <graphics name="Lpo, 5830499B15Rik" fgcolor="#000000" bgcolor="#BFFFBF"
             type="rectangle" x="716" y="1300" width="46" height="17"/>
    </entry>
    <entry id="824" name="mmu:76113" type="gene"
        link="https://www.kegg.jp/dbget-bin/www_bget?mmu:76113">
        <graphics name="Lpo, 5830499B15Rik" fgcolor="#000000" bgcolor="#BFFFBF"
             type="rectangle" x="716" y="1388" width="46" height="17"/>
    </entry>
    <entry id="825" name="path:mmu05224" type="map"
        link="https://www.kegg.jp/dbget-bin/www_bget?mmu05224">
        <graphics name="Breast cancer" fgcolor="#000000" bgcolor="#FFFFFF"
             type="roundrectangle" x="1009" y="1348" width="104" height="25"/>
    </entry>
    <entry id="826" name="path:mmu05211" type="map"
        link="https://www.kegg.jp/dbget-bin/www_bget?mmu05211">
        <graphics name="Renal cell carcinoma" fgcolor="#000000" bgcolor="#FFFFFF"
             type="roundrectangle" x="1439" y="608" width="130" height="25"/>
    </entry>
    <entry id="827" name="path:mmu05225" type="map"
        link="https://www.kegg.jp/dbget-bin/www_bget?mmu05225">
        <graphics name="Hepatocellular carcinoma" fgcolor="#000000" bgcolor="#FFFFFF"
             type="roundrectangle" x="1439" y="641" width="158" height="25"/>
    </entry>
    <entry id="828" name="path:mmu05215" type="map"
        link="https://www.kegg.jp/dbget-bin/www_bget?mmu05215">
        <graphics name="Prostate cancer" fgcolor="#000000" bgcolor="#FFFFFF"
             type="roundrectangle" x="1439" y="575" width="130" height="25"/>
    </entry>
    <entry id="830" name="cpd:C01413" type="compound"
        link="https://www.kegg.jp/dbget-bin/www_bget?C01413">
        <graphics name="C01413" fgcolor="#000000" bgcolor="#FFFFFF"
             type="circle" x="170" y="392" width="8" height="8"/>
    </entry>
    <entry id="886" name="mmu:57344" type="gene"
        link="https://www.kegg.jp/dbget-bin/www_bget?mmu:57344">
        <graphics name="As3mt, 2310045H08Rik, Cyt19" fgcolor="#000000" bgcolor="#BFFFBF"
             type="rectangle" x="484" y="267" width="46" height="17"/>
    </entry>
    <entry id="889" name="cpd:C00051" type="compound"
        link="https://www.kegg.jp/dbget-bin/www_bget?C00051">
        <graphics name="C00051" fgcolor="#000000" bgcolor="#FFFFFF"
             type="circle" x="547" y="241" width="8" height="8"/>
    </entry>
    <entry id="890" name="cpd:C00127" type="compound"
        link="https://www.kegg.jp/dbget-bin/www_bget?C00127">
        <graphics name="C00127" fgcolor="#000000" bgcolor="#FFFFFF"
             type="circle" x="639" y="241" width="8" height="8"/>
    </entry>
    <entry id="891" name="cpd:C00019" type="compound"
        link="https://www.kegg.jp/dbget-bin/www_bget?C00019">
        <graphics name="C00019" fgcolor="#000000" bgcolor="#FFFFFF"
             type="circle" x="452" y="294" width="8" height="8"/>
    </entry>
    <entry id="892" name="cpd:C00021" type="compound"
        link="https://www.kegg.jp/dbget-bin/www_bget?C00021">
        <graphics name="C00021" fgcolor="#000000" bgcolor="#FFFFFF"
             type="circle" x="518" y="294" width="8" height="8"/>
    </entry>
    <entry id="893" name="mmu:100042295 mmu:100042314 mmu:103140 mmu:14857 mmu:14858 mmu:14859 mmu:14860 mmu:14862 mmu:14863 mmu:14864 mmu:14865 mmu:14866 mmu:14867 mmu:14871 mmu:14872 mmu:14873 mmu:211666 mmu:56615 mmu:66447 mmu:68214 mmu:68312 mmu:75886" type="gene"
        link="https://www.kegg.jp/dbget-bin/www_bget?mmu:100042295+mmu:100042314+mmu:103140+mmu:14857+mmu:14858+mmu:14859+mmu:14860+mmu:14862+mmu:14863+mmu:14864+mmu:14865+mmu:14866+mmu:14867+mmu:14871+mmu:14872+mmu:14873+mmu:211666+mmu:56615+mmu:66447+mmu:68214+mmu:68312+mmu:75886">
        <graphics name="Gsta13, Gm3776, Timd5..." fgcolor="#000000" bgcolor="#BFFFBF"
             type="rectangle" x="590" y="267" width="46" height="17"/>
    </entry>
    <entry id="895" name="cpd:C00070" type="compound"
        link="https://www.kegg.jp/dbget-bin/www_bget?C00070">
        <graphics name="C00070" fgcolor="#000000" bgcolor="#FFFFFF"
             type="circle" x="677" y="1030" width="8" height="8"/>
    </entry>
    <entry id="896" name="cpd:C00070" type="compound"
        link="https://www.kegg.jp/dbget-bin/www_bget?C00070">
        <graphics name="C00070" fgcolor="#000000" bgcolor="#FFFFFF"
             type="circle" x="777" y="1030" width="8" height="8"/>
    </entry>
    <entry id="900" name="cpd:C00007" type="compound"
        link="https://www.kegg.jp/dbget-bin/www_bget?C00007">
        <graphics name="C00007" fgcolor="#000000" bgcolor="#FFFFFF"
             type="circle" x="776" y="986" width="8" height="8"/>
    </entry>
    <entry id="901" name="cpd:C00704" type="compound"
        link="https://www.kegg.jp/dbget-bin/www_bget?C00704">
        <graphics name="C00704" fgcolor="#000000" bgcolor="#FFFFFF"
             type="circle" x="677" y="971" width="8" height="8"/>
    </entry>
    <entry id="911" name="cpd:C00005" type="compound"
        link="https://www.kegg.jp/dbget-bin/www_bget?C00005">
        <graphics name="C00005" fgcolor="#000000" bgcolor="#FFFFFF"
             type="circle" x="906" y="1030" width="8" height="8"/>
    </entry>
    <entry id="914" name="path:mmu04066" type="map"
        link="https://www.kegg.jp/dbget-bin/www_bget?mmu04066">
        <graphics name="HIF-1 signaling pathway" fgcolor="#000000" bgcolor="#FFFFFF"
             type="roundrectangle" x="856" y="2055" width="104" height="34"/>
    </entry>
    <entry id="915" name="path:mmu04370" type="map"
        link="https://www.kegg.jp/dbget-bin/www_bget?mmu04370">
        <graphics name="VEGF signaling pathway" fgcolor="#000000" bgcolor="#FFFFFF"
             type="roundrectangle" x="1220" y="2048" width="104" height="34"/>
    </entry>
    <entry id="916" name="path:mmu04064" type="map"
        link="https://www.kegg.jp/dbget-bin/www_bget?mmu04064">
        <graphics name="NF-kappa B signaling pathway" fgcolor="#000000" bgcolor="#FFFFFF"
             type="roundrectangle" x="791" y="1837" width="104" height="34"/>
    </entry>
    <entry id="917" name="mmu:11863" type="gene"
        link="https://www.kegg.jp/dbget-bin/www_bget?mmu:11863">
        <graphics name="Arnt, D3Ertd557e, Drnt, ESTM42, Hif1b, bHLHe2, mKIAA4051" fgcolor="#000000" bgcolor="#BFFFBF"
             type="rectangle" x="1001" y="2052" width="46" height="17"/>
    </entry>
    <entry id="921" name="mmu:15368" type="gene"
        link="https://www.kegg.jp/dbget-bin/www_bget?mmu:15368">
        <graphics name="Hmox1, D8Wsu38e, HO-1, HO1, Hemox, Hmox, Hsp32" fgcolor="#000000" bgcolor="#BFFFBF"
             type="rectangle" x="1191" y="2119" width="46" height="17"/>
    </entry>
    <entry id="923" name="cpd:C05309" type="compound"
        link="https://www.kegg.jp/dbget-bin/www_bget?C05309">
        <graphics name="C05309" fgcolor="#000000" bgcolor="#FFFFFF"
             type="circle" x="794" y="1160" width="8" height="8"/>
    </entry>
    <entry id="925" name="path:mmu00980" type="map"
        link="https://www.kegg.jp/dbget-bin/www_bget?mmu00980">
        <graphics name="Metabolism of xenobiotics by cytochrome P450" fgcolor="#000000" bgcolor="#FFFFFF"
             type="roundrectangle" x="532" y="1105" width="150" height="34"/>
    </entry>
    <entry id="926" name="cpd:C00704" type="compound"
        link="https://www.kegg.jp/dbget-bin/www_bget?C00704">
        <graphics name="C00704" fgcolor="#000000" bgcolor="#FFFFFF"
             type="circle" x="905" y="1129" width="8" height="8"/>
    </entry>
    <entry id="930" name="cpd:C00704" type="compound"
        link="https://www.kegg.jp/dbget-bin/www_bget?C00704">
        <graphics name="C00704" fgcolor="#000000" bgcolor="#FFFFFF"
             type="circle" x="449" y="1492" width="8" height="8"/>
    </entry>
    <entry id="934" name="cpd:C22381" type="compound"
        link="https://www.kegg.jp/dbget-bin/www_bget?C22381">
        <graphics name="C22381" fgcolor="#000000" bgcolor="#FFFFFF"
             type="circle" x="1220" y="712" width="8" height="8"/>
    </entry>
    <entry id="935" name="cpd:C22381" type="compound"
        link="https://www.kegg.jp/dbget-bin/www_bget?C22381">
        <graphics name="C22381" fgcolor="#000000" bgcolor="#FFFFFF"
             type="circle" x="377" y="1877" width="8" height="8"/>
    </entry>
    <entry id="936" name="cpd:C00704" type="compound"
        link="https://www.kegg.jp/dbget-bin/www_bget?C00704">
        <graphics name="C00704" fgcolor="#000000" bgcolor="#FFFFFF"
             type="circle" x="905" y="1361" width="8" height="8"/>
    </entry>
    <entry id="937" name="undefined" type="group">
        <graphics fgcolor="#000000" bgcolor="#FFFFFF"
             type="rectangle" x="259" y="1532" width="46" height="34"/>
        <component id="794"/>
        <component id="795"/>
    </entry>
    <entry id="938" name="undefined" type="group">
        <graphics fgcolor="#000000" bgcolor="#FFFFFF"
             type="rectangle" x="282" y="1579" width="92" height="34"/>
        <component id="403"/>
        <component id="404"/>
        <component id="405"/>
        <component id="791"/>
    </entry>
    <entry id="939" name="undefined" type="group">
        <graphics fgcolor="#000000" bgcolor="#FFFFFF"
             type="rectangle" x="841" y="2066" width="366" height="46"/>
        <component id="649"/>
        <component id="917"/>
    </entry>
    <relation entry1="203" entry2="409" type="PCrel">
        <subtype name="inhibition" value="--|"/>
    </relation>
    <relation entry1="203" entry2="412" type="PCrel">
        <subtype name="inhibition" value="--|"/>
    </relation>
    <relation entry1="204" entry2="409" type="PCrel">
        <subtype name="inhibition" value="--|"/>
    </relation>
    <relation entry1="673" entry2="410" type="PCrel">
        <subtype name="inhibition" value="--|"/>
    </relation>
    <relation entry1="770" entry2="560" type="PCrel">
        <subtype name="inhibition" value="--|"/>
    </relation>
    <relation entry1="770" entry2="779" type="PCrel">
        <subtype name="inhibition" value="--|"/>
    </relation>
    <relation entry1="935" entry2="415" type="PCrel">
        <subtype name="inhibition" value="--|"/>
    </relation>
    <relation entry1="935" entry2="669" type="PCrel">
        <subtype name="inhibition" value="--|"/>
    </relation>
    <relation entry1="935" entry2="572" type="PCrel">
        <subtype name="inhibition" value="--|"/>
    </relation>
    <relation entry1="572" entry2="573" type="PPrel">
        <subtype name="inhibition" value="--|"/>
    </relation>
    <relation entry1="572" entry2="581" type="PPrel">
        <subtype name="inhibition" value="--|"/>
    </relation>
    <relation entry1="935" entry2="666" type="PCrel">
        <subtype name="inhibition" value="--|"/>
    </relation>
    <relation entry1="666" entry2="607" type="PPrel">
        <subtype name="inhibition" value="--|"/>
    </relation>
    <relation entry1="669" entry2="397" type="PPrel">
        <subtype name="inhibition" value="--|"/>
        <subtype name="dephosphorylation" value="-p"/>
    </relation>
    <relation entry1="368" entry2="415" type="PCrel">
        <subtype name="inhibition" value="--|"/>
        <subtype name="dephosphorylation" value="-p"/>
    </relation>
    <relation entry1="369" entry2="564" type="PPrel">
        <subtype name="inhibition" value="--|"/>
        <subtype name="phosphorylation" value="+p"/>
    </relation>
    <relation entry1="369" entry2="787" type="PPrel">
        <subtype name="inhibition" value="--|"/>
        <subtype name="phosphorylation" value="+p"/>
    </relation>
    <relation entry1="775" entry2="560" type="PCrel">
        <subtype name="inhibition" value="--|"/>
        <subtype name="indirect effect" value="..&gt;"/>
    </relation>
    <relation entry1="937" entry2="611" type="PCrel">
        <subtype name="activation" value="--&gt;"/>
    </relation>
    <relation entry1="938" entry2="611" type="PCrel">
        <subtype name="activation" value="--&gt;"/>
    </relation>
    <relation entry1="364" entry2="363" type="PPrel">
        <subtype name="activation" value="--&gt;"/>
    </relation>
    <relation entry1="398" entry2="397" type="PPrel">
        <subtype name="activation" value="--&gt;"/>
    </relation>
    <relation entry1="363" entry2="367" type="PPrel">
        <subtype name="activation" value="--&gt;"/>
    </relation>
    <relation entry1="367" entry2="366" type="PPrel">
        <subtype name="activation" value="--&gt;"/>
    </relation>
    <relation entry1="366" entry2="362" type="PPrel">
        <subtype name="activation" value="--&gt;"/>
    </relation>
    <relation entry1="362" entry2="373" type="PPrel">
        <subtype name="activation" value="--&gt;"/>
    </relation>
    <relation entry1="363" entry2="370" type="PPrel">
        <subtype name="activation" value="--&gt;"/>
    </relation>
    <relation entry1="370" entry2="637" type="PPrel">
        <subtype name="activation" value="--&gt;"/>
    </relation>
    <relation entry1="637" entry2="938" type="PPrel">
        <subtype name="activation" value="--&gt;"/>
    </relation>
    <relation entry1="362" entry2="596" type="PPrel">
        <subtype name="activation" value="--&gt;"/>
    </relation>
    <relation entry1="935" entry2="594" type="PCrel">
        <subtype name="activation" value="--&gt;"/>
    </relation>
    <relation entry1="594" entry2="602" type="PPrel">
        <subtype name="activation" value="--&gt;"/>
    </relation>
    <relation entry1="594" entry2="596" type="PPrel">
        <subtype name="activation" value="--&gt;"/>
    </relation>
    <relation entry1="596" entry2="595" type="PPrel">
        <subtype name="activation" value="--&gt;"/>
    </relation>
    <relation entry1="414" entry2="595" type="PPrel">
        <subtype name="activation" value="--&gt;"/>
    </relation>
    <relation entry1="371" entry2="595" type="PPrel">
        <subtype name="activation" value="--&gt;"/>
    </relation>
    <relation entry1="370" entry2="368" type="PCrel">
        <subtype name="activation" value="--&gt;"/>
    </relation>
    <relation entry1="368" entry2="369" type="PCrel">
        <subtype name="activation" value="--&gt;"/>
    </relation>
    <relation entry1="368" entry2="365" type="PCrel">
        <subtype name="activation" value="--&gt;"/>
    </relation>
    <relation entry1="935" entry2="617" type="PCrel">
        <subtype name="activation" value="--&gt;"/>
    </relation>
    <relation entry1="573" entry2="571" type="PPrel">
        <subtype name="activation" value="--&gt;"/>
    </relation>
    <relation entry1="569" entry2="617" type="PPrel">
        <subtype name="activation" value="--&gt;"/>
    </relation>
    <relation entry1="935" entry2="574" type="PCrel">
        <subtype name="activation" value="--&gt;"/>
    </relation>
    <relation entry1="574" entry2="569" type="PPrel">
        <subtype name="activation" value="--&gt;"/>
    </relation>
    <relation entry1="935" entry2="567" type="PCrel">
        <subtype name="activation" value="--&gt;"/>
    </relation>
    <relation entry1="567" entry2="565" type="PPrel">
        <subtype name="activation" value="--&gt;"/>
    </relation>
    <relation entry1="935" entry2="649" type="PCrel">
        <subtype name="activation" value="--&gt;"/>
    </relation>
    <relation entry1="602" entry2="414" type="PPrel">
        <subtype name="activation" value="--&gt;"/>
        <subtype name="phosphorylation" value="+p"/>
    </relation>
    <relation entry1="373" entry2="372" type="PPrel">
        <subtype name="activation" value="--&gt;"/>
        <subtype name="phosphorylation" value="+p"/>
    </relation>
    <relation entry1="372" entry2="371" type="PPrel">
        <subtype name="activation" value="--&gt;"/>
        <subtype name="phosphorylation" value="+p"/>
    </relation>
    <relation entry1="365" entry2="369" type="PPrel">
        <subtype name="activation" value="--&gt;"/>
        <subtype name="phosphorylation" value="+p"/>
    </relation>
    <relation entry1="617" entry2="614" type="PPrel">
        <subtype name="activation" value="--&gt;"/>
        <subtype name="phosphorylation" value="+p"/>
    </relation>
    <relation entry1="570" entry2="569" type="PPrel">
        <subtype name="activation" value="--&gt;"/>
        <subtype name="phosphorylation" value="+p"/>
    </relation>
    <relation entry1="573" entry2="570" type="PPrel">
        <subtype name="activation" value="--&gt;"/>
        <subtype name="phosphorylation" value="+p"/>
    </relation>
    <relation entry1="571" entry2="569" type="PPrel">
        <subtype name="activation" value="--&gt;"/>
        <subtype name="phosphorylation" value="+p"/>
    </relation>
    <relation entry1="797" entry2="801" type="PCrel">
        <subtype name="activation" value="--&gt;"/>
    </relation>
    <relation entry1="680" entry2="800" type="PCrel">
        <subtype name="activation" value="--&gt;"/>
    </relation>
    <relation entry1="801" entry2="819" type="GErel">
        <subtype name="expression" value="--&gt;"/>
    </relation>
    <relation entry1="801" entry2="820" type="GErel">
        <subtype name="expression" value="--&gt;"/>
    </relation>
    <relation entry1="800" entry2="704" type="GErel">
        <subtype name="expression" value="--&gt;"/>
    </relation>
    <relation entry1="800" entry2="705" type="GErel">
        <subtype name="expression" value="--&gt;"/>
    </relation>
    <relation entry1="939" entry2="658" type="GErel">
        <subtype name="expression" value="--&gt;"/>
    </relation>
    <relation entry1="607" entry2="662" type="GErel">
        <subtype name="expression" value="--&gt;"/>
    </relation>
    <relation entry1="607" entry2="921" type="GErel">
        <subtype name="expression" value="--&gt;"/>
    </relation>
    <relation entry1="607" entry2="663" type="GErel">
        <subtype name="expression" value="--&gt;"/>
    </relation>
    <relation entry1="397" entry2="370" type="PPrel">
        <subtype name="activation" value="--&gt;"/>
    </relation>
    <relation entry1="397" entry2="367" type="PPrel">
        <subtype name="activation" value="--&gt;"/>
    </relation>
    <relation entry1="424" entry2="937" type="GErel">
        <subtype name="expression" value="--&gt;"/>
        <subtype name="indirect effect" value="..&gt;"/>
    </relation>
    <relation entry1="678" entry2="938" type="GErel">
        <subtype name="expression" value="--&gt;"/>
        <subtype name="indirect effect" value="..&gt;"/>
    </relation>
    <relation entry1="792" entry2="938" type="GErel">
        <subtype name="expression" value="--&gt;"/>
        <subtype name="indirect effect" value="..&gt;"/>
    </relation>
    <relation entry1="673" entry2="560" type="GErel">
        <subtype name="repression" value="--|"/>
        <subtype name="indirect effect" value="..&gt;"/>
    </relation>
    <relation entry1="886" entry2="893" type="ECrel">
        <subtype name="compound" value="751"/>
    </relation>
    <relation entry1="893" entry2="757" type="ECrel">
        <subtype name="compound" value="203"/>
    </relation>
    <relation entry1="560" entry2="779" type="ECrel">
        <subtype name="compound" value="561"/>
    </relation>
    <relation entry1="819" entry2="799" type="ECrel">
        <subtype name="compound" value="798"/>
    </relation>
    <relation entry1="820" entry2="799" type="ECrel">
        <subtype name="compound" value="798"/>
    </relation>
    <relation entry1="799" entry2="443" type="ECrel">
        <subtype name="compound" value="785"/>
    </relation>
    <relation entry1="704" entry2="823" type="ECrel">
        <subtype name="compound" value="684"/>
    </relation>
    <relation entry1="705" entry2="824" type="ECrel">
        <subtype name="compound" value="685"/>
    </relation>
</pathway>
