<?xml version="1.0"?>
<!DOCTYPE pathway SYSTEM "https://www.kegg.jp/kegg/xml/KGML_v0.7.2_.dtd">
<!-- Creation date: Aug 29, 2019 13:36:05 +0900 (GMT+9) -->
<pathway name="path:mmu04072" org="mmu" number="04072"
         title="Phospholipase D signaling pathway"
         image="https://www.kegg.jp/kegg/pathway/mmu/mmu04072.png"
         link="https://www.kegg.jp/kegg-bin/show_pathway?mmu04072">
    <entry id="4" name="path:mmu04010" type="map"
        link="https://www.kegg.jp/dbget-bin/www_bget?mmu04010">
        <graphics name="MAPK signaling pathway" fgcolor="#000000" bgcolor="#FFFFFF"
             type="roundrectangle" x="1104" y="469" width="110" height="34"/>
    </entry>
    <entry id="5" name="path:mmu04072" type="map"
        link="https://www.kegg.jp/dbget-bin/www_bget?mmu04072">
        <graphics name="TITLE:Phospholipase D signaling pathway" fgcolor="#000000" bgcolor="#FFFFFF"
             type="roundrectangle" x="205" y="58" width="329" height="25"/>
    </entry>
    <entry id="6" name="mmu:26413 mmu:26417" type="gene"
        link="https://www.kegg.jp/dbget-bin/www_bget?mmu:26413+mmu:26417">
        <graphics name="Mapk1, 9030612K14Rik, ERK, Erk2, MAPK2, PRKM2, Prkm1, p41mapk, p42mapk..." fgcolor="#000000" bgcolor="#BFFFBF"
             type="rectangle" x="1143" y="440" width="46" height="17"/>
    </entry>
    <entry id="7" name="mmu:26395 mmu:26396" type="gene"
        link="https://www.kegg.jp/dbget-bin/www_bget?mmu:26395+mmu:26396">
        <graphics name="Map2k1, MAPKK1, MEKK1, Mek1, Prkmk1..." fgcolor="#000000" bgcolor="#BFFFBF"
             type="rectangle" x="1063" y="440" width="46" height="17"/>
    </entry>
    <entry id="8" name="mmu:110157" type="gene"
        link="https://www.kegg.jp/dbget-bin/www_bget?mmu:110157">
        <graphics name="Raf1, 6430402F14Rik, Craf1, D830050J10Rik, Raf-1, c-Raf, cRaf, v-Raf" fgcolor="#000000" bgcolor="#BFFFBF"
             type="rectangle" x="980" y="440" width="46" height="17"/>
    </entry>
    <entry id="9" name="mmu:15461 mmu:16653 mmu:17532 mmu:18176 mmu:20130 mmu:66922" type="gene"
        link="https://www.kegg.jp/dbget-bin/www_bget?mmu:15461+mmu:16653+mmu:17532+mmu:18176+mmu:20130+mmu:66922">
        <graphics name="Hras, H-ras, Ha-ras, Harvey-ras, Hras-1, Hras1, Kras2, c-H-ras, c-Ha-ras, c-rasHa, ras..." fgcolor="#000000" bgcolor="#BFFFBF"
             type="rectangle" x="516" y="174" width="46" height="17"/>
    </entry>
    <entry id="12" name="path:mmu04151" type="map"
        link="https://www.kegg.jp/dbget-bin/www_bget?mmu04151">
        <graphics name="PI3K-Akt signaling pathway" fgcolor="#000000" bgcolor="#FFFFFF"
             type="roundrectangle" x="500" y="233" width="110" height="34"/>
    </entry>
    <entry id="14" name="mmu:14784" type="gene"
        link="https://www.kegg.jp/dbget-bin/www_bget?mmu:14784">
        <graphics name="Grb2, Ash" fgcolor="#000000" bgcolor="#BFFFBF"
             type="rectangle" x="290" y="162" width="46" height="17"/>
    </entry>
    <entry id="15" name="mmu:20662 mmu:20663" type="gene"
        link="https://www.kegg.jp/dbget-bin/www_bget?mmu:20662+mmu:20663">
        <graphics name="Sos1, 4430401P03Rik, 9630010N06..." fgcolor="#000000" bgcolor="#BFFFBF"
             type="rectangle" x="428" y="174" width="46" height="17"/>
    </entry>
    <entry id="17" name="cpd:C05981" type="compound"
        link="https://www.kegg.jp/dbget-bin/www_bget?C05981">
        <graphics name="C05981" fgcolor="#000000" bgcolor="#FFFFFF"
             type="circle" x="507" y="262" width="8" height="8"/>
    </entry>
    <entry id="18" name="mmu:11651 mmu:11652 mmu:23797" type="gene"
        link="https://www.kegg.jp/dbget-bin/www_bget?mmu:11651+mmu:11652+mmu:23797">
        <graphics name="Akt1, Akt, LTR-akt, PKB, PKB/Akt, PKBalpha, Rac..." fgcolor="#000000" bgcolor="#BFFFBF"
             type="rectangle" x="605" y="263" width="46" height="17"/>
    </entry>
    <entry id="19" name="mmu:18706 mmu:18707 mmu:18708 mmu:18709 mmu:18710 mmu:74769" type="gene"
        link="https://www.kegg.jp/dbget-bin/www_bget?mmu:18706+mmu:18707+mmu:18708+mmu:18709+mmu:18710+mmu:74769">
        <graphics name="Pik3ca, 6330412C24Rik, caPI3K, p110, p110alpha..." fgcolor="#000000" bgcolor="#BFFFBF"
             type="rectangle" x="394" y="263" width="46" height="17"/>
    </entry>
    <entry id="22" name="mmu:20416 mmu:20418 mmu:216148 mmu:271849" type="gene"
        link="https://www.kegg.jp/dbget-bin/www_bget?mmu:20416+mmu:20418+mmu:216148+mmu:271849">
        <graphics name="Shc1, Shc, ShcA, p66, p66shc..." fgcolor="#000000" bgcolor="#BFFFBF"
             type="rectangle" x="290" y="188" width="46" height="17"/>
    </entry>
    <entry id="23" name="mmu:17311" type="gene"
        link="https://www.kegg.jp/dbget-bin/www_bget?mmu:17311">
        <graphics name="Kitl, Clo, Con, Gb, Kitlg, Mgf, SCF, SF, SLF, Sl, blz, contrasted" fgcolor="#000000" bgcolor="#BFFFBF"
             type="rectangle" x="113" y="353" width="46" height="17"/>
    </entry>
    <entry id="24" name="mmu:13649 mmu:16337 mmu:16590 mmu:18595 mmu:18596" type="gene"
        link="https://www.kegg.jp/dbget-bin/www_bget?mmu:13649+mmu:16337+mmu:16590+mmu:18595+mmu:18596">
        <graphics name="Egfr, 9030024J15Rik, Erbb, Errb1, Errp, Wa5, wa-2, wa2..." fgcolor="#000000" bgcolor="#BFFFBF"
             type="rectangle" x="200" y="343" width="46" height="17"/>
    </entry>
    <entry id="25" name="mmu:14388 mmu:14389" type="gene"
        link="https://www.kegg.jp/dbget-bin/www_bget?mmu:14388+mmu:14389">
        <graphics name="Gab1..." fgcolor="#000000" bgcolor="#BFFFBF"
             type="rectangle" x="342" y="162" width="46" height="17"/>
    </entry>
    <entry id="26" name="mmu:19247" type="gene"
        link="https://www.kegg.jp/dbget-bin/www_bget?mmu:19247">
        <graphics name="Ptpn11, 2700084A17Rik, PTP1D, PTP2C, SAP-2, SH-PTP2, SH-PTP3, SHP-2, Shp2, Syp" fgcolor="#000000" bgcolor="#BFFFBF"
             type="rectangle" x="342" y="188" width="46" height="17"/>
    </entry>
    <entry id="27" name="mmu:19730" type="gene"
        link="https://www.kegg.jp/dbget-bin/www_bget?mmu:19730">
        <graphics name="Ralgds, Gnds, Rgds, mKIAA1308" fgcolor="#000000" bgcolor="#BFFFBF"
             type="rectangle" x="604" y="174" width="46" height="17"/>
    </entry>
    <entry id="28" name="mmu:56044 mmu:64143" type="gene"
        link="https://www.kegg.jp/dbget-bin/www_bget?mmu:56044+mmu:64143">
        <graphics name="Rala, 3010001O15Rik, Ral, Rasl1..." fgcolor="#000000" bgcolor="#BFFFBF"
             type="rectangle" x="690" y="174" width="46" height="17"/>
    </entry>
    <entry id="31" name="path:mmu04020" type="map"
        link="https://www.kegg.jp/dbget-bin/www_bget?mmu04020">
        <graphics name="Calcium signaling pathway" fgcolor="#000000" bgcolor="#FFFFFF"
             type="roundrectangle" x="525" y="377" width="110" height="34"/>
    </entry>
    <entry id="32" name="mmu:11848 mmu:67653" type="gene"
        link="https://www.kegg.jp/dbget-bin/www_bget?mmu:11848+mmu:67653">
        <graphics name="Rhoa, Arha, Arha1, Arha2..." fgcolor="#000000" bgcolor="#BFFFBF"
             type="rectangle" x="612" y="357" width="46" height="17"/>
    </entry>
    <entry id="33" name="path:mmu04144" type="map"
        link="https://www.kegg.jp/dbget-bin/www_bget?mmu04144">
        <graphics name="Endocytosis" fgcolor="#000000" bgcolor="#FFFFFF"
             type="roundrectangle" x="527" y="742" width="92" height="25"/>
    </entry>
    <entry id="34" name="path:mmu00561" type="map"
        link="https://www.kegg.jp/dbget-bin/www_bget?mmu00561">
        <graphics name="Glycerolipid metabolism" fgcolor="#000000" bgcolor="#FFFFFF"
             type="roundrectangle" x="965" y="646" width="110" height="34"/>
    </entry>
    <entry id="36" name="mmu:108068 mmu:108069 mmu:108071 mmu:108072 mmu:108073 mmu:11607 mmu:11608 mmu:12000 mmu:12765 mmu:14062 mmu:14745 mmu:14816 mmu:14823 mmu:19220 mmu:227288 mmu:26361 mmu:268934 mmu:381810 mmu:53978 mmu:54140 mmu:65086 mmu:67168 mmu:78134" type="gene"
        link="https://www.kegg.jp/dbget-bin/www_bget?mmu:108068+mmu:108069+mmu:108071+mmu:108072+mmu:108073+mmu:11607+mmu:11608+mmu:12000+mmu:12765+mmu:14062+mmu:14745+mmu:14816+mmu:14823+mmu:19220+mmu:227288+mmu:26361+mmu:268934+mmu:381810+mmu:53978+mmu:54140+mmu:65086+mmu:67168+mmu:78134">
        <graphics name="Grm2, 4930441L02Rik, Gprc1b, mGluR2, mGluR7..." fgcolor="#000000" bgcolor="#BFFFBF"
             type="rectangle" x="200" y="640" width="46" height="17"/>
    </entry>
    <entry id="37" name="mmu:18803 mmu:234779" type="gene"
        link="https://www.kegg.jp/dbget-bin/www_bget?mmu:18803+mmu:234779">
        <graphics name="Plcg1, Cded, Plc-1, Plc-gamma1, Plcg-1..." fgcolor="#000000" bgcolor="#BFFFBF"
             type="rectangle" x="392" y="345" width="46" height="17"/>
    </entry>
    <entry id="40" name="cpd:C00165" type="compound"
        link="https://www.kegg.jp/dbget-bin/www_bget?C00165">
        <graphics name="C00165" fgcolor="#000000" bgcolor="#FFFFFF"
             type="circle" x="482" y="438" width="8" height="8"/>
    </entry>
    <entry id="42" name="cpd:C01245" type="compound"
        link="https://www.kegg.jp/dbget-bin/www_bget?C01245">
        <graphics name="C01245" fgcolor="#000000" bgcolor="#FFFFFF"
             type="circle" x="478" y="315" width="8" height="8"/>
    </entry>
    <entry id="44" name="cpd:C00076" type="compound"
        link="https://www.kegg.jp/dbget-bin/www_bget?C00076">
        <graphics name="C00076" fgcolor="#000000" bgcolor="#FFFFFF"
             type="circle" x="525" y="315" width="8" height="8"/>
    </entry>
    <entry id="48" name="cpd:C00575" type="compound"
        link="https://www.kegg.jp/dbget-bin/www_bget?C00575">
        <graphics name="C00575" fgcolor="#000000" bgcolor="#FFFFFF"
             type="circle" x="527" y="637" width="8" height="8"/>
    </entry>
    <entry id="50" name="mmu:223864 mmu:56508" type="gene"
        link="https://www.kegg.jp/dbget-bin/www_bget?mmu:223864+mmu:56508">
        <graphics name="Rapgef3, 2310016P22Rik, 9330170P05Rik, Epac, Epac1..." fgcolor="#000000" bgcolor="#BFFFBF"
             type="rectangle" x="585" y="590" width="46" height="17"/>
    </entry>
    <entry id="51" name="mmu:18750" type="gene"
        link="https://www.kegg.jp/dbget-bin/www_bget?mmu:18750">
        <graphics name="Prkca, Pkca" fgcolor="#000000" bgcolor="#BFFFBF"
             type="rectangle" x="556" y="439" width="46" height="17"/>
    </entry>
    <entry id="53" name="mmu:18805 mmu:18806" type="gene"
        link="https://www.kegg.jp/dbget-bin/www_bget?mmu:18805+mmu:18806">
        <graphics name="Pld1, Pld1a, Pld1b, mPLD1..." fgcolor="#000000" bgcolor="#BFFFBF"
             type="rectangle" x="785" y="440" width="46" height="17"/>
    </entry>
    <entry id="54" name="mmu:18795 mmu:18796 mmu:18797 mmu:18798" type="gene"
        link="https://www.kegg.jp/dbget-bin/www_bget?mmu:18795+mmu:18796+mmu:18797+mmu:18798">
        <graphics name="Plcb1, 3110043I21Rik, Plcb, mKIAA0581..." fgcolor="#000000" bgcolor="#BFFFBF"
             type="rectangle" x="396" y="500" width="46" height="20"/>
    </entry>
    <entry id="57" name="mmu:22084 mmu:64930" type="gene"
        link="https://www.kegg.jp/dbget-bin/www_bget?mmu:22084+mmu:64930">
        <graphics name="Tsc2, Nafld, Tcs2..." fgcolor="#000000" bgcolor="#BFFFBF"
             type="rectangle" x="837" y="263" width="46" height="17"/>
    </entry>
    <entry id="58" name="mmu:19744" type="gene"
        link="https://www.kegg.jp/dbget-bin/www_bget?mmu:19744">
        <graphics name="Rheb, Rheb1" fgcolor="#000000" bgcolor="#BFFFBF"
             type="rectangle" x="929" y="263" width="46" height="17"/>
    </entry>
    <entry id="59" name="mmu:56717" type="gene"
        link="https://www.kegg.jp/dbget-bin/www_bget?mmu:56717">
        <graphics name="Mtor, 2610315D21Rik, FRAP, FRAP2, Frap1, RAFT1, RAPT1, flat" fgcolor="#000000" bgcolor="#BFFFBF"
             type="rectangle" x="1021" y="263" width="46" height="17"/>
    </entry>
    <entry id="70" name="mmu:11848 mmu:67653" type="gene"
        link="https://www.kegg.jp/dbget-bin/www_bget?mmu:11848+mmu:67653">
        <graphics name="Rhoa, Arha, Arha1, Arha2..." fgcolor="#000000" bgcolor="#BFFFBF"
             type="rectangle" x="576" y="479" width="46" height="17"/>
    </entry>
    <entry id="74" name="cpd:C00416" type="compound"
        link="https://www.kegg.jp/dbget-bin/www_bget?C00416">
        <graphics name="C00416" fgcolor="#000000" bgcolor="#FFFFFF"
             type="circle" x="916" y="436" width="8" height="8"/>
    </entry>
    <entry id="78" name="mmu:18717 mmu:18719 mmu:18720" type="gene"
        link="https://www.kegg.jp/dbget-bin/www_bget?mmu:18717+mmu:18719+mmu:18720">
        <graphics name="Pip5k1c, Pip5kIgamma..." fgcolor="#000000" bgcolor="#BFFFBF"
             type="rectangle" x="839" y="506" width="46" height="17"/>
    </entry>
    <entry id="79" name="cpd:C04637" type="compound"
        link="https://www.kegg.jp/dbget-bin/www_bget?C04637">
        <graphics name="C04637" fgcolor="#000000" bgcolor="#FFFFFF"
             type="circle" x="741" y="506" width="8" height="8"/>
    </entry>
    <entry id="82" name="mmu:14674" type="gene"
        link="https://www.kegg.jp/dbget-bin/www_bget?mmu:14674">
        <graphics name="Gna13, Galpha13" fgcolor="#000000" bgcolor="#BFFFBF"
             type="rectangle" x="386" y="606" width="46" height="17"/>
    </entry>
    <entry id="83" name="mmu:104709 mmu:30955 mmu:320207" type="gene"
        link="https://www.kegg.jp/dbget-bin/www_bget?mmu:104709+mmu:30955+mmu:320207">
        <graphics name="Pik3r6, p84, p84_PIKAP, p87(PIKAP), p87PIKAP..." fgcolor="#000000" bgcolor="#BFFFBF"
             type="rectangle" x="477" y="565" width="46" height="17"/>
    </entry>
    <entry id="84" name="mmu:19157 mmu:19158 mmu:19159 mmu:72318" type="gene"
        link="https://www.kegg.jp/dbget-bin/www_bget?mmu:19157+mmu:19158+mmu:19159+mmu:72318">
        <graphics name="Cyth1, CLM1, CTH-1, CYTIP, Pscd1..." fgcolor="#000000" bgcolor="#BFFFBF"
             type="rectangle" x="603" y="514" width="46" height="17"/>
    </entry>
    <entry id="85" name="mmu:11840 mmu:11841" type="gene"
        link="https://www.kegg.jp/dbget-bin/www_bget?mmu:11840+mmu:11841">
        <graphics name="Arf1..." fgcolor="#000000" bgcolor="#BFFFBF"
             type="rectangle" x="682" y="482" width="46" height="17"/>
    </entry>
    <entry id="86" name="mmu:14683" type="gene"
        link="https://www.kegg.jp/dbget-bin/www_bget?mmu:14683">
        <graphics name="Gnas, 5530400H20Rik, A930027G11Rik, C130027O20Rik, GPSA, GSP, Galphas, Gnas1, Gnasxl, Gs-alpha, Gsa, Nesp, Nesp55, Nespl, Oed-Sml, Oedsml, P1, P2, P3, PHP1A, PHP1B, POH, SCG6" fgcolor="#000000" bgcolor="#BFFFBF"
             type="rectangle" x="334" y="640" width="46" height="17"/>
    </entry>
    <entry id="87" name="mmu:104110 mmu:104111 mmu:11512 mmu:11513 mmu:11514 mmu:11515 mmu:210044 mmu:224129 mmu:432530" type="gene"
        link="https://www.kegg.jp/dbget-bin/www_bget?mmu:104110+mmu:104111+mmu:11512+mmu:11513+mmu:11514+mmu:11515+mmu:210044+mmu:224129+mmu:432530">
        <graphics name="Adcy4, mKIAA4004..." fgcolor="#000000" bgcolor="#BFFFBF"
             type="rectangle" x="455" y="640" width="46" height="17"/>
    </entry>
    <entry id="91" name="mmu:20130 mmu:66922" type="gene"
        link="https://www.kegg.jp/dbget-bin/www_bget?mmu:20130+mmu:66922">
        <graphics name="Rras, Rras1..." fgcolor="#000000" bgcolor="#BFFFBF"
             type="rectangle" x="643" y="550" width="46" height="17"/>
    </entry>
    <entry id="98" name="mmu:19229" type="gene"
        link="https://www.kegg.jp/dbget-bin/www_bget?mmu:19229">
        <graphics name="Ptk2b, CADTK, CAKB, CAKbeta, E430023O05Rik, FADK2, FAK2, PYK2, Raftk" fgcolor="#000000" bgcolor="#BFFFBF"
             type="rectangle" x="461" y="514" width="46" height="17"/>
    </entry>
    <entry id="99" name="mmu:14673" type="gene"
        link="https://www.kegg.jp/dbget-bin/www_bget?mmu:14673">
        <graphics name="Gna12, Galpha12" fgcolor="#000000" bgcolor="#BFFFBF"
             type="rectangle" x="368" y="553" width="46" height="17"/>
    </entry>
    <entry id="104" name="mmu:18783 mmu:211429 mmu:232889 mmu:271844 mmu:329502 mmu:78390" type="gene"
        link="https://www.kegg.jp/dbget-bin/www_bget?mmu:18783+mmu:211429+mmu:232889+mmu:271844+mmu:329502+mmu:78390">
        <graphics name="Pla2g4a, Pla2g4, cPLA2, cPLA2-alpha, cPLA2alpha..." fgcolor="#000000" bgcolor="#BFFFBF"
             type="rectangle" x="863" y="385" width="46" height="17"/>
    </entry>
    <entry id="105" name="mmu:19012 mmu:50784 mmu:67916" type="gene"
        link="https://www.kegg.jp/dbget-bin/www_bget?mmu:19012+mmu:50784+mmu:67916">
        <graphics name="Plpp1, Hic53, Hpic53, LPP-1, LPP1, PAP-2a, PAP2-alpha, PAP2a, Ppap2a, mPAP..." fgcolor="#000000" bgcolor="#BFFFBF"
             type="rectangle" x="979" y="537" width="46" height="17"/>
    </entry>
    <entry id="106" name="mmu:104418 mmu:110197 mmu:110524 mmu:13139 mmu:217480 mmu:227333 mmu:320127 mmu:331374 mmu:380921 mmu:56077" type="gene"
        link="https://www.kegg.jp/dbget-bin/www_bget?mmu:104418+mmu:110197+mmu:110524+mmu:13139+mmu:217480+mmu:227333+mmu:320127+mmu:331374+mmu:380921+mmu:56077">
        <graphics name="Dgkz, E130307B02Rik, F730209L11Rik, mDGK[z]..." fgcolor="#000000" bgcolor="#BFFFBF"
             type="rectangle" x="905" y="537" width="46" height="17"/>
    </entry>
    <entry id="107" name="cpd:C00681" type="compound"
        link="https://www.kegg.jp/dbget-bin/www_bget?C00681">
        <graphics name="C00681" fgcolor="#000000" bgcolor="#FFFFFF"
             type="circle" x="879" y="324" width="8" height="8"/>
    </entry>
    <entry id="108" name="cpd:C00165" type="compound"
        link="https://www.kegg.jp/dbget-bin/www_bget?C00165">
        <graphics name="C00165" fgcolor="#000000" bgcolor="#FFFFFF"
             type="circle" x="959" y="608" width="8" height="8"/>
    </entry>
    <entry id="109" name="cpd:C05981" type="compound"
        link="https://www.kegg.jp/dbget-bin/www_bget?C05981">
        <graphics name="C05981" fgcolor="#000000" bgcolor="#FFFFFF"
             type="circle" x="537" y="539" width="8" height="8"/>
    </entry>
    <entry id="113" name="mmu:20698 mmu:56632" type="gene"
        link="https://www.kegg.jp/dbget-bin/www_bget?mmu:20698+mmu:56632">
        <graphics name="Sphk1, 1110006G24Rik, Sk1, Spk1..." fgcolor="#000000" bgcolor="#BFFFBF"
             type="rectangle" x="1025" y="378" width="46" height="17"/>
    </entry>
    <entry id="116" name="cpd:C06124" type="compound"
        link="https://www.kegg.jp/dbget-bin/www_bget?C06124">
        <graphics name="C06124" fgcolor="#000000" bgcolor="#FFFFFF"
             type="circle" x="1097" y="378" width="8" height="8"/>
    </entry>
    <entry id="117" name="path:mmu04071" type="map"
        link="https://www.kegg.jp/dbget-bin/www_bget?mmu04071">
        <graphics name="Sphingolipid signaling pathway" fgcolor="#000000" bgcolor="#FFFFFF"
             type="roundrectangle" x="1096" y="347" width="110" height="34"/>
    </entry>
    <entry id="119" name="path:mmu04014" type="map"
        link="https://www.kegg.jp/dbget-bin/www_bget?mmu04014">
        <graphics name="Ras signaling pathway" fgcolor="#000000" bgcolor="#FFFFFF"
             type="roundrectangle" x="470" y="139" width="110" height="34"/>
    </entry>
    <entry id="121" name="path:mmu04150" type="map"
        link="https://www.kegg.jp/dbget-bin/www_bget?mmu04150">
        <graphics name="mTOR signaling pathway" fgcolor="#000000" bgcolor="#FFFFFF"
             type="roundrectangle" x="972" y="222" width="110" height="34"/>
    </entry>
    <entry id="126" name="mmu:18590 mmu:18591 mmu:54635 mmu:71785" type="gene"
        link="https://www.kegg.jp/dbget-bin/www_bget?mmu:18590+mmu:18591+mmu:54635+mmu:71785">
        <graphics name="Pdgfa, PDGF-1..." fgcolor="#000000" bgcolor="#BFFFBF"
             type="rectangle" x="113" y="330" width="46" height="17"/>
    </entry>
    <entry id="127" name="mmu:16333 mmu:16334" type="gene"
        link="https://www.kegg.jp/dbget-bin/www_bget?mmu:16333+mmu:16334">
        <graphics name="Ins1, Ins-1, Ins2-rs1..." fgcolor="#000000" bgcolor="#BFFFBF"
             type="rectangle" x="113" y="377" width="46" height="17"/>
    </entry>
    <entry id="128" name="mmu:13645" type="gene"
        link="https://www.kegg.jp/dbget-bin/www_bget?mmu:13645">
        <graphics name="Egf" fgcolor="#000000" bgcolor="#BFFFBF"
             type="rectangle" x="113" y="306" width="46" height="17"/>
    </entry>
    <entry id="129" name="cpd:C00416" type="compound"
        link="https://www.kegg.jp/dbget-bin/www_bget?C00416">
        <graphics name="C00416" fgcolor="#000000" bgcolor="#FFFFFF"
             type="circle" x="214" y="677" width="8" height="8"/>
    </entry>
    <entry id="130" name="mmu:103967 mmu:13429 mmu:13430" type="gene"
        link="https://www.kegg.jp/dbget-bin/www_bget?mmu:103967+mmu:13429+mmu:13430">
        <graphics name="Dnm3, 9630020E24Rik, B230343F03Rik, C530045C17, Dyna_III, mKIAA0820..." fgcolor="#000000" bgcolor="#BFFFBF"
             type="rectangle" x="200" y="723" width="46" height="17"/>
    </entry>
    <entry id="131" name="mmu:103967 mmu:13429 mmu:13430" type="gene"
        link="https://www.kegg.jp/dbget-bin/www_bget?mmu:103967+mmu:13429+mmu:13430">
        <graphics name="Dnm3, 9630020E24Rik, B230343F03Rik, C530045C17, Dyna_III, mKIAA0820..." fgcolor="#000000" bgcolor="#BFFFBF"
             type="rectangle" x="200" y="759" width="46" height="17"/>
    </entry>
    <entry id="132" name="cpd:C00025" type="compound"
        link="https://www.kegg.jp/dbget-bin/www_bget?C00025">
        <graphics name="C00025" fgcolor="#000000" bgcolor="#FFFFFF"
             type="circle" x="113" y="617" width="8" height="8"/>
    </entry>
    <entry id="133" name="cpd:C00681" type="compound"
        link="https://www.kegg.jp/dbget-bin/www_bget?C00681">
        <graphics name="C00681" fgcolor="#000000" bgcolor="#FFFFFF"
             type="circle" x="86" y="645" width="8" height="8"/>
    </entry>
    <entry id="134" name="cpd:C00639" type="compound"
        link="https://www.kegg.jp/dbget-bin/www_bget?C00639">
        <graphics name="C00639" fgcolor="#000000" bgcolor="#FFFFFF"
             type="circle" x="61" y="678" width="8" height="8"/>
    </entry>
    <entry id="135" name="ko:K10030" type="ortholog"
        link="https://www.kegg.jp/dbget-bin/www_bget?K10030">
        <graphics name="K10030" fgcolor="#000000" bgcolor="#FFFFFF"
             type="rectangle" x="118" y="683" width="46" height="17"/>
    </entry>
    <entry id="137" name="ko:K06856" type="ortholog"
        link="https://www.kegg.jp/dbget-bin/www_bget?K06856">
        <graphics name="K06856" fgcolor="#000000" bgcolor="#FFFFFF"
             type="rectangle" x="127" y="465" width="46" height="17"/>
    </entry>
    <entry id="138" name="mmu:14360" type="gene"
        link="https://www.kegg.jp/dbget-bin/www_bget?mmu:14360">
        <graphics name="Fyn" fgcolor="#000000" bgcolor="#BFFFBF"
             type="rectangle" x="266" y="422" width="46" height="17"/>
    </entry>
    <entry id="139" name="mmu:14389" type="gene"
        link="https://www.kegg.jp/dbget-bin/www_bget?mmu:14389">
        <graphics name="Gab2, D130058I17Rik, p97" fgcolor="#000000" bgcolor="#BFFFBF"
             type="rectangle" x="311" y="373" width="46" height="17"/>
    </entry>
    <entry id="140" name="mmu:14125 mmu:14126 mmu:14127" type="gene"
        link="https://www.kegg.jp/dbget-bin/www_bget?mmu:14125+mmu:14126+mmu:14127">
        <graphics name="Fcer1a, FcERI, Fce1a, Fcr-5, fcepsilonri..." fgcolor="#000000" bgcolor="#BFFFBF"
             type="rectangle" x="200" y="465" width="46" height="17"/>
    </entry>
    <entry id="141" name="mmu:20963" type="gene"
        link="https://www.kegg.jp/dbget-bin/www_bget?mmu:20963">
        <graphics name="Syk, Sykb" fgcolor="#000000" bgcolor="#BFFFBF"
             type="rectangle" x="326" y="422" width="46" height="17"/>
    </entry>
    <entry id="146" name="path:mmu04664" type="map"
        link="https://www.kegg.jp/dbget-bin/www_bget?mmu04664">
        <graphics name="Fc epsilon RI signaling pathway" fgcolor="#000000" bgcolor="#FFFFFF"
             type="roundrectangle" x="304" y="477" width="110" height="34"/>
    </entry>
    <entry id="149" name="cpd:C00076" type="compound"
        link="https://www.kegg.jp/dbget-bin/www_bget?C00076">
        <graphics name="C00076" fgcolor="#000000" bgcolor="#FFFFFF"
             type="circle" x="1160" y="378" width="8" height="8"/>
    </entry>
    <entry id="151" name="mmu:11998" type="gene"
        link="https://www.kegg.jp/dbget-bin/www_bget?mmu:11998">
        <graphics name="Avp, Vp, Vsp" fgcolor="#000000" bgcolor="#BFFFBF"
             type="rectangle" x="58" y="623" width="46" height="17"/>
    </entry>
    <entry id="152" name="mmu:11840 mmu:11841 mmu:11845" type="gene"
        link="https://www.kegg.jp/dbget-bin/www_bget?mmu:11840+mmu:11841+mmu:11845">
        <graphics name="Arf1..." fgcolor="#000000" bgcolor="#BFFFBF"
             type="rectangle" x="670" y="344" width="46" height="17"/>
    </entry>
    <entry id="155" name="path:mmu04024" type="map"
        link="https://www.kegg.jp/dbget-bin/www_bget?mmu04024">
        <graphics name="cAMP signaling pathway" fgcolor="#000000" bgcolor="#FFFFFF"
             type="roundrectangle" x="641" y="630" width="110" height="34"/>
    </entry>
    <entry id="157" name="mmu:28169 mmu:52123 mmu:55979 mmu:67512 mmu:68262" type="gene"
        link="https://www.kegg.jp/dbget-bin/www_bget?mmu:28169+mmu:52123+mmu:55979+mmu:67512+mmu:68262">
        <graphics name="Agpat3, D10Jhu12e, lpaat3..." fgcolor="#000000" bgcolor="#BFFFBF"
             type="rectangle" x="928" y="363" width="46" height="17"/>
    </entry>
    <entry id="159" name="mmu:14061" type="gene"
        link="https://www.kegg.jp/dbget-bin/www_bget?mmu:14061">
        <graphics name="F2, Cf-2, Cf2, FII" fgcolor="#000000" bgcolor="#BFFFBF"
             type="rectangle" x="58" y="593" width="46" height="17"/>
    </entry>
    <entry id="160" name="mmu:11606" type="gene"
        link="https://www.kegg.jp/dbget-bin/www_bget?mmu:11606">
        <graphics name="Agt, AngI, AngII, Aogen, Serpina8" fgcolor="#000000" bgcolor="#BFFFBF"
             type="rectangle" x="118" y="593" width="46" height="17"/>
    </entry>
    <relation entry1="128" entry2="24" type="PPrel">
        <subtype name="activation" value="--&gt;"/>
    </relation>
    <relation entry1="126" entry2="24" type="PPrel">
        <subtype name="activation" value="--&gt;"/>
    </relation>
    <relation entry1="23" entry2="24" type="PPrel">
        <subtype name="activation" value="--&gt;"/>
    </relation>
    <relation entry1="127" entry2="24" type="PPrel">
        <subtype name="activation" value="--&gt;"/>
    </relation>
    <relation entry1="24" entry2="14" type="PPrel">
        <subtype name="activation" value="--&gt;"/>
    </relation>
    <relation entry1="24" entry2="22" type="PPrel">
        <subtype name="activation" value="--&gt;"/>
    </relation>
    <relation entry1="24" entry2="25" type="PPrel">
        <subtype name="activation" value="--&gt;"/>
    </relation>
    <relation entry1="24" entry2="26" type="PPrel">
        <subtype name="activation" value="--&gt;"/>
    </relation>
    <relation entry1="14" entry2="15" type="PPrel">
        <subtype name="activation" value="--&gt;"/>
    </relation>
    <relation entry1="25" entry2="15" type="PPrel">
        <subtype name="activation" value="--&gt;"/>
    </relation>
    <relation entry1="22" entry2="15" type="PPrel">
        <subtype name="activation" value="--&gt;"/>
    </relation>
    <relation entry1="26" entry2="15" type="PPrel">
        <subtype name="activation" value="--&gt;"/>
    </relation>
    <relation entry1="15" entry2="9" type="PPrel">
        <subtype name="activation" value="--&gt;"/>
    </relation>
    <relation entry1="9" entry2="27" type="PPrel">
        <subtype name="activation" value="--&gt;"/>
    </relation>
    <relation entry1="27" entry2="28" type="PPrel">
        <subtype name="activation" value="--&gt;"/>
    </relation>
    <relation entry1="28" entry2="53" type="PPrel">
        <subtype name="activation" value="--&gt;"/>
    </relation>
    <relation entry1="24" entry2="19" type="PPrel">
        <subtype name="activation" value="--&gt;"/>
    </relation>
    <relation entry1="19" entry2="17" type="PCrel">
        <subtype name="activation" value="--&gt;"/>
    </relation>
    <relation entry1="17" entry2="18" type="PCrel">
        <subtype name="activation" value="--&gt;"/>
    </relation>
    <relation entry1="58" entry2="59" type="PPrel">
        <subtype name="activation" value="--&gt;"/>
    </relation>
    <relation entry1="18" entry2="57" type="PPrel">
        <subtype name="inhibition" value="--|"/>
        <subtype name="phosphorylation" value="+p"/>
    </relation>
    <relation entry1="57" entry2="58" type="PPrel">
        <subtype name="inhibition" value="--|"/>
    </relation>
    <relation entry1="17" entry2="152" type="PCrel">
        <subtype name="activation" value="--&gt;"/>
    </relation>
    <relation entry1="152" entry2="53" type="PPrel">
        <subtype name="activation" value="--&gt;"/>
    </relation>
    <relation entry1="17" entry2="32" type="PCrel">
        <subtype name="activation" value="--&gt;"/>
    </relation>
    <relation entry1="32" entry2="53" type="PPrel">
        <subtype name="activation" value="--&gt;"/>
    </relation>
    <relation entry1="53" entry2="74" type="PCrel">
        <subtype name="activation" value="--&gt;"/>
    </relation>
    <relation entry1="74" entry2="59" type="PCrel">
        <subtype name="activation" value="--&gt;"/>
    </relation>
    <relation entry1="74" entry2="113" type="PCrel">
        <subtype name="activation" value="--&gt;"/>
    </relation>
    <relation entry1="74" entry2="8" type="PCrel">
        <subtype name="activation" value="--&gt;"/>
    </relation>
    <relation entry1="8" entry2="7" type="PPrel">
        <subtype name="activation" value="--&gt;"/>
        <subtype name="phosphorylation" value="+p"/>
    </relation>
    <relation entry1="7" entry2="6" type="PPrel">
        <subtype name="activation" value="--&gt;"/>
        <subtype name="phosphorylation" value="+p"/>
    </relation>
    <relation entry1="74" entry2="78" type="PCrel">
        <subtype name="activation" value="--&gt;"/>
    </relation>
    <relation entry1="78" entry2="79" type="PCrel">
        <subtype name="activation" value="--&gt;"/>
    </relation>
    <relation entry1="79" entry2="53" type="PCrel">
        <subtype name="activation" value="--&gt;"/>
    </relation>
    <relation entry1="140" entry2="138" type="PPrel">
        <subtype name="activation" value="--&gt;"/>
    </relation>
    <relation entry1="140" entry2="141" type="PPrel">
        <subtype name="activation" value="--&gt;"/>
    </relation>
    <relation entry1="138" entry2="139" type="PPrel">
        <subtype name="activation" value="--&gt;"/>
        <subtype name="phosphorylation" value="+p"/>
    </relation>
    <relation entry1="141" entry2="139" type="PPrel">
        <subtype name="activation" value="--&gt;"/>
        <subtype name="phosphorylation" value="+p"/>
    </relation>
    <relation entry1="37" entry2="42" type="PCrel">
        <subtype name="activation" value="--&gt;"/>
    </relation>
    <relation entry1="37" entry2="40" type="PCrel">
        <subtype name="activation" value="--&gt;"/>
    </relation>
    <relation entry1="40" entry2="51" type="PCrel">
        <subtype name="activation" value="--&gt;"/>
    </relation>
    <relation entry1="51" entry2="53" type="PPrel">
        <subtype name="activation" value="--&gt;"/>
    </relation>
    <relation entry1="151" entry2="36" type="PPrel">
        <subtype name="activation" value="--&gt;"/>
    </relation>
    <relation entry1="132" entry2="36" type="PCrel">
        <subtype name="activation" value="--&gt;"/>
    </relation>
    <relation entry1="133" entry2="36" type="PCrel">
        <subtype name="activation" value="--&gt;"/>
    </relation>
    <relation entry1="134" entry2="36" type="PCrel">
        <subtype name="activation" value="--&gt;"/>
    </relation>
    <relation entry1="36" entry2="54" type="PPrel">
        <subtype name="activation" value="--&gt;"/>
        <subtype name="indirect effect" value="..&gt;"/>
    </relation>
    <relation entry1="54" entry2="40" type="PCrel">
        <subtype name="activation" value="--&gt;"/>
    </relation>
    <relation entry1="36" entry2="99" type="PPrel">
        <subtype name="activation" value="--&gt;"/>
    </relation>
    <relation entry1="99" entry2="98" type="PPrel">
        <subtype name="activation" value="--&gt;"/>
    </relation>
    <relation entry1="98" entry2="70" type="PPrel">
        <subtype name="activation" value="--&gt;"/>
    </relation>
    <relation entry1="70" entry2="53" type="PPrel">
        <subtype name="activation" value="--&gt;"/>
    </relation>
    <relation entry1="36" entry2="82" type="PPrel">
        <subtype name="activation" value="--&gt;"/>
    </relation>
    <relation entry1="82" entry2="83" type="PPrel">
        <subtype name="activation" value="--&gt;"/>
    </relation>
    <relation entry1="83" entry2="109" type="PCrel">
        <subtype name="activation" value="--&gt;"/>
    </relation>
    <relation entry1="109" entry2="84" type="PCrel">
        <subtype name="activation" value="--&gt;"/>
    </relation>
    <relation entry1="84" entry2="85" type="PPrel">
        <subtype name="activation" value="--&gt;"/>
    </relation>
    <relation entry1="85" entry2="53" type="PPrel">
        <subtype name="activation" value="--&gt;"/>
    </relation>
    <relation entry1="36" entry2="86" type="PPrel">
        <subtype name="activation" value="--&gt;"/>
    </relation>
    <relation entry1="86" entry2="87" type="PPrel">
        <subtype name="activation" value="--&gt;"/>
    </relation>
    <relation entry1="87" entry2="48" type="PCrel">
        <subtype name="activation" value="--&gt;"/>
    </relation>
    <relation entry1="48" entry2="50" type="PCrel">
        <subtype name="activation" value="--&gt;"/>
    </relation>
    <relation entry1="50" entry2="91" type="PPrel">
        <subtype name="activation" value="--&gt;"/>
    </relation>
    <relation entry1="91" entry2="53" type="PPrel">
        <subtype name="activation" value="--&gt;"/>
    </relation>
    <relation entry1="139" entry2="19" type="PPrel">
        <subtype name="activation" value="--&gt;"/>
    </relation>
    <relation entry1="113" entry2="116" type="PCrel">
        <subtype name="activation" value="--&gt;"/>
    </relation>
    <relation entry1="159" entry2="36" type="PPrel">
        <subtype name="activation" value="--&gt;"/>
    </relation>
    <relation entry1="160" entry2="36" type="PPrel">
        <subtype name="activation" value="--&gt;"/>
    </relation>
</pathway>
